--
-- PostgreSQL database dump
--

SET statement_timeout = 0;
SET client_encoding = 'UTF8';
SET standard_conforming_strings = on;
SET check_function_bodies = false;
SET client_min_messages = warning;

--
-- Name: plpgsql; Type: EXTENSION; Schema: -; Owner: -
--

CREATE EXTENSION IF NOT EXISTS plpgsql WITH SCHEMA pg_catalog;


--
-- Name: EXTENSION plpgsql; Type: COMMENT; Schema: -; Owner: -
--

COMMENT ON EXTENSION plpgsql IS 'PL/pgSQL procedural language';


SET search_path = public, pg_catalog;

SET default_tablespace = '';

SET default_with_oids = false;

--
-- Name: alternativa; Type: TABLE; Schema: public; Owner: -; Tablespace: 
--

CREATE TABLE alternativa (
    id bigint NOT NULL,
    descricao character varying(255)
);


--
-- Name: alternativa_id_seq; Type: SEQUENCE; Schema: public; Owner: -
--

CREATE SEQUENCE alternativa_id_seq
    START WITH 1
    INCREMENT BY 1
    NO MINVALUE
    NO MAXVALUE
    CACHE 1;


--
-- Name: alternativa_id_seq; Type: SEQUENCE OWNED BY; Schema: public; Owner: -
--

ALTER SEQUENCE alternativa_id_seq OWNED BY alternativa.id;


--
-- Name: alternativa_id_seq; Type: SEQUENCE SET; Schema: public; Owner: -
--

SELECT pg_catalog.setval('alternativa_id_seq', 4, true);


--
-- Name: aluno; Type: TABLE; Schema: public; Owner: -; Tablespace: 
--

CREATE TABLE aluno (
    matricula character varying(255),
    id bigint NOT NULL
);


--
-- Name: aluno_questionario; Type: TABLE; Schema: public; Owner: -; Tablespace: 
--

CREATE TABLE aluno_questionario (
    aluno_id bigint NOT NULL,
    questionarios_id bigint NOT NULL
);


--
-- Name: aluno_turma; Type: TABLE; Schema: public; Owner: -; Tablespace: 
--

CREATE TABLE aluno_turma (
    aluno_id bigint NOT NULL,
    turmas_id integer NOT NULL
);


--
-- Name: disciplina; Type: TABLE; Schema: public; Owner: -; Tablespace: 
--

CREATE TABLE disciplina (
    codigo character varying(255) NOT NULL,
    nomedisciplina character varying(255)
);


--
-- Name: hibernate_sequence; Type: SEQUENCE; Schema: public; Owner: -
--

CREATE SEQUENCE hibernate_sequence
    START WITH 1
    INCREMENT BY 1
    NO MINVALUE
    NO MAXVALUE
    CACHE 1;


--
-- Name: hibernate_sequence; Type: SEQUENCE SET; Schema: public; Owner: -
--

SELECT pg_catalog.setval('hibernate_sequence', 792, true);


--
-- Name: professor; Type: TABLE; Schema: public; Owner: -; Tablespace: 
--

CREATE TABLE professor (
    matricula character varying(255),
    id bigint NOT NULL
);


--
-- Name: questao; Type: TABLE; Schema: public; Owner: -; Tablespace: 
--

CREATE TABLE questao (
    id bigint NOT NULL,
    descricao character varying(255)
);


--
-- Name: questao_alternativa; Type: TABLE; Schema: public; Owner: -; Tablespace: 
--

CREATE TABLE questao_alternativa (
    questao_id bigint NOT NULL,
    alternativas_id bigint NOT NULL
);


--
-- Name: questao_id_seq; Type: SEQUENCE; Schema: public; Owner: -
--

CREATE SEQUENCE questao_id_seq
    START WITH 1
    INCREMENT BY 1
    NO MINVALUE
    NO MAXVALUE
    CACHE 1;


--
-- Name: questao_id_seq; Type: SEQUENCE OWNED BY; Schema: public; Owner: -
--

ALTER SEQUENCE questao_id_seq OWNED BY questao.id;


--
-- Name: questao_id_seq; Type: SEQUENCE SET; Schema: public; Owner: -
--

SELECT pg_catalog.setval('questao_id_seq', 8, true);


--
-- Name: questionario; Type: TABLE; Schema: public; Owner: -; Tablespace: 
--

CREATE TABLE questionario (
    id bigint NOT NULL,
    aluno_id bigint,
    semestreletivo_id integer,
    turma_id integer
);


--
-- Name: questionario_resposta; Type: TABLE; Schema: public; Owner: -; Tablespace: 
--

CREATE TABLE questionario_resposta (
    questionario_id bigint NOT NULL,
    respostas_id bigint NOT NULL
);


--
-- Name: resposta; Type: TABLE; Schema: public; Owner: -; Tablespace: 
--

CREATE TABLE resposta (
    id bigint NOT NULL,
    numero bigint NOT NULL,
    alternativa_id bigint,
    questao_id bigint,
    semestreletivo_id integer,
    turma_id integer
);


--
-- Name: resposta_id_seq; Type: SEQUENCE; Schema: public; Owner: -
--

CREATE SEQUENCE resposta_id_seq
    START WITH 1
    INCREMENT BY 1
    NO MINVALUE
    NO MAXVALUE
    CACHE 1;


--
-- Name: resposta_id_seq; Type: SEQUENCE OWNED BY; Schema: public; Owner: -
--

ALTER SEQUENCE resposta_id_seq OWNED BY resposta.id;


--
-- Name: resposta_id_seq; Type: SEQUENCE SET; Schema: public; Owner: -
--

SELECT pg_catalog.setval('resposta_id_seq', 2440, true);


--
-- Name: semestre_letivo; Type: TABLE; Schema: public; Owner: -; Tablespace: 
--

CREATE TABLE semestre_letivo (
    id integer NOT NULL,
    ano integer NOT NULL,
    semestre integer NOT NULL
);


--
-- Name: semestre_letivo_id_seq; Type: SEQUENCE; Schema: public; Owner: -
--

CREATE SEQUENCE semestre_letivo_id_seq
    START WITH 1
    INCREMENT BY 1
    NO MINVALUE
    NO MAXVALUE
    CACHE 1;


--
-- Name: semestre_letivo_id_seq; Type: SEQUENCE OWNED BY; Schema: public; Owner: -
--

ALTER SEQUENCE semestre_letivo_id_seq OWNED BY semestre_letivo.id;


--
-- Name: semestre_letivo_id_seq; Type: SEQUENCE SET; Schema: public; Owner: -
--

SELECT pg_catalog.setval('semestre_letivo_id_seq', 5, true);


--
-- Name: turma; Type: TABLE; Schema: public; Owner: -; Tablespace: 
--

CREATE TABLE turma (
    id integer NOT NULL,
    codigo character varying(255),
    disciplina_codigo character varying(255),
    semestreletivo_id integer
);


--
-- Name: turma_id_seq; Type: SEQUENCE; Schema: public; Owner: -
--

CREATE SEQUENCE turma_id_seq
    START WITH 1
    INCREMENT BY 1
    NO MINVALUE
    NO MAXVALUE
    CACHE 1;


--
-- Name: turma_id_seq; Type: SEQUENCE OWNED BY; Schema: public; Owner: -
--

ALTER SEQUENCE turma_id_seq OWNED BY turma.id;


--
-- Name: turma_id_seq; Type: SEQUENCE SET; Schema: public; Owner: -
--

SELECT pg_catalog.setval('turma_id_seq', 39, true);


--
-- Name: usuario; Type: TABLE; Schema: public; Owner: -; Tablespace: 
--

CREATE TABLE usuario (
    id bigint NOT NULL,
    login character varying(255),
    nome character varying(255),
    senha character varying(255)
);


--
-- Name: usuario_id_seq; Type: SEQUENCE; Schema: public; Owner: -
--

CREATE SEQUENCE usuario_id_seq
    START WITH 1
    INCREMENT BY 1
    NO MINVALUE
    NO MAXVALUE
    CACHE 1;


--
-- Name: usuario_id_seq; Type: SEQUENCE OWNED BY; Schema: public; Owner: -
--

ALTER SEQUENCE usuario_id_seq OWNED BY usuario.id;


--
-- Name: usuario_id_seq; Type: SEQUENCE SET; Schema: public; Owner: -
--

SELECT pg_catalog.setval('usuario_id_seq', 53, true);


--
-- Name: id; Type: DEFAULT; Schema: public; Owner: -
--

ALTER TABLE ONLY alternativa ALTER COLUMN id SET DEFAULT nextval('alternativa_id_seq'::regclass);


--
-- Name: id; Type: DEFAULT; Schema: public; Owner: -
--

ALTER TABLE ONLY questao ALTER COLUMN id SET DEFAULT nextval('questao_id_seq'::regclass);


--
-- Name: id; Type: DEFAULT; Schema: public; Owner: -
--

ALTER TABLE ONLY resposta ALTER COLUMN id SET DEFAULT nextval('resposta_id_seq'::regclass);


--
-- Name: id; Type: DEFAULT; Schema: public; Owner: -
--

ALTER TABLE ONLY semestre_letivo ALTER COLUMN id SET DEFAULT nextval('semestre_letivo_id_seq'::regclass);


--
-- Name: id; Type: DEFAULT; Schema: public; Owner: -
--

ALTER TABLE ONLY turma ALTER COLUMN id SET DEFAULT nextval('turma_id_seq'::regclass);


--
-- Name: id; Type: DEFAULT; Schema: public; Owner: -
--

ALTER TABLE ONLY usuario ALTER COLUMN id SET DEFAULT nextval('usuario_id_seq'::regclass);


--
-- Data for Name: alternativa; Type: TABLE DATA; Schema: public; Owner: -
--

INSERT INTO alternativa VALUES (1, 'Insuficiente(s) ou Ruim(ns)');
INSERT INTO alternativa VALUES (2, 'Suficiente(s) ou Regular(es)');
INSERT INTO alternativa VALUES (3, 'Bom(ns) ou Boa(s)');
INSERT INTO alternativa VALUES (4, 'Ótimo(s) ou Ótima(s)');


--
-- Data for Name: aluno; Type: TABLE DATA; Schema: public; Owner: -
--

INSERT INTO aluno VALUES ('1111015WEB', 1);
INSERT INTO aluno VALUES ('1111011WEB', 2);
INSERT INTO aluno VALUES ('1110318WEB', 3);
INSERT INTO aluno VALUES ('1116162WEB', 4);
INSERT INTO aluno VALUES ('1113566WEB', 5);
INSERT INTO aluno VALUES ('1111352WEB', 6);
INSERT INTO aluno VALUES ('1113481WEB', 7);
INSERT INTO aluno VALUES ('1115254WEB', 8);
INSERT INTO aluno VALUES ('1116402WEB', 9);
INSERT INTO aluno VALUES ('1115462WEB', 10);
INSERT INTO aluno VALUES ('1117463WEB', 11);
INSERT INTO aluno VALUES ('1115574WEB', 12);
INSERT INTO aluno VALUES ('1114490WEB', 13);
INSERT INTO aluno VALUES ('1112971WEB', 14);
INSERT INTO aluno VALUES ('1112916WEB', 15);
INSERT INTO aluno VALUES ('1119489WEB', 16);
INSERT INTO aluno VALUES ('1111440WEB', 17);
INSERT INTO aluno VALUES ('1118426WEB', 18);
INSERT INTO aluno VALUES ('1116455WEB', 19);
INSERT INTO aluno VALUES ('1110183WEB', 20);
INSERT INTO aluno VALUES ('1114369WEB', 21);
INSERT INTO aluno VALUES ('1118140WEB', 22);
INSERT INTO aluno VALUES ('1115139WEB', 23);
INSERT INTO aluno VALUES ('1112454WEB', 24);
INSERT INTO aluno VALUES ('1111001WEB', 25);
INSERT INTO aluno VALUES ('1112054WEB', 26);
INSERT INTO aluno VALUES ('1115756WEB', 27);
INSERT INTO aluno VALUES ('1110374WEB', 28);
INSERT INTO aluno VALUES ('1119911WEB', 29);
INSERT INTO aluno VALUES ('1110918WEB', 30);
INSERT INTO aluno VALUES ('1119758WEB', 31);
INSERT INTO aluno VALUES ('1114267WEB', 32);
INSERT INTO aluno VALUES ('1117480WEB', 33);
INSERT INTO aluno VALUES ('1110936WEB', 34);
INSERT INTO aluno VALUES ('1117221WEB', 35);
INSERT INTO aluno VALUES ('1113974WEB', 36);
INSERT INTO aluno VALUES ('1119159WEB', 37);
INSERT INTO aluno VALUES ('1111769WEB', 38);
INSERT INTO aluno VALUES ('1118916WEB', 39);
INSERT INTO aluno VALUES ('1110806WEB', 40);
INSERT INTO aluno VALUES ('1116990WEB', 41);
INSERT INTO aluno VALUES ('1114844WEB', 42);
INSERT INTO aluno VALUES ('1113782WEB', 43);
INSERT INTO aluno VALUES ('1119122WEB', 44);
INSERT INTO aluno VALUES ('1117196WEB', 45);
INSERT INTO aluno VALUES ('1113687WEB', 46);
INSERT INTO aluno VALUES ('1114678WEB', 47);
INSERT INTO aluno VALUES ('1118269WEB', 48);
INSERT INTO aluno VALUES ('1116285WEB', 49);
INSERT INTO aluno VALUES ('1115983WEB', 50);
INSERT INTO aluno VALUES ('1113450WEB', 51);
INSERT INTO aluno VALUES ('1113969WEB', 52);


--
-- Data for Name: aluno_questionario; Type: TABLE DATA; Schema: public; Owner: -
--

INSERT INTO aluno_questionario VALUES (1, 488);
INSERT INTO aluno_questionario VALUES (1, 489);
INSERT INTO aluno_questionario VALUES (1, 490);
INSERT INTO aluno_questionario VALUES (2, 491);
INSERT INTO aluno_questionario VALUES (2, 492);
INSERT INTO aluno_questionario VALUES (3, 493);
INSERT INTO aluno_questionario VALUES (3, 494);
INSERT INTO aluno_questionario VALUES (3, 495);
INSERT INTO aluno_questionario VALUES (3, 496);
INSERT INTO aluno_questionario VALUES (3, 497);
INSERT INTO aluno_questionario VALUES (3, 498);
INSERT INTO aluno_questionario VALUES (4, 499);
INSERT INTO aluno_questionario VALUES (4, 500);
INSERT INTO aluno_questionario VALUES (4, 501);
INSERT INTO aluno_questionario VALUES (4, 502);
INSERT INTO aluno_questionario VALUES (4, 503);
INSERT INTO aluno_questionario VALUES (4, 504);
INSERT INTO aluno_questionario VALUES (5, 505);
INSERT INTO aluno_questionario VALUES (5, 506);
INSERT INTO aluno_questionario VALUES (5, 507);
INSERT INTO aluno_questionario VALUES (5, 508);
INSERT INTO aluno_questionario VALUES (5, 509);
INSERT INTO aluno_questionario VALUES (5, 510);
INSERT INTO aluno_questionario VALUES (6, 511);
INSERT INTO aluno_questionario VALUES (6, 512);
INSERT INTO aluno_questionario VALUES (6, 513);
INSERT INTO aluno_questionario VALUES (6, 514);
INSERT INTO aluno_questionario VALUES (6, 515);
INSERT INTO aluno_questionario VALUES (6, 516);
INSERT INTO aluno_questionario VALUES (7, 517);
INSERT INTO aluno_questionario VALUES (7, 518);
INSERT INTO aluno_questionario VALUES (7, 519);
INSERT INTO aluno_questionario VALUES (7, 520);
INSERT INTO aluno_questionario VALUES (7, 521);
INSERT INTO aluno_questionario VALUES (7, 522);
INSERT INTO aluno_questionario VALUES (8, 523);
INSERT INTO aluno_questionario VALUES (8, 524);
INSERT INTO aluno_questionario VALUES (8, 525);
INSERT INTO aluno_questionario VALUES (8, 526);
INSERT INTO aluno_questionario VALUES (8, 527);
INSERT INTO aluno_questionario VALUES (8, 528);
INSERT INTO aluno_questionario VALUES (9, 529);
INSERT INTO aluno_questionario VALUES (9, 530);
INSERT INTO aluno_questionario VALUES (9, 531);
INSERT INTO aluno_questionario VALUES (9, 532);
INSERT INTO aluno_questionario VALUES (9, 533);
INSERT INTO aluno_questionario VALUES (9, 534);
INSERT INTO aluno_questionario VALUES (10, 535);
INSERT INTO aluno_questionario VALUES (10, 536);
INSERT INTO aluno_questionario VALUES (10, 537);
INSERT INTO aluno_questionario VALUES (10, 538);
INSERT INTO aluno_questionario VALUES (10, 539);
INSERT INTO aluno_questionario VALUES (10, 540);
INSERT INTO aluno_questionario VALUES (11, 541);
INSERT INTO aluno_questionario VALUES (11, 542);
INSERT INTO aluno_questionario VALUES (11, 543);
INSERT INTO aluno_questionario VALUES (11, 544);
INSERT INTO aluno_questionario VALUES (11, 545);
INSERT INTO aluno_questionario VALUES (11, 546);
INSERT INTO aluno_questionario VALUES (12, 547);
INSERT INTO aluno_questionario VALUES (12, 548);
INSERT INTO aluno_questionario VALUES (12, 549);
INSERT INTO aluno_questionario VALUES (12, 550);
INSERT INTO aluno_questionario VALUES (12, 551);
INSERT INTO aluno_questionario VALUES (12, 552);
INSERT INTO aluno_questionario VALUES (13, 553);
INSERT INTO aluno_questionario VALUES (13, 554);
INSERT INTO aluno_questionario VALUES (13, 555);
INSERT INTO aluno_questionario VALUES (13, 556);
INSERT INTO aluno_questionario VALUES (13, 557);
INSERT INTO aluno_questionario VALUES (13, 558);
INSERT INTO aluno_questionario VALUES (14, 559);
INSERT INTO aluno_questionario VALUES (14, 560);
INSERT INTO aluno_questionario VALUES (14, 561);
INSERT INTO aluno_questionario VALUES (14, 562);
INSERT INTO aluno_questionario VALUES (14, 563);
INSERT INTO aluno_questionario VALUES (14, 564);
INSERT INTO aluno_questionario VALUES (15, 565);
INSERT INTO aluno_questionario VALUES (15, 566);
INSERT INTO aluno_questionario VALUES (15, 567);
INSERT INTO aluno_questionario VALUES (15, 568);
INSERT INTO aluno_questionario VALUES (15, 569);
INSERT INTO aluno_questionario VALUES (15, 570);
INSERT INTO aluno_questionario VALUES (16, 571);
INSERT INTO aluno_questionario VALUES (16, 572);
INSERT INTO aluno_questionario VALUES (16, 573);
INSERT INTO aluno_questionario VALUES (16, 574);
INSERT INTO aluno_questionario VALUES (16, 575);
INSERT INTO aluno_questionario VALUES (16, 576);
INSERT INTO aluno_questionario VALUES (17, 577);
INSERT INTO aluno_questionario VALUES (17, 578);
INSERT INTO aluno_questionario VALUES (17, 579);
INSERT INTO aluno_questionario VALUES (17, 580);
INSERT INTO aluno_questionario VALUES (17, 581);
INSERT INTO aluno_questionario VALUES (17, 582);
INSERT INTO aluno_questionario VALUES (18, 583);
INSERT INTO aluno_questionario VALUES (18, 584);
INSERT INTO aluno_questionario VALUES (18, 585);
INSERT INTO aluno_questionario VALUES (18, 586);
INSERT INTO aluno_questionario VALUES (18, 587);
INSERT INTO aluno_questionario VALUES (18, 588);
INSERT INTO aluno_questionario VALUES (19, 589);
INSERT INTO aluno_questionario VALUES (19, 590);
INSERT INTO aluno_questionario VALUES (19, 591);
INSERT INTO aluno_questionario VALUES (19, 592);
INSERT INTO aluno_questionario VALUES (19, 593);
INSERT INTO aluno_questionario VALUES (19, 594);
INSERT INTO aluno_questionario VALUES (20, 595);
INSERT INTO aluno_questionario VALUES (20, 596);
INSERT INTO aluno_questionario VALUES (20, 597);
INSERT INTO aluno_questionario VALUES (20, 598);
INSERT INTO aluno_questionario VALUES (20, 599);
INSERT INTO aluno_questionario VALUES (20, 600);
INSERT INTO aluno_questionario VALUES (21, 601);
INSERT INTO aluno_questionario VALUES (21, 602);
INSERT INTO aluno_questionario VALUES (21, 603);
INSERT INTO aluno_questionario VALUES (21, 604);
INSERT INTO aluno_questionario VALUES (21, 605);
INSERT INTO aluno_questionario VALUES (21, 606);
INSERT INTO aluno_questionario VALUES (22, 607);
INSERT INTO aluno_questionario VALUES (22, 608);
INSERT INTO aluno_questionario VALUES (22, 609);
INSERT INTO aluno_questionario VALUES (22, 610);
INSERT INTO aluno_questionario VALUES (22, 611);
INSERT INTO aluno_questionario VALUES (22, 612);
INSERT INTO aluno_questionario VALUES (23, 613);
INSERT INTO aluno_questionario VALUES (23, 614);
INSERT INTO aluno_questionario VALUES (23, 615);
INSERT INTO aluno_questionario VALUES (23, 616);
INSERT INTO aluno_questionario VALUES (23, 617);
INSERT INTO aluno_questionario VALUES (23, 618);
INSERT INTO aluno_questionario VALUES (24, 619);
INSERT INTO aluno_questionario VALUES (24, 620);
INSERT INTO aluno_questionario VALUES (24, 621);
INSERT INTO aluno_questionario VALUES (24, 622);
INSERT INTO aluno_questionario VALUES (24, 623);
INSERT INTO aluno_questionario VALUES (24, 624);
INSERT INTO aluno_questionario VALUES (25, 625);
INSERT INTO aluno_questionario VALUES (25, 626);
INSERT INTO aluno_questionario VALUES (25, 627);
INSERT INTO aluno_questionario VALUES (25, 628);
INSERT INTO aluno_questionario VALUES (25, 629);
INSERT INTO aluno_questionario VALUES (25, 630);
INSERT INTO aluno_questionario VALUES (26, 631);
INSERT INTO aluno_questionario VALUES (26, 632);
INSERT INTO aluno_questionario VALUES (26, 633);
INSERT INTO aluno_questionario VALUES (26, 634);
INSERT INTO aluno_questionario VALUES (26, 635);
INSERT INTO aluno_questionario VALUES (26, 636);
INSERT INTO aluno_questionario VALUES (27, 637);
INSERT INTO aluno_questionario VALUES (27, 638);
INSERT INTO aluno_questionario VALUES (27, 639);
INSERT INTO aluno_questionario VALUES (27, 640);
INSERT INTO aluno_questionario VALUES (27, 641);
INSERT INTO aluno_questionario VALUES (27, 642);
INSERT INTO aluno_questionario VALUES (28, 643);
INSERT INTO aluno_questionario VALUES (28, 644);
INSERT INTO aluno_questionario VALUES (28, 645);
INSERT INTO aluno_questionario VALUES (28, 646);
INSERT INTO aluno_questionario VALUES (28, 647);
INSERT INTO aluno_questionario VALUES (28, 648);
INSERT INTO aluno_questionario VALUES (29, 649);
INSERT INTO aluno_questionario VALUES (29, 650);
INSERT INTO aluno_questionario VALUES (29, 651);
INSERT INTO aluno_questionario VALUES (29, 652);
INSERT INTO aluno_questionario VALUES (29, 653);
INSERT INTO aluno_questionario VALUES (29, 654);
INSERT INTO aluno_questionario VALUES (30, 655);
INSERT INTO aluno_questionario VALUES (30, 656);
INSERT INTO aluno_questionario VALUES (30, 657);
INSERT INTO aluno_questionario VALUES (30, 658);
INSERT INTO aluno_questionario VALUES (30, 659);
INSERT INTO aluno_questionario VALUES (30, 660);
INSERT INTO aluno_questionario VALUES (31, 661);
INSERT INTO aluno_questionario VALUES (31, 662);
INSERT INTO aluno_questionario VALUES (31, 663);
INSERT INTO aluno_questionario VALUES (31, 664);
INSERT INTO aluno_questionario VALUES (31, 665);
INSERT INTO aluno_questionario VALUES (31, 666);
INSERT INTO aluno_questionario VALUES (32, 667);
INSERT INTO aluno_questionario VALUES (32, 668);
INSERT INTO aluno_questionario VALUES (32, 669);
INSERT INTO aluno_questionario VALUES (32, 670);
INSERT INTO aluno_questionario VALUES (32, 671);
INSERT INTO aluno_questionario VALUES (32, 672);
INSERT INTO aluno_questionario VALUES (33, 673);
INSERT INTO aluno_questionario VALUES (33, 674);
INSERT INTO aluno_questionario VALUES (33, 675);
INSERT INTO aluno_questionario VALUES (33, 676);
INSERT INTO aluno_questionario VALUES (33, 677);
INSERT INTO aluno_questionario VALUES (33, 678);
INSERT INTO aluno_questionario VALUES (34, 679);
INSERT INTO aluno_questionario VALUES (34, 680);
INSERT INTO aluno_questionario VALUES (34, 681);
INSERT INTO aluno_questionario VALUES (34, 682);
INSERT INTO aluno_questionario VALUES (34, 683);
INSERT INTO aluno_questionario VALUES (34, 684);
INSERT INTO aluno_questionario VALUES (35, 685);
INSERT INTO aluno_questionario VALUES (35, 686);
INSERT INTO aluno_questionario VALUES (35, 687);
INSERT INTO aluno_questionario VALUES (35, 688);
INSERT INTO aluno_questionario VALUES (35, 689);
INSERT INTO aluno_questionario VALUES (35, 690);
INSERT INTO aluno_questionario VALUES (36, 691);
INSERT INTO aluno_questionario VALUES (36, 692);
INSERT INTO aluno_questionario VALUES (36, 693);
INSERT INTO aluno_questionario VALUES (36, 694);
INSERT INTO aluno_questionario VALUES (36, 695);
INSERT INTO aluno_questionario VALUES (36, 696);
INSERT INTO aluno_questionario VALUES (37, 697);
INSERT INTO aluno_questionario VALUES (37, 698);
INSERT INTO aluno_questionario VALUES (37, 699);
INSERT INTO aluno_questionario VALUES (37, 700);
INSERT INTO aluno_questionario VALUES (37, 701);
INSERT INTO aluno_questionario VALUES (37, 702);
INSERT INTO aluno_questionario VALUES (38, 703);
INSERT INTO aluno_questionario VALUES (38, 704);
INSERT INTO aluno_questionario VALUES (38, 705);
INSERT INTO aluno_questionario VALUES (38, 706);
INSERT INTO aluno_questionario VALUES (38, 707);
INSERT INTO aluno_questionario VALUES (38, 708);
INSERT INTO aluno_questionario VALUES (39, 709);
INSERT INTO aluno_questionario VALUES (39, 710);
INSERT INTO aluno_questionario VALUES (39, 711);
INSERT INTO aluno_questionario VALUES (39, 712);
INSERT INTO aluno_questionario VALUES (39, 713);
INSERT INTO aluno_questionario VALUES (39, 714);
INSERT INTO aluno_questionario VALUES (40, 715);
INSERT INTO aluno_questionario VALUES (40, 716);
INSERT INTO aluno_questionario VALUES (40, 717);
INSERT INTO aluno_questionario VALUES (40, 718);
INSERT INTO aluno_questionario VALUES (40, 719);
INSERT INTO aluno_questionario VALUES (40, 720);
INSERT INTO aluno_questionario VALUES (41, 721);
INSERT INTO aluno_questionario VALUES (41, 722);
INSERT INTO aluno_questionario VALUES (41, 723);
INSERT INTO aluno_questionario VALUES (41, 724);
INSERT INTO aluno_questionario VALUES (41, 725);
INSERT INTO aluno_questionario VALUES (41, 726);
INSERT INTO aluno_questionario VALUES (42, 727);
INSERT INTO aluno_questionario VALUES (42, 728);
INSERT INTO aluno_questionario VALUES (42, 729);
INSERT INTO aluno_questionario VALUES (42, 730);
INSERT INTO aluno_questionario VALUES (42, 731);
INSERT INTO aluno_questionario VALUES (42, 732);
INSERT INTO aluno_questionario VALUES (43, 733);
INSERT INTO aluno_questionario VALUES (43, 734);
INSERT INTO aluno_questionario VALUES (43, 735);
INSERT INTO aluno_questionario VALUES (43, 736);
INSERT INTO aluno_questionario VALUES (43, 737);
INSERT INTO aluno_questionario VALUES (43, 738);
INSERT INTO aluno_questionario VALUES (44, 739);
INSERT INTO aluno_questionario VALUES (44, 740);
INSERT INTO aluno_questionario VALUES (44, 741);
INSERT INTO aluno_questionario VALUES (44, 742);
INSERT INTO aluno_questionario VALUES (44, 743);
INSERT INTO aluno_questionario VALUES (44, 744);
INSERT INTO aluno_questionario VALUES (45, 745);
INSERT INTO aluno_questionario VALUES (45, 746);
INSERT INTO aluno_questionario VALUES (45, 747);
INSERT INTO aluno_questionario VALUES (45, 748);
INSERT INTO aluno_questionario VALUES (45, 749);
INSERT INTO aluno_questionario VALUES (45, 750);
INSERT INTO aluno_questionario VALUES (46, 751);
INSERT INTO aluno_questionario VALUES (46, 752);
INSERT INTO aluno_questionario VALUES (46, 753);
INSERT INTO aluno_questionario VALUES (46, 754);
INSERT INTO aluno_questionario VALUES (46, 755);
INSERT INTO aluno_questionario VALUES (46, 756);
INSERT INTO aluno_questionario VALUES (47, 757);
INSERT INTO aluno_questionario VALUES (47, 758);
INSERT INTO aluno_questionario VALUES (47, 759);
INSERT INTO aluno_questionario VALUES (47, 760);
INSERT INTO aluno_questionario VALUES (47, 761);
INSERT INTO aluno_questionario VALUES (47, 762);
INSERT INTO aluno_questionario VALUES (48, 763);
INSERT INTO aluno_questionario VALUES (48, 764);
INSERT INTO aluno_questionario VALUES (48, 765);
INSERT INTO aluno_questionario VALUES (48, 766);
INSERT INTO aluno_questionario VALUES (48, 767);
INSERT INTO aluno_questionario VALUES (48, 768);
INSERT INTO aluno_questionario VALUES (49, 769);
INSERT INTO aluno_questionario VALUES (49, 770);
INSERT INTO aluno_questionario VALUES (49, 771);
INSERT INTO aluno_questionario VALUES (49, 772);
INSERT INTO aluno_questionario VALUES (49, 773);
INSERT INTO aluno_questionario VALUES (49, 774);
INSERT INTO aluno_questionario VALUES (50, 775);
INSERT INTO aluno_questionario VALUES (50, 776);
INSERT INTO aluno_questionario VALUES (50, 777);
INSERT INTO aluno_questionario VALUES (50, 778);
INSERT INTO aluno_questionario VALUES (50, 779);
INSERT INTO aluno_questionario VALUES (50, 780);
INSERT INTO aluno_questionario VALUES (51, 781);
INSERT INTO aluno_questionario VALUES (51, 782);
INSERT INTO aluno_questionario VALUES (51, 783);
INSERT INTO aluno_questionario VALUES (51, 784);
INSERT INTO aluno_questionario VALUES (51, 785);
INSERT INTO aluno_questionario VALUES (51, 786);
INSERT INTO aluno_questionario VALUES (52, 787);
INSERT INTO aluno_questionario VALUES (52, 788);
INSERT INTO aluno_questionario VALUES (52, 789);
INSERT INTO aluno_questionario VALUES (52, 790);
INSERT INTO aluno_questionario VALUES (52, 791);
INSERT INTO aluno_questionario VALUES (52, 792);


--
-- Data for Name: aluno_turma; Type: TABLE DATA; Schema: public; Owner: -
--

INSERT INTO aluno_turma VALUES (1, 27);
INSERT INTO aluno_turma VALUES (1, 33);
INSERT INTO aluno_turma VALUES (1, 19);
INSERT INTO aluno_turma VALUES (1, 30);
INSERT INTO aluno_turma VALUES (1, 38);
INSERT INTO aluno_turma VALUES (1, 13);
INSERT INTO aluno_turma VALUES (1, 37);
INSERT INTO aluno_turma VALUES (2, 4);
INSERT INTO aluno_turma VALUES (2, 3);
INSERT INTO aluno_turma VALUES (2, 2);
INSERT INTO aluno_turma VALUES (2, 1);
INSERT INTO aluno_turma VALUES (3, 16);
INSERT INTO aluno_turma VALUES (3, 4);
INSERT INTO aluno_turma VALUES (3, 3);
INSERT INTO aluno_turma VALUES (3, 26);
INSERT INTO aluno_turma VALUES (3, 15);
INSERT INTO aluno_turma VALUES (4, 5);
INSERT INTO aluno_turma VALUES (4, 27);
INSERT INTO aluno_turma VALUES (4, 17);
INSERT INTO aluno_turma VALUES (4, 22);
INSERT INTO aluno_turma VALUES (4, 36);
INSERT INTO aluno_turma VALUES (5, 29);
INSERT INTO aluno_turma VALUES (5, 2);
INSERT INTO aluno_turma VALUES (5, 10);
INSERT INTO aluno_turma VALUES (5, 22);
INSERT INTO aluno_turma VALUES (5, 14);
INSERT INTO aluno_turma VALUES (6, 5);
INSERT INTO aluno_turma VALUES (6, 32);
INSERT INTO aluno_turma VALUES (6, 30);
INSERT INTO aluno_turma VALUES (6, 15);
INSERT INTO aluno_turma VALUES (6, 20);
INSERT INTO aluno_turma VALUES (6, 13);
INSERT INTO aluno_turma VALUES (7, 3);
INSERT INTO aluno_turma VALUES (7, 17);
INSERT INTO aluno_turma VALUES (7, 6);
INSERT INTO aluno_turma VALUES (7, 31);
INSERT INTO aluno_turma VALUES (7, 20);
INSERT INTO aluno_turma VALUES (7, 37);
INSERT INTO aluno_turma VALUES (8, 4);
INSERT INTO aluno_turma VALUES (8, 18);
INSERT INTO aluno_turma VALUES (8, 22);
INSERT INTO aluno_turma VALUES (8, 31);
INSERT INTO aluno_turma VALUES (8, 23);
INSERT INTO aluno_turma VALUES (9, 29);
INSERT INTO aluno_turma VALUES (9, 4);
INSERT INTO aluno_turma VALUES (9, 1);
INSERT INTO aluno_turma VALUES (9, 22);
INSERT INTO aluno_turma VALUES (9, 14);
INSERT INTO aluno_turma VALUES (9, 25);
INSERT INTO aluno_turma VALUES (10, 5);
INSERT INTO aluno_turma VALUES (10, 18);
INSERT INTO aluno_turma VALUES (10, 31);
INSERT INTO aluno_turma VALUES (10, 23);
INSERT INTO aluno_turma VALUES (10, 26);
INSERT INTO aluno_turma VALUES (11, 10);
INSERT INTO aluno_turma VALUES (11, 7);
INSERT INTO aluno_turma VALUES (11, 36);
INSERT INTO aluno_turma VALUES (11, 13);
INSERT INTO aluno_turma VALUES (12, 4);
INSERT INTO aluno_turma VALUES (12, 5);
INSERT INTO aluno_turma VALUES (12, 24);
INSERT INTO aluno_turma VALUES (12, 39);
INSERT INTO aluno_turma VALUES (12, 19);
INSERT INTO aluno_turma VALUES (13, 29);
INSERT INTO aluno_turma VALUES (13, 3);
INSERT INTO aluno_turma VALUES (13, 10);
INSERT INTO aluno_turma VALUES (13, 31);
INSERT INTO aluno_turma VALUES (13, 26);
INSERT INTO aluno_turma VALUES (13, 38);
INSERT INTO aluno_turma VALUES (14, 4);
INSERT INTO aluno_turma VALUES (14, 3);
INSERT INTO aluno_turma VALUES (14, 11);
INSERT INTO aluno_turma VALUES (14, 1);
INSERT INTO aluno_turma VALUES (14, 33);
INSERT INTO aluno_turma VALUES (14, 13);
INSERT INTO aluno_turma VALUES (15, 10);
INSERT INTO aluno_turma VALUES (15, 31);
INSERT INTO aluno_turma VALUES (15, 26);
INSERT INTO aluno_turma VALUES (15, 15);
INSERT INTO aluno_turma VALUES (15, 38);
INSERT INTO aluno_turma VALUES (15, 37);
INSERT INTO aluno_turma VALUES (16, 35);
INSERT INTO aluno_turma VALUES (16, 27);
INSERT INTO aluno_turma VALUES (16, 19);
INSERT INTO aluno_turma VALUES (16, 6);
INSERT INTO aluno_turma VALUES (16, 15);
INSERT INTO aluno_turma VALUES (17, 21);
INSERT INTO aluno_turma VALUES (17, 24);
INSERT INTO aluno_turma VALUES (17, 33);
INSERT INTO aluno_turma VALUES (17, 32);
INSERT INTO aluno_turma VALUES (17, 31);
INSERT INTO aluno_turma VALUES (17, 25);
INSERT INTO aluno_turma VALUES (18, 35);
INSERT INTO aluno_turma VALUES (18, 11);
INSERT INTO aluno_turma VALUES (18, 24);
INSERT INTO aluno_turma VALUES (18, 39);
INSERT INTO aluno_turma VALUES (18, 32);
INSERT INTO aluno_turma VALUES (18, 37);
INSERT INTO aluno_turma VALUES (19, 12);
INSERT INTO aluno_turma VALUES (19, 4);
INSERT INTO aluno_turma VALUES (19, 17);
INSERT INTO aluno_turma VALUES (19, 34);
INSERT INTO aluno_turma VALUES (19, 31);
INSERT INTO aluno_turma VALUES (19, 14);
INSERT INTO aluno_turma VALUES (20, 29);
INSERT INTO aluno_turma VALUES (20, 2);
INSERT INTO aluno_turma VALUES (20, 24);
INSERT INTO aluno_turma VALUES (20, 10);
INSERT INTO aluno_turma VALUES (20, 8);
INSERT INTO aluno_turma VALUES (21, 35);
INSERT INTO aluno_turma VALUES (21, 18);
INSERT INTO aluno_turma VALUES (21, 34);
INSERT INTO aluno_turma VALUES (21, 22);
INSERT INTO aluno_turma VALUES (21, 37);
INSERT INTO aluno_turma VALUES (22, 24);
INSERT INTO aluno_turma VALUES (22, 1);
INSERT INTO aluno_turma VALUES (22, 39);
INSERT INTO aluno_turma VALUES (22, 32);
INSERT INTO aluno_turma VALUES (22, 19);
INSERT INTO aluno_turma VALUES (22, 9);
INSERT INTO aluno_turma VALUES (23, 4);
INSERT INTO aluno_turma VALUES (23, 33);
INSERT INTO aluno_turma VALUES (23, 10);
INSERT INTO aluno_turma VALUES (23, 22);
INSERT INTO aluno_turma VALUES (23, 31);
INSERT INTO aluno_turma VALUES (23, 9);
INSERT INTO aluno_turma VALUES (24, 17);
INSERT INTO aluno_turma VALUES (24, 3);
INSERT INTO aluno_turma VALUES (24, 34);
INSERT INTO aluno_turma VALUES (24, 18);
INSERT INTO aluno_turma VALUES (24, 33);
INSERT INTO aluno_turma VALUES (24, 22);
INSERT INTO aluno_turma VALUES (25, 18);
INSERT INTO aluno_turma VALUES (25, 10);
INSERT INTO aluno_turma VALUES (25, 30);
INSERT INTO aluno_turma VALUES (25, 31);
INSERT INTO aluno_turma VALUES (25, 15);
INSERT INTO aluno_turma VALUES (25, 25);
INSERT INTO aluno_turma VALUES (26, 5);
INSERT INTO aluno_turma VALUES (26, 17);
INSERT INTO aluno_turma VALUES (26, 2);
INSERT INTO aluno_turma VALUES (26, 11);
INSERT INTO aluno_turma VALUES (26, 26);
INSERT INTO aluno_turma VALUES (26, 20);
INSERT INTO aluno_turma VALUES (27, 31);
INSERT INTO aluno_turma VALUES (27, 6);
INSERT INTO aluno_turma VALUES (27, 20);
INSERT INTO aluno_turma VALUES (27, 38);
INSERT INTO aluno_turma VALUES (27, 9);
INSERT INTO aluno_turma VALUES (28, 21);
INSERT INTO aluno_turma VALUES (28, 36);
INSERT INTO aluno_turma VALUES (28, 14);
INSERT INTO aluno_turma VALUES (28, 8);
INSERT INTO aluno_turma VALUES (29, 16);
INSERT INTO aluno_turma VALUES (29, 4);
INSERT INTO aluno_turma VALUES (29, 17);
INSERT INTO aluno_turma VALUES (29, 10);
INSERT INTO aluno_turma VALUES (29, 26);
INSERT INTO aluno_turma VALUES (30, 2);
INSERT INTO aluno_turma VALUES (30, 18);
INSERT INTO aluno_turma VALUES (30, 33);
INSERT INTO aluno_turma VALUES (30, 19);
INSERT INTO aluno_turma VALUES (30, 36);
INSERT INTO aluno_turma VALUES (30, 8);
INSERT INTO aluno_turma VALUES (31, 2);
INSERT INTO aluno_turma VALUES (31, 7);
INSERT INTO aluno_turma VALUES (31, 22);
INSERT INTO aluno_turma VALUES (31, 13);
INSERT INTO aluno_turma VALUES (31, 38);
INSERT INTO aluno_turma VALUES (31, 9);
INSERT INTO aluno_turma VALUES (32, 4);
INSERT INTO aluno_turma VALUES (32, 5);
INSERT INTO aluno_turma VALUES (32, 21);
INSERT INTO aluno_turma VALUES (32, 19);
INSERT INTO aluno_turma VALUES (32, 25);
INSERT INTO aluno_turma VALUES (32, 37);
INSERT INTO aluno_turma VALUES (33, 17);
INSERT INTO aluno_turma VALUES (33, 18);
INSERT INTO aluno_turma VALUES (33, 6);
INSERT INTO aluno_turma VALUES (33, 31);
INSERT INTO aluno_turma VALUES (33, 14);
INSERT INTO aluno_turma VALUES (34, 12);
INSERT INTO aluno_turma VALUES (34, 35);
INSERT INTO aluno_turma VALUES (34, 24);
INSERT INTO aluno_turma VALUES (34, 19);
INSERT INTO aluno_turma VALUES (34, 23);
INSERT INTO aluno_turma VALUES (34, 38);
INSERT INTO aluno_turma VALUES (35, 3);
INSERT INTO aluno_turma VALUES (35, 34);
INSERT INTO aluno_turma VALUES (35, 18);
INSERT INTO aluno_turma VALUES (35, 1);
INSERT INTO aluno_turma VALUES (35, 19);
INSERT INTO aluno_turma VALUES (35, 31);
INSERT INTO aluno_turma VALUES (36, 4);
INSERT INTO aluno_turma VALUES (36, 5);
INSERT INTO aluno_turma VALUES (36, 34);
INSERT INTO aluno_turma VALUES (36, 8);
INSERT INTO aluno_turma VALUES (36, 37);
INSERT INTO aluno_turma VALUES (36, 20);
INSERT INTO aluno_turma VALUES (37, 16);
INSERT INTO aluno_turma VALUES (37, 27);
INSERT INTO aluno_turma VALUES (37, 30);
INSERT INTO aluno_turma VALUES (37, 15);
INSERT INTO aluno_turma VALUES (38, 11);
INSERT INTO aluno_turma VALUES (38, 1);
INSERT INTO aluno_turma VALUES (38, 33);
INSERT INTO aluno_turma VALUES (38, 10);
INSERT INTO aluno_turma VALUES (38, 36);
INSERT INTO aluno_turma VALUES (38, 8);
INSERT INTO aluno_turma VALUES (39, 2);
INSERT INTO aluno_turma VALUES (39, 17);
INSERT INTO aluno_turma VALUES (39, 34);
INSERT INTO aluno_turma VALUES (39, 10);
INSERT INTO aluno_turma VALUES (39, 19);
INSERT INTO aluno_turma VALUES (39, 38);
INSERT INTO aluno_turma VALUES (40, 35);
INSERT INTO aluno_turma VALUES (40, 22);
INSERT INTO aluno_turma VALUES (40, 20);
INSERT INTO aluno_turma VALUES (40, 37);
INSERT INTO aluno_turma VALUES (41, 16);
INSERT INTO aluno_turma VALUES (41, 28);
INSERT INTO aluno_turma VALUES (41, 34);
INSERT INTO aluno_turma VALUES (41, 30);
INSERT INTO aluno_turma VALUES (41, 22);
INSERT INTO aluno_turma VALUES (41, 6);
INSERT INTO aluno_turma VALUES (42, 35);
INSERT INTO aluno_turma VALUES (42, 12);
INSERT INTO aluno_turma VALUES (42, 33);
INSERT INTO aluno_turma VALUES (42, 30);
INSERT INTO aluno_turma VALUES (42, 6);
INSERT INTO aluno_turma VALUES (42, 25);
INSERT INTO aluno_turma VALUES (43, 16);
INSERT INTO aluno_turma VALUES (43, 4);
INSERT INTO aluno_turma VALUES (43, 39);
INSERT INTO aluno_turma VALUES (43, 19);
INSERT INTO aluno_turma VALUES (43, 30);
INSERT INTO aluno_turma VALUES (43, 7);
INSERT INTO aluno_turma VALUES (44, 27);
INSERT INTO aluno_turma VALUES (44, 34);
INSERT INTO aluno_turma VALUES (44, 10);
INSERT INTO aluno_turma VALUES (44, 14);
INSERT INTO aluno_turma VALUES (44, 38);
INSERT INTO aluno_turma VALUES (44, 9);
INSERT INTO aluno_turma VALUES (45, 1);
INSERT INTO aluno_turma VALUES (45, 39);
INSERT INTO aluno_turma VALUES (45, 22);
INSERT INTO aluno_turma VALUES (45, 31);
INSERT INTO aluno_turma VALUES (46, 16);
INSERT INTO aluno_turma VALUES (46, 2);
INSERT INTO aluno_turma VALUES (46, 11);
INSERT INTO aluno_turma VALUES (46, 6);
INSERT INTO aluno_turma VALUES (46, 14);
INSERT INTO aluno_turma VALUES (46, 37);
INSERT INTO aluno_turma VALUES (47, 16);
INSERT INTO aluno_turma VALUES (47, 12);
INSERT INTO aluno_turma VALUES (47, 28);
INSERT INTO aluno_turma VALUES (47, 1);
INSERT INTO aluno_turma VALUES (47, 22);
INSERT INTO aluno_turma VALUES (48, 29);
INSERT INTO aluno_turma VALUES (48, 28);
INSERT INTO aluno_turma VALUES (48, 2);
INSERT INTO aluno_turma VALUES (48, 34);
INSERT INTO aluno_turma VALUES (48, 33);
INSERT INTO aluno_turma VALUES (48, 30);
INSERT INTO aluno_turma VALUES (49, 21);
INSERT INTO aluno_turma VALUES (49, 33);
INSERT INTO aluno_turma VALUES (49, 31);
INSERT INTO aluno_turma VALUES (49, 8);
INSERT INTO aluno_turma VALUES (49, 13);
INSERT INTO aluno_turma VALUES (49, 37);
INSERT INTO aluno_turma VALUES (50, 28);
INSERT INTO aluno_turma VALUES (50, 27);
INSERT INTO aluno_turma VALUES (50, 3);
INSERT INTO aluno_turma VALUES (50, 33);
INSERT INTO aluno_turma VALUES (50, 31);
INSERT INTO aluno_turma VALUES (50, 37);
INSERT INTO aluno_turma VALUES (51, 24);
INSERT INTO aluno_turma VALUES (51, 32);
INSERT INTO aluno_turma VALUES (51, 6);
INSERT INTO aluno_turma VALUES (51, 23);
INSERT INTO aluno_turma VALUES (51, 26);
INSERT INTO aluno_turma VALUES (52, 12);
INSERT INTO aluno_turma VALUES (52, 29);
INSERT INTO aluno_turma VALUES (52, 24);
INSERT INTO aluno_turma VALUES (52, 14);
INSERT INTO aluno_turma VALUES (52, 37);


--
-- Data for Name: disciplina; Type: TABLE DATA; Schema: public; Owner: -
--

INSERT INTO disciplina VALUES ('GADM7708', 'MICROECONOMIA');
INSERT INTO disciplina VALUES ('GADM7731', 'SIMULAÇÕES EMPRESARIAIS');
INSERT INTO disciplina VALUES ('GADM7741', 'GESTÃO ESTRATÉGICA');
INSERT INTO disciplina VALUES ('GADM7756', 'ECONOMIA BRASILEIRA');
INSERT INTO disciplina VALUES ('GTSI1211', 'ARQUITETURA DE COMPUTADORES');
INSERT INTO disciplina VALUES ('GTSI1212', 'PROGRAMAÇÃO DE CLIENTE WEB');
INSERT INTO disciplina VALUES ('GTSI1213', 'PROJETO DE ALGORITMOS COMPUTACIONAIS');
INSERT INTO disciplina VALUES ('GTSI1214', 'LÓGICA MATEMÁTICA');
INSERT INTO disciplina VALUES ('GTSI1215', 'INTRODUÇÃO À ADMINISTRAÇÃO');
INSERT INTO disciplina VALUES ('GTSI1221', 'SISTEMAS OPERACIONAIS');
INSERT INTO disciplina VALUES ('GTSI1222', 'ESTRUTURAS DE DADOS');
INSERT INTO disciplina VALUES ('GTSI1223', 'MATEMÁTICA DISCRETA');
INSERT INTO disciplina VALUES ('GTSI1224', 'METODOLOGIA CIENTÍFICA');
INSERT INTO disciplina VALUES ('GTSI1231', 'ENGENHARIA DE REQUISITOS');
INSERT INTO disciplina VALUES ('GTSI1232', 'FUNDAMENTOS DE REDES DE COMPUTADORES');
INSERT INTO disciplina VALUES ('GTSI1233', 'PROGRAMAÇÃO ORIENTADA A OBJETOS');
INSERT INTO disciplina VALUES ('GTSI1234', 'EMPREENDEDORISMO');
INSERT INTO disciplina VALUES ('GTSI1235', 'ESTATÍSTICA E PROBABILIDADE');
INSERT INTO disciplina VALUES ('GTSI1254', 'PROJETO E CONSTRUÇÃO DE SISTEMAS');
INSERT INTO disciplina VALUES ('GTSI1273', 'EXPRESSÃO ORAL E ESCRITA');
INSERT INTO disciplina VALUES ('GTSI1277', 'RESPONSABILIDADE SOCIAL');
INSERT INTO disciplina VALUES ('GTSI1301', 'ARQUITETURAS AVANÇADAS DE COMPUTADORES');
INSERT INTO disciplina VALUES ('GTSI1302', 'SISTEMAS DIGITAS');
INSERT INTO disciplina VALUES ('GTSI7311', 'PROJETO DE BANCO DE DADOS');
INSERT INTO disciplina VALUES ('GTSI7312', 'MODELAGEM DE PROJETO DE SISTEMAS');
INSERT INTO disciplina VALUES ('GTSI7415', 'ADMINISTRAÇÃO DE BANCO DE DADOS');
INSERT INTO disciplina VALUES ('GTSI7418', 'PROJETO DE SOFTWARE ORIENTADOS A OBJETOS');
INSERT INTO disciplina VALUES ('GTSI7518', 'PROGRAMAÇÃO DE SERVIDORES WEB');
INSERT INTO disciplina VALUES ('GTSI7519', 'PROJETO DE INTERFACES');
INSERT INTO disciplina VALUES ('GTSI7520', 'PADRÕES DE SOFTWARE');
INSERT INTO disciplina VALUES ('GTSI7521', 'ENGENHARIA DE SOFTWARE');
INSERT INTO disciplina VALUES ('GTSI7523', 'PROJETO FINAL I');
INSERT INTO disciplina VALUES ('GTSI7624', 'TÓPICOS AVANÇADOS EM INFORMÁTICA');
INSERT INTO disciplina VALUES ('GTSI7625', 'NEGÓCIOS NA INTERNET');
INSERT INTO disciplina VALUES ('GTSI7626', 'SEGURANÇA DA INFORMAÇÃO');
INSERT INTO disciplina VALUES ('GTSI7627', 'INFORMÁTICA E SOCIEDADE');
INSERT INTO disciplina VALUES ('GTSI7628', 'PROJETO FINAL II');
INSERT INTO disciplina VALUES ('GTSI7629', 'ESTÁGIO SUPERVISIONADO (TECNÓLOGO EM WEB)');
INSERT INTO disciplina VALUES ('GTSI7702', 'APLICAÇÕES NA INTERNET PARA TV DIGITAL INTERATIVA');


--
-- Data for Name: professor; Type: TABLE DATA; Schema: public; Owner: -
--

INSERT INTO professor VALUES ('12345', 53);


--
-- Data for Name: questao; Type: TABLE DATA; Schema: public; Owner: -
--

INSERT INTO questao VALUES (1, 'De forma geral, pode-se dizer que a apresentação do programa e objetivos das disciplinas cursadas ocorre de maneira...');
INSERT INTO questao VALUES (2, 'De forma geral, pode-se dizer que a atualização da bibliografia utilizada e/ou adequação aos tópicos do programa das disciplinas cursadas ocorre de maneira...');
INSERT INTO questao VALUES (3, 'De forma geral, pode-se dizer que o esclarecimento prévio sobre os critérios utilizados para a avaliação dos alunos ocorre de maneira...');
INSERT INTO questao VALUES (4, 'De forma geral, pode-se dizer que o cumprimento do conteúdo programático ocorre de maneira...');
INSERT INTO questao VALUES (5, 'As práticas pedagógicas promovem a contextualização. De forma geral, pode-se dizer que a relação da teoria com a prática das disciplinas cursadas ocorre de maneira...');
INSERT INTO questao VALUES (6, 'De forma geral, pode-se dizer que o planejamento/organização das aulas pelos professores ocorre de maneira...');
INSERT INTO questao VALUES (7, 'De forma geral, pode-se dizer que a assiduidade dos seus professores ocorre de forma...');
INSERT INTO questao VALUES (8, 'De forma geral, pode-se dizer que a pontualidade dos seus professores pode ser avaliada como... ');


--
-- Data for Name: questao_alternativa; Type: TABLE DATA; Schema: public; Owner: -
--

INSERT INTO questao_alternativa VALUES (1, 1);
INSERT INTO questao_alternativa VALUES (1, 2);
INSERT INTO questao_alternativa VALUES (1, 3);
INSERT INTO questao_alternativa VALUES (1, 4);
INSERT INTO questao_alternativa VALUES (2, 1);
INSERT INTO questao_alternativa VALUES (2, 2);
INSERT INTO questao_alternativa VALUES (2, 3);
INSERT INTO questao_alternativa VALUES (2, 4);
INSERT INTO questao_alternativa VALUES (3, 1);
INSERT INTO questao_alternativa VALUES (3, 2);
INSERT INTO questao_alternativa VALUES (3, 3);
INSERT INTO questao_alternativa VALUES (3, 4);
INSERT INTO questao_alternativa VALUES (4, 1);
INSERT INTO questao_alternativa VALUES (4, 2);
INSERT INTO questao_alternativa VALUES (4, 3);
INSERT INTO questao_alternativa VALUES (4, 4);
INSERT INTO questao_alternativa VALUES (5, 1);
INSERT INTO questao_alternativa VALUES (5, 2);
INSERT INTO questao_alternativa VALUES (5, 3);
INSERT INTO questao_alternativa VALUES (5, 4);
INSERT INTO questao_alternativa VALUES (6, 1);
INSERT INTO questao_alternativa VALUES (6, 2);
INSERT INTO questao_alternativa VALUES (6, 3);
INSERT INTO questao_alternativa VALUES (6, 4);
INSERT INTO questao_alternativa VALUES (7, 1);
INSERT INTO questao_alternativa VALUES (7, 2);
INSERT INTO questao_alternativa VALUES (7, 3);
INSERT INTO questao_alternativa VALUES (7, 4);
INSERT INTO questao_alternativa VALUES (8, 1);
INSERT INTO questao_alternativa VALUES (8, 2);
INSERT INTO questao_alternativa VALUES (8, 3);
INSERT INTO questao_alternativa VALUES (8, 4);


--
-- Data for Name: questionario; Type: TABLE DATA; Schema: public; Owner: -
--

INSERT INTO questionario VALUES (488, 1, 1, 37);
INSERT INTO questionario VALUES (489, 1, 1, 30);
INSERT INTO questionario VALUES (490, 1, 1, 19);
INSERT INTO questionario VALUES (491, 2, 1, 1);
INSERT INTO questionario VALUES (492, 2, 1, 2);
INSERT INTO questionario VALUES (493, 3, 1, 4);
INSERT INTO questionario VALUES (494, 3, 1, 3);
INSERT INTO questionario VALUES (495, 3, 1, 26);
INSERT INTO questionario VALUES (496, 3, 1, 16);
INSERT INTO questionario VALUES (497, 3, 1, 15);
INSERT INTO questionario VALUES (498, 3, 1, 4);
INSERT INTO questionario VALUES (499, 4, 1, 22);
INSERT INTO questionario VALUES (500, 4, 1, 27);
INSERT INTO questionario VALUES (501, 4, 1, 5);
INSERT INTO questionario VALUES (502, 4, 1, 36);
INSERT INTO questionario VALUES (503, 4, 1, 17);
INSERT INTO questionario VALUES (504, 4, 1, 5);
INSERT INTO questionario VALUES (505, 5, 1, 29);
INSERT INTO questionario VALUES (506, 5, 1, 22);
INSERT INTO questionario VALUES (507, 5, 1, 2);
INSERT INTO questionario VALUES (508, 5, 1, 14);
INSERT INTO questionario VALUES (509, 5, 1, 10);
INSERT INTO questionario VALUES (510, 5, 1, 22);
INSERT INTO questionario VALUES (511, 6, 1, 15);
INSERT INTO questionario VALUES (512, 6, 1, 13);
INSERT INTO questionario VALUES (513, 6, 1, 32);
INSERT INTO questionario VALUES (514, 6, 1, 30);
INSERT INTO questionario VALUES (515, 6, 1, 20);
INSERT INTO questionario VALUES (516, 6, 1, 5);
INSERT INTO questionario VALUES (517, 7, 1, 37);
INSERT INTO questionario VALUES (518, 7, 1, 17);
INSERT INTO questionario VALUES (519, 7, 1, 31);
INSERT INTO questionario VALUES (520, 7, 1, 6);
INSERT INTO questionario VALUES (521, 7, 1, 20);
INSERT INTO questionario VALUES (522, 7, 1, 3);
INSERT INTO questionario VALUES (523, 8, 1, 31);
INSERT INTO questionario VALUES (524, 8, 1, 18);
INSERT INTO questionario VALUES (525, 8, 1, 23);
INSERT INTO questionario VALUES (526, 8, 1, 22);
INSERT INTO questionario VALUES (527, 8, 1, 23);
INSERT INTO questionario VALUES (528, 8, 1, 4);
INSERT INTO questionario VALUES (529, 9, 1, 25);
INSERT INTO questionario VALUES (530, 9, 1, 14);
INSERT INTO questionario VALUES (531, 9, 1, 22);
INSERT INTO questionario VALUES (532, 9, 1, 29);
INSERT INTO questionario VALUES (533, 9, 1, 4);
INSERT INTO questionario VALUES (534, 9, 1, 1);
INSERT INTO questionario VALUES (535, 10, 1, 23);
INSERT INTO questionario VALUES (536, 10, 1, 18);
INSERT INTO questionario VALUES (537, 10, 1, 18);
INSERT INTO questionario VALUES (538, 10, 1, 31);
INSERT INTO questionario VALUES (539, 10, 1, 26);
INSERT INTO questionario VALUES (540, 10, 1, 5);
INSERT INTO questionario VALUES (541, 11, 1, 7);
INSERT INTO questionario VALUES (542, 11, 1, 7);
INSERT INTO questionario VALUES (543, 11, 1, 36);
INSERT INTO questionario VALUES (544, 11, 1, 10);
INSERT INTO questionario VALUES (545, 11, 1, 36);
INSERT INTO questionario VALUES (546, 11, 1, 13);
INSERT INTO questionario VALUES (547, 12, 1, 5);
INSERT INTO questionario VALUES (548, 12, 1, 39);
INSERT INTO questionario VALUES (549, 12, 1, 24);
INSERT INTO questionario VALUES (550, 12, 1, 24);
INSERT INTO questionario VALUES (551, 12, 1, 4);
INSERT INTO questionario VALUES (552, 12, 1, 19);
INSERT INTO questionario VALUES (553, 13, 1, 31);
INSERT INTO questionario VALUES (554, 13, 1, 3);
INSERT INTO questionario VALUES (555, 13, 1, 29);
INSERT INTO questionario VALUES (556, 13, 1, 10);
INSERT INTO questionario VALUES (557, 13, 1, 26);
INSERT INTO questionario VALUES (558, 13, 1, 38);
INSERT INTO questionario VALUES (559, 14, 1, 13);
INSERT INTO questionario VALUES (560, 14, 1, 33);
INSERT INTO questionario VALUES (561, 14, 1, 4);
INSERT INTO questionario VALUES (562, 14, 1, 3);
INSERT INTO questionario VALUES (563, 14, 1, 1);
INSERT INTO questionario VALUES (564, 14, 1, 11);
INSERT INTO questionario VALUES (565, 15, 1, 37);
INSERT INTO questionario VALUES (566, 15, 1, 38);
INSERT INTO questionario VALUES (567, 15, 1, 15);
INSERT INTO questionario VALUES (568, 15, 1, 31);
INSERT INTO questionario VALUES (569, 15, 1, 26);
INSERT INTO questionario VALUES (570, 15, 1, 10);
INSERT INTO questionario VALUES (571, 16, 1, 27);
INSERT INTO questionario VALUES (572, 16, 1, 15);
INSERT INTO questionario VALUES (573, 16, 1, 15);
INSERT INTO questionario VALUES (574, 16, 1, 35);
INSERT INTO questionario VALUES (575, 16, 1, 6);
INSERT INTO questionario VALUES (576, 16, 1, 19);
INSERT INTO questionario VALUES (577, 17, 1, 21);
INSERT INTO questionario VALUES (578, 17, 1, 33);
INSERT INTO questionario VALUES (579, 17, 1, 31);
INSERT INTO questionario VALUES (580, 17, 1, 25);
INSERT INTO questionario VALUES (581, 17, 1, 24);
INSERT INTO questionario VALUES (582, 17, 1, 32);
INSERT INTO questionario VALUES (583, 18, 1, 37);
INSERT INTO questionario VALUES (584, 18, 1, 24);
INSERT INTO questionario VALUES (585, 18, 1, 39);
INSERT INTO questionario VALUES (586, 18, 1, 35);
INSERT INTO questionario VALUES (587, 18, 1, 32);
INSERT INTO questionario VALUES (588, 18, 1, 11);
INSERT INTO questionario VALUES (589, 19, 1, 31);
INSERT INTO questionario VALUES (590, 19, 1, 14);
INSERT INTO questionario VALUES (591, 19, 1, 12);
INSERT INTO questionario VALUES (592, 19, 1, 17);
INSERT INTO questionario VALUES (593, 19, 1, 34);
INSERT INTO questionario VALUES (594, 19, 1, 4);
INSERT INTO questionario VALUES (595, 20, 1, 2);
INSERT INTO questionario VALUES (596, 20, 1, 29);
INSERT INTO questionario VALUES (597, 20, 1, 8);
INSERT INTO questionario VALUES (598, 20, 1, 29);
INSERT INTO questionario VALUES (599, 20, 1, 10);
INSERT INTO questionario VALUES (600, 20, 1, 24);
INSERT INTO questionario VALUES (601, 21, 1, 35);
INSERT INTO questionario VALUES (602, 21, 1, 34);
INSERT INTO questionario VALUES (603, 21, 1, 37);
INSERT INTO questionario VALUES (604, 21, 1, 35);
INSERT INTO questionario VALUES (605, 21, 1, 18);
INSERT INTO questionario VALUES (606, 21, 1, 22);
INSERT INTO questionario VALUES (607, 22, 1, 19);
INSERT INTO questionario VALUES (608, 22, 1, 32);
INSERT INTO questionario VALUES (609, 22, 1, 1);
INSERT INTO questionario VALUES (610, 22, 1, 39);
INSERT INTO questionario VALUES (611, 22, 1, 9);
INSERT INTO questionario VALUES (612, 22, 1, 24);
INSERT INTO questionario VALUES (613, 23, 1, 9);
INSERT INTO questionario VALUES (614, 23, 1, 33);
INSERT INTO questionario VALUES (615, 23, 1, 10);
INSERT INTO questionario VALUES (616, 23, 1, 4);
INSERT INTO questionario VALUES (617, 23, 1, 22);
INSERT INTO questionario VALUES (618, 23, 1, 31);
INSERT INTO questionario VALUES (619, 24, 1, 3);
INSERT INTO questionario VALUES (620, 24, 1, 18);
INSERT INTO questionario VALUES (621, 24, 1, 34);
INSERT INTO questionario VALUES (622, 24, 1, 17);
INSERT INTO questionario VALUES (623, 24, 1, 33);
INSERT INTO questionario VALUES (624, 24, 1, 22);
INSERT INTO questionario VALUES (625, 25, 1, 30);
INSERT INTO questionario VALUES (626, 25, 1, 25);
INSERT INTO questionario VALUES (627, 25, 1, 15);
INSERT INTO questionario VALUES (628, 25, 1, 18);
INSERT INTO questionario VALUES (629, 25, 1, 31);
INSERT INTO questionario VALUES (630, 25, 1, 10);
INSERT INTO questionario VALUES (631, 26, 1, 5);
INSERT INTO questionario VALUES (632, 26, 1, 20);
INSERT INTO questionario VALUES (633, 26, 1, 2);
INSERT INTO questionario VALUES (634, 26, 1, 26);
INSERT INTO questionario VALUES (635, 26, 1, 11);
INSERT INTO questionario VALUES (636, 26, 1, 17);
INSERT INTO questionario VALUES (637, 27, 1, 6);
INSERT INTO questionario VALUES (638, 27, 1, 31);
INSERT INTO questionario VALUES (639, 27, 1, 38);
INSERT INTO questionario VALUES (640, 27, 1, 9);
INSERT INTO questionario VALUES (641, 27, 1, 38);
INSERT INTO questionario VALUES (642, 27, 1, 20);
INSERT INTO questionario VALUES (643, 28, 1, 8);
INSERT INTO questionario VALUES (644, 28, 1, 21);
INSERT INTO questionario VALUES (645, 28, 1, 14);
INSERT INTO questionario VALUES (646, 28, 1, 36);
INSERT INTO questionario VALUES (647, 28, 1, 14);
INSERT INTO questionario VALUES (648, 28, 1, 21);
INSERT INTO questionario VALUES (649, 29, 1, 26);
INSERT INTO questionario VALUES (650, 29, 1, 17);
INSERT INTO questionario VALUES (651, 29, 1, 16);
INSERT INTO questionario VALUES (652, 29, 1, 10);
INSERT INTO questionario VALUES (653, 29, 1, 4);
INSERT INTO questionario VALUES (654, 29, 1, 4);
INSERT INTO questionario VALUES (655, 30, 1, 18);
INSERT INTO questionario VALUES (656, 30, 1, 8);
INSERT INTO questionario VALUES (657, 30, 1, 36);
INSERT INTO questionario VALUES (658, 30, 1, 2);
INSERT INTO questionario VALUES (659, 30, 1, 19);
INSERT INTO questionario VALUES (660, 30, 1, 33);
INSERT INTO questionario VALUES (661, 31, 1, 2);
INSERT INTO questionario VALUES (662, 31, 1, 38);
INSERT INTO questionario VALUES (663, 31, 1, 22);
INSERT INTO questionario VALUES (664, 31, 1, 9);
INSERT INTO questionario VALUES (665, 31, 1, 7);
INSERT INTO questionario VALUES (666, 31, 1, 13);
INSERT INTO questionario VALUES (667, 32, 1, 37);
INSERT INTO questionario VALUES (668, 32, 1, 21);
INSERT INTO questionario VALUES (669, 32, 1, 19);
INSERT INTO questionario VALUES (670, 32, 1, 5);
INSERT INTO questionario VALUES (671, 32, 1, 25);
INSERT INTO questionario VALUES (672, 32, 1, 4);
INSERT INTO questionario VALUES (673, 33, 1, 14);
INSERT INTO questionario VALUES (674, 33, 1, 31);
INSERT INTO questionario VALUES (675, 33, 1, 17);
INSERT INTO questionario VALUES (676, 33, 1, 18);
INSERT INTO questionario VALUES (677, 33, 1, 17);
INSERT INTO questionario VALUES (678, 33, 1, 6);
INSERT INTO questionario VALUES (679, 34, 1, 24);
INSERT INTO questionario VALUES (680, 34, 1, 23);
INSERT INTO questionario VALUES (681, 34, 1, 38);
INSERT INTO questionario VALUES (682, 34, 1, 19);
INSERT INTO questionario VALUES (683, 34, 1, 35);
INSERT INTO questionario VALUES (684, 34, 1, 12);
INSERT INTO questionario VALUES (685, 35, 1, 18);
INSERT INTO questionario VALUES (686, 35, 1, 19);
INSERT INTO questionario VALUES (687, 35, 1, 31);
INSERT INTO questionario VALUES (688, 35, 1, 3);
INSERT INTO questionario VALUES (689, 35, 1, 34);
INSERT INTO questionario VALUES (690, 35, 1, 1);
INSERT INTO questionario VALUES (691, 36, 1, 5);
INSERT INTO questionario VALUES (692, 36, 1, 34);
INSERT INTO questionario VALUES (693, 36, 1, 20);
INSERT INTO questionario VALUES (694, 36, 1, 4);
INSERT INTO questionario VALUES (695, 36, 1, 8);
INSERT INTO questionario VALUES (696, 36, 1, 37);
INSERT INTO questionario VALUES (697, 37, 1, 30);
INSERT INTO questionario VALUES (698, 37, 1, 16);
INSERT INTO questionario VALUES (699, 37, 1, 27);
INSERT INTO questionario VALUES (700, 37, 1, 16);
INSERT INTO questionario VALUES (701, 37, 1, 27);
INSERT INTO questionario VALUES (702, 37, 1, 15);
INSERT INTO questionario VALUES (703, 38, 1, 10);
INSERT INTO questionario VALUES (704, 38, 1, 33);
INSERT INTO questionario VALUES (705, 38, 1, 8);
INSERT INTO questionario VALUES (706, 38, 1, 11);
INSERT INTO questionario VALUES (707, 38, 1, 36);
INSERT INTO questionario VALUES (708, 38, 1, 1);
INSERT INTO questionario VALUES (709, 39, 1, 34);
INSERT INTO questionario VALUES (710, 39, 1, 38);
INSERT INTO questionario VALUES (711, 39, 1, 17);
INSERT INTO questionario VALUES (712, 39, 1, 10);
INSERT INTO questionario VALUES (713, 39, 1, 2);
INSERT INTO questionario VALUES (714, 39, 1, 19);
INSERT INTO questionario VALUES (715, 40, 1, 37);
INSERT INTO questionario VALUES (716, 40, 1, 35);
INSERT INTO questionario VALUES (717, 40, 1, 22);
INSERT INTO questionario VALUES (718, 40, 1, 20);
INSERT INTO questionario VALUES (719, 40, 1, 20);
INSERT INTO questionario VALUES (720, 40, 1, 35);
INSERT INTO questionario VALUES (721, 41, 1, 16);
INSERT INTO questionario VALUES (722, 41, 1, 22);
INSERT INTO questionario VALUES (723, 41, 1, 28);
INSERT INTO questionario VALUES (724, 41, 1, 34);
INSERT INTO questionario VALUES (725, 41, 1, 30);
INSERT INTO questionario VALUES (726, 41, 1, 6);
INSERT INTO questionario VALUES (727, 42, 1, 30);
INSERT INTO questionario VALUES (728, 42, 1, 12);
INSERT INTO questionario VALUES (729, 42, 1, 25);
INSERT INTO questionario VALUES (730, 42, 1, 6);
INSERT INTO questionario VALUES (731, 42, 1, 33);
INSERT INTO questionario VALUES (732, 42, 1, 35);
INSERT INTO questionario VALUES (733, 43, 1, 30);
INSERT INTO questionario VALUES (734, 43, 1, 4);
INSERT INTO questionario VALUES (735, 43, 1, 16);
INSERT INTO questionario VALUES (736, 43, 1, 39);
INSERT INTO questionario VALUES (737, 43, 1, 7);
INSERT INTO questionario VALUES (738, 43, 1, 19);
INSERT INTO questionario VALUES (739, 44, 1, 9);
INSERT INTO questionario VALUES (740, 44, 1, 14);
INSERT INTO questionario VALUES (741, 44, 1, 34);
INSERT INTO questionario VALUES (742, 44, 1, 10);
INSERT INTO questionario VALUES (743, 44, 1, 38);
INSERT INTO questionario VALUES (744, 44, 1, 27);
INSERT INTO questionario VALUES (745, 45, 1, 31);
INSERT INTO questionario VALUES (746, 45, 1, 39);
INSERT INTO questionario VALUES (747, 45, 1, 31);
INSERT INTO questionario VALUES (748, 45, 1, 22);
INSERT INTO questionario VALUES (749, 45, 1, 1);
INSERT INTO questionario VALUES (750, 45, 1, 31);
INSERT INTO questionario VALUES (751, 46, 1, 16);
INSERT INTO questionario VALUES (752, 46, 1, 2);
INSERT INTO questionario VALUES (753, 46, 1, 6);
INSERT INTO questionario VALUES (754, 46, 1, 11);
INSERT INTO questionario VALUES (755, 46, 1, 14);
INSERT INTO questionario VALUES (756, 46, 1, 37);
INSERT INTO questionario VALUES (757, 47, 1, 1);
INSERT INTO questionario VALUES (758, 47, 1, 12);
INSERT INTO questionario VALUES (759, 47, 1, 28);
INSERT INTO questionario VALUES (760, 47, 1, 16);
INSERT INTO questionario VALUES (761, 47, 1, 28);
INSERT INTO questionario VALUES (762, 47, 1, 22);
INSERT INTO questionario VALUES (763, 48, 1, 30);
INSERT INTO questionario VALUES (764, 48, 1, 2);
INSERT INTO questionario VALUES (765, 48, 1, 28);
INSERT INTO questionario VALUES (766, 48, 1, 34);
INSERT INTO questionario VALUES (767, 48, 1, 33);
INSERT INTO questionario VALUES (768, 48, 1, 29);
INSERT INTO questionario VALUES (769, 49, 1, 37);
INSERT INTO questionario VALUES (770, 49, 1, 8);
INSERT INTO questionario VALUES (771, 49, 1, 33);
INSERT INTO questionario VALUES (772, 49, 1, 31);
INSERT INTO questionario VALUES (773, 49, 1, 13);
INSERT INTO questionario VALUES (774, 49, 1, 21);
INSERT INTO questionario VALUES (775, 50, 1, 27);
INSERT INTO questionario VALUES (776, 50, 1, 3);
INSERT INTO questionario VALUES (777, 50, 1, 31);
INSERT INTO questionario VALUES (778, 50, 1, 28);
INSERT INTO questionario VALUES (779, 50, 1, 37);
INSERT INTO questionario VALUES (780, 50, 1, 33);
INSERT INTO questionario VALUES (781, 51, 1, 23);
INSERT INTO questionario VALUES (782, 51, 1, 24);
INSERT INTO questionario VALUES (783, 51, 1, 26);
INSERT INTO questionario VALUES (784, 51, 1, 32);
INSERT INTO questionario VALUES (785, 51, 1, 6);
INSERT INTO questionario VALUES (786, 51, 1, 6);
INSERT INTO questionario VALUES (787, 52, 1, 24);
INSERT INTO questionario VALUES (788, 52, 1, 29);
INSERT INTO questionario VALUES (789, 52, 1, 12);
INSERT INTO questionario VALUES (790, 52, 1, 14);
INSERT INTO questionario VALUES (791, 52, 1, 29);
INSERT INTO questionario VALUES (792, 52, 1, 37);


--
-- Data for Name: questionario_resposta; Type: TABLE DATA; Schema: public; Owner: -
--

INSERT INTO questionario_resposta VALUES (488, 1);
INSERT INTO questionario_resposta VALUES (488, 2);
INSERT INTO questionario_resposta VALUES (488, 3);
INSERT INTO questionario_resposta VALUES (488, 4);
INSERT INTO questionario_resposta VALUES (488, 5);
INSERT INTO questionario_resposta VALUES (488, 6);
INSERT INTO questionario_resposta VALUES (488, 7);
INSERT INTO questionario_resposta VALUES (488, 8);
INSERT INTO questionario_resposta VALUES (489, 9);
INSERT INTO questionario_resposta VALUES (489, 10);
INSERT INTO questionario_resposta VALUES (489, 11);
INSERT INTO questionario_resposta VALUES (489, 12);
INSERT INTO questionario_resposta VALUES (489, 13);
INSERT INTO questionario_resposta VALUES (489, 14);
INSERT INTO questionario_resposta VALUES (489, 15);
INSERT INTO questionario_resposta VALUES (489, 16);
INSERT INTO questionario_resposta VALUES (490, 17);
INSERT INTO questionario_resposta VALUES (490, 18);
INSERT INTO questionario_resposta VALUES (490, 19);
INSERT INTO questionario_resposta VALUES (490, 20);
INSERT INTO questionario_resposta VALUES (490, 21);
INSERT INTO questionario_resposta VALUES (490, 22);
INSERT INTO questionario_resposta VALUES (490, 23);
INSERT INTO questionario_resposta VALUES (490, 24);
INSERT INTO questionario_resposta VALUES (491, 25);
INSERT INTO questionario_resposta VALUES (491, 26);
INSERT INTO questionario_resposta VALUES (491, 27);
INSERT INTO questionario_resposta VALUES (491, 28);
INSERT INTO questionario_resposta VALUES (491, 29);
INSERT INTO questionario_resposta VALUES (491, 30);
INSERT INTO questionario_resposta VALUES (491, 31);
INSERT INTO questionario_resposta VALUES (491, 32);
INSERT INTO questionario_resposta VALUES (492, 33);
INSERT INTO questionario_resposta VALUES (492, 34);
INSERT INTO questionario_resposta VALUES (492, 35);
INSERT INTO questionario_resposta VALUES (492, 36);
INSERT INTO questionario_resposta VALUES (492, 37);
INSERT INTO questionario_resposta VALUES (492, 38);
INSERT INTO questionario_resposta VALUES (492, 39);
INSERT INTO questionario_resposta VALUES (492, 40);
INSERT INTO questionario_resposta VALUES (493, 41);
INSERT INTO questionario_resposta VALUES (493, 42);
INSERT INTO questionario_resposta VALUES (493, 43);
INSERT INTO questionario_resposta VALUES (493, 44);
INSERT INTO questionario_resposta VALUES (493, 45);
INSERT INTO questionario_resposta VALUES (493, 46);
INSERT INTO questionario_resposta VALUES (493, 47);
INSERT INTO questionario_resposta VALUES (493, 48);
INSERT INTO questionario_resposta VALUES (494, 49);
INSERT INTO questionario_resposta VALUES (494, 50);
INSERT INTO questionario_resposta VALUES (494, 51);
INSERT INTO questionario_resposta VALUES (494, 52);
INSERT INTO questionario_resposta VALUES (494, 53);
INSERT INTO questionario_resposta VALUES (494, 54);
INSERT INTO questionario_resposta VALUES (494, 55);
INSERT INTO questionario_resposta VALUES (494, 56);
INSERT INTO questionario_resposta VALUES (495, 57);
INSERT INTO questionario_resposta VALUES (495, 58);
INSERT INTO questionario_resposta VALUES (495, 59);
INSERT INTO questionario_resposta VALUES (495, 60);
INSERT INTO questionario_resposta VALUES (495, 61);
INSERT INTO questionario_resposta VALUES (495, 62);
INSERT INTO questionario_resposta VALUES (495, 63);
INSERT INTO questionario_resposta VALUES (495, 64);
INSERT INTO questionario_resposta VALUES (496, 65);
INSERT INTO questionario_resposta VALUES (496, 66);
INSERT INTO questionario_resposta VALUES (496, 67);
INSERT INTO questionario_resposta VALUES (496, 68);
INSERT INTO questionario_resposta VALUES (496, 69);
INSERT INTO questionario_resposta VALUES (496, 70);
INSERT INTO questionario_resposta VALUES (496, 71);
INSERT INTO questionario_resposta VALUES (496, 72);
INSERT INTO questionario_resposta VALUES (497, 73);
INSERT INTO questionario_resposta VALUES (497, 74);
INSERT INTO questionario_resposta VALUES (497, 75);
INSERT INTO questionario_resposta VALUES (497, 76);
INSERT INTO questionario_resposta VALUES (497, 77);
INSERT INTO questionario_resposta VALUES (497, 78);
INSERT INTO questionario_resposta VALUES (497, 79);
INSERT INTO questionario_resposta VALUES (497, 80);
INSERT INTO questionario_resposta VALUES (498, 81);
INSERT INTO questionario_resposta VALUES (498, 82);
INSERT INTO questionario_resposta VALUES (498, 83);
INSERT INTO questionario_resposta VALUES (498, 84);
INSERT INTO questionario_resposta VALUES (498, 85);
INSERT INTO questionario_resposta VALUES (498, 86);
INSERT INTO questionario_resposta VALUES (498, 87);
INSERT INTO questionario_resposta VALUES (498, 88);
INSERT INTO questionario_resposta VALUES (499, 89);
INSERT INTO questionario_resposta VALUES (499, 90);
INSERT INTO questionario_resposta VALUES (499, 91);
INSERT INTO questionario_resposta VALUES (499, 92);
INSERT INTO questionario_resposta VALUES (499, 93);
INSERT INTO questionario_resposta VALUES (499, 94);
INSERT INTO questionario_resposta VALUES (499, 95);
INSERT INTO questionario_resposta VALUES (499, 96);
INSERT INTO questionario_resposta VALUES (500, 97);
INSERT INTO questionario_resposta VALUES (500, 98);
INSERT INTO questionario_resposta VALUES (500, 99);
INSERT INTO questionario_resposta VALUES (500, 100);
INSERT INTO questionario_resposta VALUES (500, 101);
INSERT INTO questionario_resposta VALUES (500, 102);
INSERT INTO questionario_resposta VALUES (500, 103);
INSERT INTO questionario_resposta VALUES (500, 104);
INSERT INTO questionario_resposta VALUES (501, 105);
INSERT INTO questionario_resposta VALUES (501, 106);
INSERT INTO questionario_resposta VALUES (501, 107);
INSERT INTO questionario_resposta VALUES (501, 108);
INSERT INTO questionario_resposta VALUES (501, 109);
INSERT INTO questionario_resposta VALUES (501, 110);
INSERT INTO questionario_resposta VALUES (501, 111);
INSERT INTO questionario_resposta VALUES (501, 112);
INSERT INTO questionario_resposta VALUES (502, 113);
INSERT INTO questionario_resposta VALUES (502, 114);
INSERT INTO questionario_resposta VALUES (502, 115);
INSERT INTO questionario_resposta VALUES (502, 116);
INSERT INTO questionario_resposta VALUES (502, 117);
INSERT INTO questionario_resposta VALUES (502, 118);
INSERT INTO questionario_resposta VALUES (502, 119);
INSERT INTO questionario_resposta VALUES (502, 120);
INSERT INTO questionario_resposta VALUES (503, 121);
INSERT INTO questionario_resposta VALUES (503, 122);
INSERT INTO questionario_resposta VALUES (503, 123);
INSERT INTO questionario_resposta VALUES (503, 124);
INSERT INTO questionario_resposta VALUES (503, 125);
INSERT INTO questionario_resposta VALUES (503, 126);
INSERT INTO questionario_resposta VALUES (503, 127);
INSERT INTO questionario_resposta VALUES (503, 128);
INSERT INTO questionario_resposta VALUES (504, 129);
INSERT INTO questionario_resposta VALUES (504, 130);
INSERT INTO questionario_resposta VALUES (504, 131);
INSERT INTO questionario_resposta VALUES (504, 132);
INSERT INTO questionario_resposta VALUES (504, 133);
INSERT INTO questionario_resposta VALUES (504, 134);
INSERT INTO questionario_resposta VALUES (504, 135);
INSERT INTO questionario_resposta VALUES (504, 136);
INSERT INTO questionario_resposta VALUES (505, 137);
INSERT INTO questionario_resposta VALUES (505, 138);
INSERT INTO questionario_resposta VALUES (505, 139);
INSERT INTO questionario_resposta VALUES (505, 140);
INSERT INTO questionario_resposta VALUES (505, 141);
INSERT INTO questionario_resposta VALUES (505, 142);
INSERT INTO questionario_resposta VALUES (505, 143);
INSERT INTO questionario_resposta VALUES (505, 144);
INSERT INTO questionario_resposta VALUES (506, 145);
INSERT INTO questionario_resposta VALUES (506, 146);
INSERT INTO questionario_resposta VALUES (506, 147);
INSERT INTO questionario_resposta VALUES (506, 148);
INSERT INTO questionario_resposta VALUES (506, 149);
INSERT INTO questionario_resposta VALUES (506, 150);
INSERT INTO questionario_resposta VALUES (506, 151);
INSERT INTO questionario_resposta VALUES (506, 152);
INSERT INTO questionario_resposta VALUES (507, 153);
INSERT INTO questionario_resposta VALUES (507, 154);
INSERT INTO questionario_resposta VALUES (507, 155);
INSERT INTO questionario_resposta VALUES (507, 156);
INSERT INTO questionario_resposta VALUES (507, 157);
INSERT INTO questionario_resposta VALUES (507, 158);
INSERT INTO questionario_resposta VALUES (507, 159);
INSERT INTO questionario_resposta VALUES (507, 160);
INSERT INTO questionario_resposta VALUES (508, 161);
INSERT INTO questionario_resposta VALUES (508, 162);
INSERT INTO questionario_resposta VALUES (508, 163);
INSERT INTO questionario_resposta VALUES (508, 164);
INSERT INTO questionario_resposta VALUES (508, 165);
INSERT INTO questionario_resposta VALUES (508, 166);
INSERT INTO questionario_resposta VALUES (508, 167);
INSERT INTO questionario_resposta VALUES (508, 168);
INSERT INTO questionario_resposta VALUES (509, 169);
INSERT INTO questionario_resposta VALUES (509, 170);
INSERT INTO questionario_resposta VALUES (509, 171);
INSERT INTO questionario_resposta VALUES (509, 172);
INSERT INTO questionario_resposta VALUES (509, 173);
INSERT INTO questionario_resposta VALUES (509, 174);
INSERT INTO questionario_resposta VALUES (509, 175);
INSERT INTO questionario_resposta VALUES (509, 176);
INSERT INTO questionario_resposta VALUES (510, 177);
INSERT INTO questionario_resposta VALUES (510, 178);
INSERT INTO questionario_resposta VALUES (510, 179);
INSERT INTO questionario_resposta VALUES (510, 180);
INSERT INTO questionario_resposta VALUES (510, 181);
INSERT INTO questionario_resposta VALUES (510, 182);
INSERT INTO questionario_resposta VALUES (510, 183);
INSERT INTO questionario_resposta VALUES (510, 184);
INSERT INTO questionario_resposta VALUES (511, 185);
INSERT INTO questionario_resposta VALUES (511, 186);
INSERT INTO questionario_resposta VALUES (511, 187);
INSERT INTO questionario_resposta VALUES (511, 188);
INSERT INTO questionario_resposta VALUES (511, 189);
INSERT INTO questionario_resposta VALUES (511, 190);
INSERT INTO questionario_resposta VALUES (511, 191);
INSERT INTO questionario_resposta VALUES (511, 192);
INSERT INTO questionario_resposta VALUES (512, 193);
INSERT INTO questionario_resposta VALUES (512, 194);
INSERT INTO questionario_resposta VALUES (512, 195);
INSERT INTO questionario_resposta VALUES (512, 196);
INSERT INTO questionario_resposta VALUES (512, 197);
INSERT INTO questionario_resposta VALUES (512, 198);
INSERT INTO questionario_resposta VALUES (512, 199);
INSERT INTO questionario_resposta VALUES (512, 200);
INSERT INTO questionario_resposta VALUES (513, 201);
INSERT INTO questionario_resposta VALUES (513, 202);
INSERT INTO questionario_resposta VALUES (513, 203);
INSERT INTO questionario_resposta VALUES (513, 204);
INSERT INTO questionario_resposta VALUES (513, 205);
INSERT INTO questionario_resposta VALUES (513, 206);
INSERT INTO questionario_resposta VALUES (513, 207);
INSERT INTO questionario_resposta VALUES (513, 208);
INSERT INTO questionario_resposta VALUES (514, 209);
INSERT INTO questionario_resposta VALUES (514, 210);
INSERT INTO questionario_resposta VALUES (514, 211);
INSERT INTO questionario_resposta VALUES (514, 212);
INSERT INTO questionario_resposta VALUES (514, 213);
INSERT INTO questionario_resposta VALUES (514, 214);
INSERT INTO questionario_resposta VALUES (514, 215);
INSERT INTO questionario_resposta VALUES (514, 216);
INSERT INTO questionario_resposta VALUES (515, 217);
INSERT INTO questionario_resposta VALUES (515, 218);
INSERT INTO questionario_resposta VALUES (515, 219);
INSERT INTO questionario_resposta VALUES (515, 220);
INSERT INTO questionario_resposta VALUES (515, 221);
INSERT INTO questionario_resposta VALUES (515, 222);
INSERT INTO questionario_resposta VALUES (515, 223);
INSERT INTO questionario_resposta VALUES (515, 224);
INSERT INTO questionario_resposta VALUES (516, 225);
INSERT INTO questionario_resposta VALUES (516, 226);
INSERT INTO questionario_resposta VALUES (516, 227);
INSERT INTO questionario_resposta VALUES (516, 228);
INSERT INTO questionario_resposta VALUES (516, 229);
INSERT INTO questionario_resposta VALUES (516, 230);
INSERT INTO questionario_resposta VALUES (516, 231);
INSERT INTO questionario_resposta VALUES (516, 232);
INSERT INTO questionario_resposta VALUES (517, 233);
INSERT INTO questionario_resposta VALUES (517, 234);
INSERT INTO questionario_resposta VALUES (517, 235);
INSERT INTO questionario_resposta VALUES (517, 236);
INSERT INTO questionario_resposta VALUES (517, 237);
INSERT INTO questionario_resposta VALUES (517, 238);
INSERT INTO questionario_resposta VALUES (517, 239);
INSERT INTO questionario_resposta VALUES (517, 240);
INSERT INTO questionario_resposta VALUES (518, 241);
INSERT INTO questionario_resposta VALUES (518, 242);
INSERT INTO questionario_resposta VALUES (518, 243);
INSERT INTO questionario_resposta VALUES (518, 244);
INSERT INTO questionario_resposta VALUES (518, 245);
INSERT INTO questionario_resposta VALUES (518, 246);
INSERT INTO questionario_resposta VALUES (518, 247);
INSERT INTO questionario_resposta VALUES (518, 248);
INSERT INTO questionario_resposta VALUES (519, 249);
INSERT INTO questionario_resposta VALUES (519, 250);
INSERT INTO questionario_resposta VALUES (519, 251);
INSERT INTO questionario_resposta VALUES (519, 252);
INSERT INTO questionario_resposta VALUES (519, 253);
INSERT INTO questionario_resposta VALUES (519, 254);
INSERT INTO questionario_resposta VALUES (519, 255);
INSERT INTO questionario_resposta VALUES (519, 256);
INSERT INTO questionario_resposta VALUES (520, 257);
INSERT INTO questionario_resposta VALUES (520, 258);
INSERT INTO questionario_resposta VALUES (520, 259);
INSERT INTO questionario_resposta VALUES (520, 260);
INSERT INTO questionario_resposta VALUES (520, 261);
INSERT INTO questionario_resposta VALUES (520, 262);
INSERT INTO questionario_resposta VALUES (520, 263);
INSERT INTO questionario_resposta VALUES (520, 264);
INSERT INTO questionario_resposta VALUES (521, 265);
INSERT INTO questionario_resposta VALUES (521, 266);
INSERT INTO questionario_resposta VALUES (521, 267);
INSERT INTO questionario_resposta VALUES (521, 268);
INSERT INTO questionario_resposta VALUES (521, 269);
INSERT INTO questionario_resposta VALUES (521, 270);
INSERT INTO questionario_resposta VALUES (521, 271);
INSERT INTO questionario_resposta VALUES (521, 272);
INSERT INTO questionario_resposta VALUES (522, 273);
INSERT INTO questionario_resposta VALUES (522, 274);
INSERT INTO questionario_resposta VALUES (522, 275);
INSERT INTO questionario_resposta VALUES (522, 276);
INSERT INTO questionario_resposta VALUES (522, 277);
INSERT INTO questionario_resposta VALUES (522, 278);
INSERT INTO questionario_resposta VALUES (522, 279);
INSERT INTO questionario_resposta VALUES (522, 280);
INSERT INTO questionario_resposta VALUES (523, 281);
INSERT INTO questionario_resposta VALUES (523, 282);
INSERT INTO questionario_resposta VALUES (523, 283);
INSERT INTO questionario_resposta VALUES (523, 284);
INSERT INTO questionario_resposta VALUES (523, 285);
INSERT INTO questionario_resposta VALUES (523, 286);
INSERT INTO questionario_resposta VALUES (523, 287);
INSERT INTO questionario_resposta VALUES (523, 288);
INSERT INTO questionario_resposta VALUES (524, 289);
INSERT INTO questionario_resposta VALUES (524, 290);
INSERT INTO questionario_resposta VALUES (524, 291);
INSERT INTO questionario_resposta VALUES (524, 292);
INSERT INTO questionario_resposta VALUES (524, 293);
INSERT INTO questionario_resposta VALUES (524, 294);
INSERT INTO questionario_resposta VALUES (524, 295);
INSERT INTO questionario_resposta VALUES (524, 296);
INSERT INTO questionario_resposta VALUES (525, 297);
INSERT INTO questionario_resposta VALUES (525, 298);
INSERT INTO questionario_resposta VALUES (525, 299);
INSERT INTO questionario_resposta VALUES (525, 300);
INSERT INTO questionario_resposta VALUES (525, 301);
INSERT INTO questionario_resposta VALUES (525, 302);
INSERT INTO questionario_resposta VALUES (525, 303);
INSERT INTO questionario_resposta VALUES (525, 304);
INSERT INTO questionario_resposta VALUES (526, 305);
INSERT INTO questionario_resposta VALUES (526, 306);
INSERT INTO questionario_resposta VALUES (526, 307);
INSERT INTO questionario_resposta VALUES (526, 308);
INSERT INTO questionario_resposta VALUES (526, 309);
INSERT INTO questionario_resposta VALUES (526, 310);
INSERT INTO questionario_resposta VALUES (526, 311);
INSERT INTO questionario_resposta VALUES (526, 312);
INSERT INTO questionario_resposta VALUES (527, 313);
INSERT INTO questionario_resposta VALUES (527, 314);
INSERT INTO questionario_resposta VALUES (527, 315);
INSERT INTO questionario_resposta VALUES (527, 316);
INSERT INTO questionario_resposta VALUES (527, 317);
INSERT INTO questionario_resposta VALUES (527, 318);
INSERT INTO questionario_resposta VALUES (527, 319);
INSERT INTO questionario_resposta VALUES (527, 320);
INSERT INTO questionario_resposta VALUES (528, 321);
INSERT INTO questionario_resposta VALUES (528, 322);
INSERT INTO questionario_resposta VALUES (528, 323);
INSERT INTO questionario_resposta VALUES (528, 324);
INSERT INTO questionario_resposta VALUES (528, 325);
INSERT INTO questionario_resposta VALUES (528, 326);
INSERT INTO questionario_resposta VALUES (528, 327);
INSERT INTO questionario_resposta VALUES (528, 328);
INSERT INTO questionario_resposta VALUES (529, 329);
INSERT INTO questionario_resposta VALUES (529, 330);
INSERT INTO questionario_resposta VALUES (529, 331);
INSERT INTO questionario_resposta VALUES (529, 332);
INSERT INTO questionario_resposta VALUES (529, 333);
INSERT INTO questionario_resposta VALUES (529, 334);
INSERT INTO questionario_resposta VALUES (529, 335);
INSERT INTO questionario_resposta VALUES (529, 336);
INSERT INTO questionario_resposta VALUES (530, 337);
INSERT INTO questionario_resposta VALUES (530, 338);
INSERT INTO questionario_resposta VALUES (530, 339);
INSERT INTO questionario_resposta VALUES (530, 340);
INSERT INTO questionario_resposta VALUES (530, 341);
INSERT INTO questionario_resposta VALUES (530, 342);
INSERT INTO questionario_resposta VALUES (530, 343);
INSERT INTO questionario_resposta VALUES (530, 344);
INSERT INTO questionario_resposta VALUES (531, 345);
INSERT INTO questionario_resposta VALUES (531, 346);
INSERT INTO questionario_resposta VALUES (531, 347);
INSERT INTO questionario_resposta VALUES (531, 348);
INSERT INTO questionario_resposta VALUES (531, 349);
INSERT INTO questionario_resposta VALUES (531, 350);
INSERT INTO questionario_resposta VALUES (531, 351);
INSERT INTO questionario_resposta VALUES (531, 352);
INSERT INTO questionario_resposta VALUES (532, 353);
INSERT INTO questionario_resposta VALUES (532, 354);
INSERT INTO questionario_resposta VALUES (532, 355);
INSERT INTO questionario_resposta VALUES (532, 356);
INSERT INTO questionario_resposta VALUES (532, 357);
INSERT INTO questionario_resposta VALUES (532, 358);
INSERT INTO questionario_resposta VALUES (532, 359);
INSERT INTO questionario_resposta VALUES (532, 360);
INSERT INTO questionario_resposta VALUES (533, 361);
INSERT INTO questionario_resposta VALUES (533, 362);
INSERT INTO questionario_resposta VALUES (533, 363);
INSERT INTO questionario_resposta VALUES (533, 364);
INSERT INTO questionario_resposta VALUES (533, 365);
INSERT INTO questionario_resposta VALUES (533, 366);
INSERT INTO questionario_resposta VALUES (533, 367);
INSERT INTO questionario_resposta VALUES (533, 368);
INSERT INTO questionario_resposta VALUES (534, 369);
INSERT INTO questionario_resposta VALUES (534, 370);
INSERT INTO questionario_resposta VALUES (534, 371);
INSERT INTO questionario_resposta VALUES (534, 372);
INSERT INTO questionario_resposta VALUES (534, 373);
INSERT INTO questionario_resposta VALUES (534, 374);
INSERT INTO questionario_resposta VALUES (534, 375);
INSERT INTO questionario_resposta VALUES (534, 376);
INSERT INTO questionario_resposta VALUES (535, 377);
INSERT INTO questionario_resposta VALUES (535, 378);
INSERT INTO questionario_resposta VALUES (535, 379);
INSERT INTO questionario_resposta VALUES (535, 380);
INSERT INTO questionario_resposta VALUES (535, 381);
INSERT INTO questionario_resposta VALUES (535, 382);
INSERT INTO questionario_resposta VALUES (535, 383);
INSERT INTO questionario_resposta VALUES (535, 384);
INSERT INTO questionario_resposta VALUES (536, 385);
INSERT INTO questionario_resposta VALUES (536, 386);
INSERT INTO questionario_resposta VALUES (536, 387);
INSERT INTO questionario_resposta VALUES (536, 388);
INSERT INTO questionario_resposta VALUES (536, 389);
INSERT INTO questionario_resposta VALUES (536, 390);
INSERT INTO questionario_resposta VALUES (536, 391);
INSERT INTO questionario_resposta VALUES (536, 392);
INSERT INTO questionario_resposta VALUES (537, 393);
INSERT INTO questionario_resposta VALUES (537, 394);
INSERT INTO questionario_resposta VALUES (537, 395);
INSERT INTO questionario_resposta VALUES (537, 396);
INSERT INTO questionario_resposta VALUES (537, 397);
INSERT INTO questionario_resposta VALUES (537, 398);
INSERT INTO questionario_resposta VALUES (537, 399);
INSERT INTO questionario_resposta VALUES (537, 400);
INSERT INTO questionario_resposta VALUES (538, 401);
INSERT INTO questionario_resposta VALUES (538, 402);
INSERT INTO questionario_resposta VALUES (538, 403);
INSERT INTO questionario_resposta VALUES (538, 404);
INSERT INTO questionario_resposta VALUES (538, 405);
INSERT INTO questionario_resposta VALUES (538, 406);
INSERT INTO questionario_resposta VALUES (538, 407);
INSERT INTO questionario_resposta VALUES (538, 408);
INSERT INTO questionario_resposta VALUES (539, 409);
INSERT INTO questionario_resposta VALUES (539, 410);
INSERT INTO questionario_resposta VALUES (539, 411);
INSERT INTO questionario_resposta VALUES (539, 412);
INSERT INTO questionario_resposta VALUES (539, 413);
INSERT INTO questionario_resposta VALUES (539, 414);
INSERT INTO questionario_resposta VALUES (539, 415);
INSERT INTO questionario_resposta VALUES (539, 416);
INSERT INTO questionario_resposta VALUES (540, 417);
INSERT INTO questionario_resposta VALUES (540, 418);
INSERT INTO questionario_resposta VALUES (540, 419);
INSERT INTO questionario_resposta VALUES (540, 420);
INSERT INTO questionario_resposta VALUES (540, 421);
INSERT INTO questionario_resposta VALUES (540, 422);
INSERT INTO questionario_resposta VALUES (540, 423);
INSERT INTO questionario_resposta VALUES (540, 424);
INSERT INTO questionario_resposta VALUES (541, 425);
INSERT INTO questionario_resposta VALUES (541, 426);
INSERT INTO questionario_resposta VALUES (541, 427);
INSERT INTO questionario_resposta VALUES (541, 428);
INSERT INTO questionario_resposta VALUES (541, 429);
INSERT INTO questionario_resposta VALUES (541, 430);
INSERT INTO questionario_resposta VALUES (541, 431);
INSERT INTO questionario_resposta VALUES (541, 432);
INSERT INTO questionario_resposta VALUES (542, 433);
INSERT INTO questionario_resposta VALUES (542, 434);
INSERT INTO questionario_resposta VALUES (542, 435);
INSERT INTO questionario_resposta VALUES (542, 436);
INSERT INTO questionario_resposta VALUES (542, 437);
INSERT INTO questionario_resposta VALUES (542, 438);
INSERT INTO questionario_resposta VALUES (542, 439);
INSERT INTO questionario_resposta VALUES (542, 440);
INSERT INTO questionario_resposta VALUES (543, 441);
INSERT INTO questionario_resposta VALUES (543, 442);
INSERT INTO questionario_resposta VALUES (543, 443);
INSERT INTO questionario_resposta VALUES (543, 444);
INSERT INTO questionario_resposta VALUES (543, 445);
INSERT INTO questionario_resposta VALUES (543, 446);
INSERT INTO questionario_resposta VALUES (543, 447);
INSERT INTO questionario_resposta VALUES (543, 448);
INSERT INTO questionario_resposta VALUES (544, 449);
INSERT INTO questionario_resposta VALUES (544, 450);
INSERT INTO questionario_resposta VALUES (544, 451);
INSERT INTO questionario_resposta VALUES (544, 452);
INSERT INTO questionario_resposta VALUES (544, 453);
INSERT INTO questionario_resposta VALUES (544, 454);
INSERT INTO questionario_resposta VALUES (544, 455);
INSERT INTO questionario_resposta VALUES (544, 456);
INSERT INTO questionario_resposta VALUES (545, 457);
INSERT INTO questionario_resposta VALUES (545, 458);
INSERT INTO questionario_resposta VALUES (545, 459);
INSERT INTO questionario_resposta VALUES (545, 460);
INSERT INTO questionario_resposta VALUES (545, 461);
INSERT INTO questionario_resposta VALUES (545, 462);
INSERT INTO questionario_resposta VALUES (545, 463);
INSERT INTO questionario_resposta VALUES (545, 464);
INSERT INTO questionario_resposta VALUES (546, 465);
INSERT INTO questionario_resposta VALUES (546, 466);
INSERT INTO questionario_resposta VALUES (546, 467);
INSERT INTO questionario_resposta VALUES (546, 468);
INSERT INTO questionario_resposta VALUES (546, 469);
INSERT INTO questionario_resposta VALUES (546, 470);
INSERT INTO questionario_resposta VALUES (546, 471);
INSERT INTO questionario_resposta VALUES (546, 472);
INSERT INTO questionario_resposta VALUES (547, 473);
INSERT INTO questionario_resposta VALUES (547, 474);
INSERT INTO questionario_resposta VALUES (547, 475);
INSERT INTO questionario_resposta VALUES (547, 476);
INSERT INTO questionario_resposta VALUES (547, 477);
INSERT INTO questionario_resposta VALUES (547, 478);
INSERT INTO questionario_resposta VALUES (547, 479);
INSERT INTO questionario_resposta VALUES (547, 480);
INSERT INTO questionario_resposta VALUES (548, 481);
INSERT INTO questionario_resposta VALUES (548, 482);
INSERT INTO questionario_resposta VALUES (548, 483);
INSERT INTO questionario_resposta VALUES (548, 484);
INSERT INTO questionario_resposta VALUES (548, 485);
INSERT INTO questionario_resposta VALUES (548, 486);
INSERT INTO questionario_resposta VALUES (548, 487);
INSERT INTO questionario_resposta VALUES (548, 488);
INSERT INTO questionario_resposta VALUES (549, 489);
INSERT INTO questionario_resposta VALUES (549, 490);
INSERT INTO questionario_resposta VALUES (549, 491);
INSERT INTO questionario_resposta VALUES (549, 492);
INSERT INTO questionario_resposta VALUES (549, 493);
INSERT INTO questionario_resposta VALUES (549, 494);
INSERT INTO questionario_resposta VALUES (549, 495);
INSERT INTO questionario_resposta VALUES (549, 496);
INSERT INTO questionario_resposta VALUES (550, 497);
INSERT INTO questionario_resposta VALUES (550, 498);
INSERT INTO questionario_resposta VALUES (550, 499);
INSERT INTO questionario_resposta VALUES (550, 500);
INSERT INTO questionario_resposta VALUES (550, 501);
INSERT INTO questionario_resposta VALUES (550, 502);
INSERT INTO questionario_resposta VALUES (550, 503);
INSERT INTO questionario_resposta VALUES (550, 504);
INSERT INTO questionario_resposta VALUES (551, 505);
INSERT INTO questionario_resposta VALUES (551, 506);
INSERT INTO questionario_resposta VALUES (551, 507);
INSERT INTO questionario_resposta VALUES (551, 508);
INSERT INTO questionario_resposta VALUES (551, 509);
INSERT INTO questionario_resposta VALUES (551, 510);
INSERT INTO questionario_resposta VALUES (551, 511);
INSERT INTO questionario_resposta VALUES (551, 512);
INSERT INTO questionario_resposta VALUES (552, 513);
INSERT INTO questionario_resposta VALUES (552, 514);
INSERT INTO questionario_resposta VALUES (552, 515);
INSERT INTO questionario_resposta VALUES (552, 516);
INSERT INTO questionario_resposta VALUES (552, 517);
INSERT INTO questionario_resposta VALUES (552, 518);
INSERT INTO questionario_resposta VALUES (552, 519);
INSERT INTO questionario_resposta VALUES (552, 520);
INSERT INTO questionario_resposta VALUES (553, 521);
INSERT INTO questionario_resposta VALUES (553, 522);
INSERT INTO questionario_resposta VALUES (553, 523);
INSERT INTO questionario_resposta VALUES (553, 524);
INSERT INTO questionario_resposta VALUES (553, 525);
INSERT INTO questionario_resposta VALUES (553, 526);
INSERT INTO questionario_resposta VALUES (553, 527);
INSERT INTO questionario_resposta VALUES (553, 528);
INSERT INTO questionario_resposta VALUES (554, 529);
INSERT INTO questionario_resposta VALUES (554, 530);
INSERT INTO questionario_resposta VALUES (554, 531);
INSERT INTO questionario_resposta VALUES (554, 532);
INSERT INTO questionario_resposta VALUES (554, 533);
INSERT INTO questionario_resposta VALUES (554, 534);
INSERT INTO questionario_resposta VALUES (554, 535);
INSERT INTO questionario_resposta VALUES (554, 536);
INSERT INTO questionario_resposta VALUES (555, 537);
INSERT INTO questionario_resposta VALUES (555, 538);
INSERT INTO questionario_resposta VALUES (555, 539);
INSERT INTO questionario_resposta VALUES (555, 540);
INSERT INTO questionario_resposta VALUES (555, 541);
INSERT INTO questionario_resposta VALUES (555, 542);
INSERT INTO questionario_resposta VALUES (555, 543);
INSERT INTO questionario_resposta VALUES (555, 544);
INSERT INTO questionario_resposta VALUES (556, 545);
INSERT INTO questionario_resposta VALUES (556, 546);
INSERT INTO questionario_resposta VALUES (556, 547);
INSERT INTO questionario_resposta VALUES (556, 548);
INSERT INTO questionario_resposta VALUES (556, 549);
INSERT INTO questionario_resposta VALUES (556, 550);
INSERT INTO questionario_resposta VALUES (556, 551);
INSERT INTO questionario_resposta VALUES (556, 552);
INSERT INTO questionario_resposta VALUES (557, 553);
INSERT INTO questionario_resposta VALUES (557, 554);
INSERT INTO questionario_resposta VALUES (557, 555);
INSERT INTO questionario_resposta VALUES (557, 556);
INSERT INTO questionario_resposta VALUES (557, 557);
INSERT INTO questionario_resposta VALUES (557, 558);
INSERT INTO questionario_resposta VALUES (557, 559);
INSERT INTO questionario_resposta VALUES (557, 560);
INSERT INTO questionario_resposta VALUES (558, 561);
INSERT INTO questionario_resposta VALUES (558, 562);
INSERT INTO questionario_resposta VALUES (558, 563);
INSERT INTO questionario_resposta VALUES (558, 564);
INSERT INTO questionario_resposta VALUES (558, 565);
INSERT INTO questionario_resposta VALUES (558, 566);
INSERT INTO questionario_resposta VALUES (558, 567);
INSERT INTO questionario_resposta VALUES (558, 568);
INSERT INTO questionario_resposta VALUES (559, 569);
INSERT INTO questionario_resposta VALUES (559, 570);
INSERT INTO questionario_resposta VALUES (559, 571);
INSERT INTO questionario_resposta VALUES (559, 572);
INSERT INTO questionario_resposta VALUES (559, 573);
INSERT INTO questionario_resposta VALUES (559, 574);
INSERT INTO questionario_resposta VALUES (559, 575);
INSERT INTO questionario_resposta VALUES (559, 576);
INSERT INTO questionario_resposta VALUES (560, 577);
INSERT INTO questionario_resposta VALUES (560, 578);
INSERT INTO questionario_resposta VALUES (560, 579);
INSERT INTO questionario_resposta VALUES (560, 580);
INSERT INTO questionario_resposta VALUES (560, 581);
INSERT INTO questionario_resposta VALUES (560, 582);
INSERT INTO questionario_resposta VALUES (560, 583);
INSERT INTO questionario_resposta VALUES (560, 584);
INSERT INTO questionario_resposta VALUES (561, 585);
INSERT INTO questionario_resposta VALUES (561, 586);
INSERT INTO questionario_resposta VALUES (561, 587);
INSERT INTO questionario_resposta VALUES (561, 588);
INSERT INTO questionario_resposta VALUES (561, 589);
INSERT INTO questionario_resposta VALUES (561, 590);
INSERT INTO questionario_resposta VALUES (561, 591);
INSERT INTO questionario_resposta VALUES (561, 592);
INSERT INTO questionario_resposta VALUES (562, 593);
INSERT INTO questionario_resposta VALUES (562, 594);
INSERT INTO questionario_resposta VALUES (562, 595);
INSERT INTO questionario_resposta VALUES (562, 596);
INSERT INTO questionario_resposta VALUES (562, 597);
INSERT INTO questionario_resposta VALUES (562, 598);
INSERT INTO questionario_resposta VALUES (562, 599);
INSERT INTO questionario_resposta VALUES (562, 600);
INSERT INTO questionario_resposta VALUES (563, 601);
INSERT INTO questionario_resposta VALUES (563, 602);
INSERT INTO questionario_resposta VALUES (563, 603);
INSERT INTO questionario_resposta VALUES (563, 604);
INSERT INTO questionario_resposta VALUES (563, 605);
INSERT INTO questionario_resposta VALUES (563, 606);
INSERT INTO questionario_resposta VALUES (563, 607);
INSERT INTO questionario_resposta VALUES (563, 608);
INSERT INTO questionario_resposta VALUES (564, 609);
INSERT INTO questionario_resposta VALUES (564, 610);
INSERT INTO questionario_resposta VALUES (564, 611);
INSERT INTO questionario_resposta VALUES (564, 612);
INSERT INTO questionario_resposta VALUES (564, 613);
INSERT INTO questionario_resposta VALUES (564, 614);
INSERT INTO questionario_resposta VALUES (564, 615);
INSERT INTO questionario_resposta VALUES (564, 616);
INSERT INTO questionario_resposta VALUES (565, 617);
INSERT INTO questionario_resposta VALUES (565, 618);
INSERT INTO questionario_resposta VALUES (565, 619);
INSERT INTO questionario_resposta VALUES (565, 620);
INSERT INTO questionario_resposta VALUES (565, 621);
INSERT INTO questionario_resposta VALUES (565, 622);
INSERT INTO questionario_resposta VALUES (565, 623);
INSERT INTO questionario_resposta VALUES (565, 624);
INSERT INTO questionario_resposta VALUES (566, 625);
INSERT INTO questionario_resposta VALUES (566, 626);
INSERT INTO questionario_resposta VALUES (566, 627);
INSERT INTO questionario_resposta VALUES (566, 628);
INSERT INTO questionario_resposta VALUES (566, 629);
INSERT INTO questionario_resposta VALUES (566, 630);
INSERT INTO questionario_resposta VALUES (566, 631);
INSERT INTO questionario_resposta VALUES (566, 632);
INSERT INTO questionario_resposta VALUES (567, 633);
INSERT INTO questionario_resposta VALUES (567, 634);
INSERT INTO questionario_resposta VALUES (567, 635);
INSERT INTO questionario_resposta VALUES (567, 636);
INSERT INTO questionario_resposta VALUES (567, 637);
INSERT INTO questionario_resposta VALUES (567, 638);
INSERT INTO questionario_resposta VALUES (567, 639);
INSERT INTO questionario_resposta VALUES (567, 640);
INSERT INTO questionario_resposta VALUES (568, 641);
INSERT INTO questionario_resposta VALUES (568, 642);
INSERT INTO questionario_resposta VALUES (568, 643);
INSERT INTO questionario_resposta VALUES (568, 644);
INSERT INTO questionario_resposta VALUES (568, 645);
INSERT INTO questionario_resposta VALUES (568, 646);
INSERT INTO questionario_resposta VALUES (568, 647);
INSERT INTO questionario_resposta VALUES (568, 648);
INSERT INTO questionario_resposta VALUES (569, 649);
INSERT INTO questionario_resposta VALUES (569, 650);
INSERT INTO questionario_resposta VALUES (569, 651);
INSERT INTO questionario_resposta VALUES (569, 652);
INSERT INTO questionario_resposta VALUES (569, 653);
INSERT INTO questionario_resposta VALUES (569, 654);
INSERT INTO questionario_resposta VALUES (569, 655);
INSERT INTO questionario_resposta VALUES (569, 656);
INSERT INTO questionario_resposta VALUES (570, 657);
INSERT INTO questionario_resposta VALUES (570, 658);
INSERT INTO questionario_resposta VALUES (570, 659);
INSERT INTO questionario_resposta VALUES (570, 660);
INSERT INTO questionario_resposta VALUES (570, 661);
INSERT INTO questionario_resposta VALUES (570, 662);
INSERT INTO questionario_resposta VALUES (570, 663);
INSERT INTO questionario_resposta VALUES (570, 664);
INSERT INTO questionario_resposta VALUES (571, 665);
INSERT INTO questionario_resposta VALUES (571, 666);
INSERT INTO questionario_resposta VALUES (571, 667);
INSERT INTO questionario_resposta VALUES (571, 668);
INSERT INTO questionario_resposta VALUES (571, 669);
INSERT INTO questionario_resposta VALUES (571, 670);
INSERT INTO questionario_resposta VALUES (571, 671);
INSERT INTO questionario_resposta VALUES (571, 672);
INSERT INTO questionario_resposta VALUES (572, 673);
INSERT INTO questionario_resposta VALUES (572, 674);
INSERT INTO questionario_resposta VALUES (572, 675);
INSERT INTO questionario_resposta VALUES (572, 676);
INSERT INTO questionario_resposta VALUES (572, 677);
INSERT INTO questionario_resposta VALUES (572, 678);
INSERT INTO questionario_resposta VALUES (572, 679);
INSERT INTO questionario_resposta VALUES (572, 680);
INSERT INTO questionario_resposta VALUES (573, 681);
INSERT INTO questionario_resposta VALUES (573, 682);
INSERT INTO questionario_resposta VALUES (573, 683);
INSERT INTO questionario_resposta VALUES (573, 684);
INSERT INTO questionario_resposta VALUES (573, 685);
INSERT INTO questionario_resposta VALUES (573, 686);
INSERT INTO questionario_resposta VALUES (573, 687);
INSERT INTO questionario_resposta VALUES (573, 688);
INSERT INTO questionario_resposta VALUES (574, 689);
INSERT INTO questionario_resposta VALUES (574, 690);
INSERT INTO questionario_resposta VALUES (574, 691);
INSERT INTO questionario_resposta VALUES (574, 692);
INSERT INTO questionario_resposta VALUES (574, 693);
INSERT INTO questionario_resposta VALUES (574, 694);
INSERT INTO questionario_resposta VALUES (574, 695);
INSERT INTO questionario_resposta VALUES (574, 696);
INSERT INTO questionario_resposta VALUES (575, 697);
INSERT INTO questionario_resposta VALUES (575, 698);
INSERT INTO questionario_resposta VALUES (575, 699);
INSERT INTO questionario_resposta VALUES (575, 700);
INSERT INTO questionario_resposta VALUES (575, 701);
INSERT INTO questionario_resposta VALUES (575, 702);
INSERT INTO questionario_resposta VALUES (575, 703);
INSERT INTO questionario_resposta VALUES (575, 704);
INSERT INTO questionario_resposta VALUES (576, 705);
INSERT INTO questionario_resposta VALUES (576, 706);
INSERT INTO questionario_resposta VALUES (576, 707);
INSERT INTO questionario_resposta VALUES (576, 708);
INSERT INTO questionario_resposta VALUES (576, 709);
INSERT INTO questionario_resposta VALUES (576, 710);
INSERT INTO questionario_resposta VALUES (576, 711);
INSERT INTO questionario_resposta VALUES (576, 712);
INSERT INTO questionario_resposta VALUES (577, 713);
INSERT INTO questionario_resposta VALUES (577, 714);
INSERT INTO questionario_resposta VALUES (577, 715);
INSERT INTO questionario_resposta VALUES (577, 716);
INSERT INTO questionario_resposta VALUES (577, 717);
INSERT INTO questionario_resposta VALUES (577, 718);
INSERT INTO questionario_resposta VALUES (577, 719);
INSERT INTO questionario_resposta VALUES (577, 720);
INSERT INTO questionario_resposta VALUES (578, 721);
INSERT INTO questionario_resposta VALUES (578, 722);
INSERT INTO questionario_resposta VALUES (578, 723);
INSERT INTO questionario_resposta VALUES (578, 724);
INSERT INTO questionario_resposta VALUES (578, 725);
INSERT INTO questionario_resposta VALUES (578, 726);
INSERT INTO questionario_resposta VALUES (578, 727);
INSERT INTO questionario_resposta VALUES (578, 728);
INSERT INTO questionario_resposta VALUES (579, 729);
INSERT INTO questionario_resposta VALUES (579, 730);
INSERT INTO questionario_resposta VALUES (579, 731);
INSERT INTO questionario_resposta VALUES (579, 732);
INSERT INTO questionario_resposta VALUES (579, 733);
INSERT INTO questionario_resposta VALUES (579, 734);
INSERT INTO questionario_resposta VALUES (579, 735);
INSERT INTO questionario_resposta VALUES (579, 736);
INSERT INTO questionario_resposta VALUES (580, 737);
INSERT INTO questionario_resposta VALUES (580, 738);
INSERT INTO questionario_resposta VALUES (580, 739);
INSERT INTO questionario_resposta VALUES (580, 740);
INSERT INTO questionario_resposta VALUES (580, 741);
INSERT INTO questionario_resposta VALUES (580, 742);
INSERT INTO questionario_resposta VALUES (580, 743);
INSERT INTO questionario_resposta VALUES (580, 744);
INSERT INTO questionario_resposta VALUES (581, 745);
INSERT INTO questionario_resposta VALUES (581, 746);
INSERT INTO questionario_resposta VALUES (581, 747);
INSERT INTO questionario_resposta VALUES (581, 748);
INSERT INTO questionario_resposta VALUES (581, 749);
INSERT INTO questionario_resposta VALUES (581, 750);
INSERT INTO questionario_resposta VALUES (581, 751);
INSERT INTO questionario_resposta VALUES (581, 752);
INSERT INTO questionario_resposta VALUES (582, 753);
INSERT INTO questionario_resposta VALUES (582, 754);
INSERT INTO questionario_resposta VALUES (582, 755);
INSERT INTO questionario_resposta VALUES (582, 756);
INSERT INTO questionario_resposta VALUES (582, 757);
INSERT INTO questionario_resposta VALUES (582, 758);
INSERT INTO questionario_resposta VALUES (582, 759);
INSERT INTO questionario_resposta VALUES (582, 760);
INSERT INTO questionario_resposta VALUES (583, 761);
INSERT INTO questionario_resposta VALUES (583, 762);
INSERT INTO questionario_resposta VALUES (583, 763);
INSERT INTO questionario_resposta VALUES (583, 764);
INSERT INTO questionario_resposta VALUES (583, 765);
INSERT INTO questionario_resposta VALUES (583, 766);
INSERT INTO questionario_resposta VALUES (583, 767);
INSERT INTO questionario_resposta VALUES (583, 768);
INSERT INTO questionario_resposta VALUES (584, 769);
INSERT INTO questionario_resposta VALUES (584, 770);
INSERT INTO questionario_resposta VALUES (584, 771);
INSERT INTO questionario_resposta VALUES (584, 772);
INSERT INTO questionario_resposta VALUES (584, 773);
INSERT INTO questionario_resposta VALUES (584, 774);
INSERT INTO questionario_resposta VALUES (584, 775);
INSERT INTO questionario_resposta VALUES (584, 776);
INSERT INTO questionario_resposta VALUES (585, 777);
INSERT INTO questionario_resposta VALUES (585, 778);
INSERT INTO questionario_resposta VALUES (585, 779);
INSERT INTO questionario_resposta VALUES (585, 780);
INSERT INTO questionario_resposta VALUES (585, 781);
INSERT INTO questionario_resposta VALUES (585, 782);
INSERT INTO questionario_resposta VALUES (585, 783);
INSERT INTO questionario_resposta VALUES (585, 784);
INSERT INTO questionario_resposta VALUES (586, 785);
INSERT INTO questionario_resposta VALUES (586, 786);
INSERT INTO questionario_resposta VALUES (586, 787);
INSERT INTO questionario_resposta VALUES (586, 788);
INSERT INTO questionario_resposta VALUES (586, 789);
INSERT INTO questionario_resposta VALUES (586, 790);
INSERT INTO questionario_resposta VALUES (586, 791);
INSERT INTO questionario_resposta VALUES (586, 792);
INSERT INTO questionario_resposta VALUES (587, 793);
INSERT INTO questionario_resposta VALUES (587, 794);
INSERT INTO questionario_resposta VALUES (587, 795);
INSERT INTO questionario_resposta VALUES (587, 796);
INSERT INTO questionario_resposta VALUES (587, 797);
INSERT INTO questionario_resposta VALUES (587, 798);
INSERT INTO questionario_resposta VALUES (587, 799);
INSERT INTO questionario_resposta VALUES (587, 800);
INSERT INTO questionario_resposta VALUES (588, 801);
INSERT INTO questionario_resposta VALUES (588, 802);
INSERT INTO questionario_resposta VALUES (588, 803);
INSERT INTO questionario_resposta VALUES (588, 804);
INSERT INTO questionario_resposta VALUES (588, 805);
INSERT INTO questionario_resposta VALUES (588, 806);
INSERT INTO questionario_resposta VALUES (588, 807);
INSERT INTO questionario_resposta VALUES (588, 808);
INSERT INTO questionario_resposta VALUES (589, 809);
INSERT INTO questionario_resposta VALUES (589, 810);
INSERT INTO questionario_resposta VALUES (589, 811);
INSERT INTO questionario_resposta VALUES (589, 812);
INSERT INTO questionario_resposta VALUES (589, 813);
INSERT INTO questionario_resposta VALUES (589, 814);
INSERT INTO questionario_resposta VALUES (589, 815);
INSERT INTO questionario_resposta VALUES (589, 816);
INSERT INTO questionario_resposta VALUES (590, 817);
INSERT INTO questionario_resposta VALUES (590, 818);
INSERT INTO questionario_resposta VALUES (590, 819);
INSERT INTO questionario_resposta VALUES (590, 820);
INSERT INTO questionario_resposta VALUES (590, 821);
INSERT INTO questionario_resposta VALUES (590, 822);
INSERT INTO questionario_resposta VALUES (590, 823);
INSERT INTO questionario_resposta VALUES (590, 824);
INSERT INTO questionario_resposta VALUES (591, 825);
INSERT INTO questionario_resposta VALUES (591, 826);
INSERT INTO questionario_resposta VALUES (591, 827);
INSERT INTO questionario_resposta VALUES (591, 828);
INSERT INTO questionario_resposta VALUES (591, 829);
INSERT INTO questionario_resposta VALUES (591, 830);
INSERT INTO questionario_resposta VALUES (591, 831);
INSERT INTO questionario_resposta VALUES (591, 832);
INSERT INTO questionario_resposta VALUES (592, 833);
INSERT INTO questionario_resposta VALUES (592, 834);
INSERT INTO questionario_resposta VALUES (592, 835);
INSERT INTO questionario_resposta VALUES (592, 836);
INSERT INTO questionario_resposta VALUES (592, 837);
INSERT INTO questionario_resposta VALUES (592, 838);
INSERT INTO questionario_resposta VALUES (592, 839);
INSERT INTO questionario_resposta VALUES (592, 840);
INSERT INTO questionario_resposta VALUES (593, 841);
INSERT INTO questionario_resposta VALUES (593, 842);
INSERT INTO questionario_resposta VALUES (593, 843);
INSERT INTO questionario_resposta VALUES (593, 844);
INSERT INTO questionario_resposta VALUES (593, 845);
INSERT INTO questionario_resposta VALUES (593, 846);
INSERT INTO questionario_resposta VALUES (593, 847);
INSERT INTO questionario_resposta VALUES (593, 848);
INSERT INTO questionario_resposta VALUES (594, 849);
INSERT INTO questionario_resposta VALUES (594, 850);
INSERT INTO questionario_resposta VALUES (594, 851);
INSERT INTO questionario_resposta VALUES (594, 852);
INSERT INTO questionario_resposta VALUES (594, 853);
INSERT INTO questionario_resposta VALUES (594, 854);
INSERT INTO questionario_resposta VALUES (594, 855);
INSERT INTO questionario_resposta VALUES (594, 856);
INSERT INTO questionario_resposta VALUES (595, 857);
INSERT INTO questionario_resposta VALUES (595, 858);
INSERT INTO questionario_resposta VALUES (595, 859);
INSERT INTO questionario_resposta VALUES (595, 860);
INSERT INTO questionario_resposta VALUES (595, 861);
INSERT INTO questionario_resposta VALUES (595, 862);
INSERT INTO questionario_resposta VALUES (595, 863);
INSERT INTO questionario_resposta VALUES (595, 864);
INSERT INTO questionario_resposta VALUES (596, 865);
INSERT INTO questionario_resposta VALUES (596, 866);
INSERT INTO questionario_resposta VALUES (596, 867);
INSERT INTO questionario_resposta VALUES (596, 868);
INSERT INTO questionario_resposta VALUES (596, 869);
INSERT INTO questionario_resposta VALUES (596, 870);
INSERT INTO questionario_resposta VALUES (596, 871);
INSERT INTO questionario_resposta VALUES (596, 872);
INSERT INTO questionario_resposta VALUES (597, 873);
INSERT INTO questionario_resposta VALUES (597, 874);
INSERT INTO questionario_resposta VALUES (597, 875);
INSERT INTO questionario_resposta VALUES (597, 876);
INSERT INTO questionario_resposta VALUES (597, 877);
INSERT INTO questionario_resposta VALUES (597, 878);
INSERT INTO questionario_resposta VALUES (597, 879);
INSERT INTO questionario_resposta VALUES (597, 880);
INSERT INTO questionario_resposta VALUES (598, 881);
INSERT INTO questionario_resposta VALUES (598, 882);
INSERT INTO questionario_resposta VALUES (598, 883);
INSERT INTO questionario_resposta VALUES (598, 884);
INSERT INTO questionario_resposta VALUES (598, 885);
INSERT INTO questionario_resposta VALUES (598, 886);
INSERT INTO questionario_resposta VALUES (598, 887);
INSERT INTO questionario_resposta VALUES (598, 888);
INSERT INTO questionario_resposta VALUES (599, 889);
INSERT INTO questionario_resposta VALUES (599, 890);
INSERT INTO questionario_resposta VALUES (599, 891);
INSERT INTO questionario_resposta VALUES (599, 892);
INSERT INTO questionario_resposta VALUES (599, 893);
INSERT INTO questionario_resposta VALUES (599, 894);
INSERT INTO questionario_resposta VALUES (599, 895);
INSERT INTO questionario_resposta VALUES (599, 896);
INSERT INTO questionario_resposta VALUES (600, 897);
INSERT INTO questionario_resposta VALUES (600, 898);
INSERT INTO questionario_resposta VALUES (600, 899);
INSERT INTO questionario_resposta VALUES (600, 900);
INSERT INTO questionario_resposta VALUES (600, 901);
INSERT INTO questionario_resposta VALUES (600, 902);
INSERT INTO questionario_resposta VALUES (600, 903);
INSERT INTO questionario_resposta VALUES (600, 904);
INSERT INTO questionario_resposta VALUES (601, 905);
INSERT INTO questionario_resposta VALUES (601, 906);
INSERT INTO questionario_resposta VALUES (601, 907);
INSERT INTO questionario_resposta VALUES (601, 908);
INSERT INTO questionario_resposta VALUES (601, 909);
INSERT INTO questionario_resposta VALUES (601, 910);
INSERT INTO questionario_resposta VALUES (601, 911);
INSERT INTO questionario_resposta VALUES (601, 912);
INSERT INTO questionario_resposta VALUES (602, 913);
INSERT INTO questionario_resposta VALUES (602, 914);
INSERT INTO questionario_resposta VALUES (602, 915);
INSERT INTO questionario_resposta VALUES (602, 916);
INSERT INTO questionario_resposta VALUES (602, 917);
INSERT INTO questionario_resposta VALUES (602, 918);
INSERT INTO questionario_resposta VALUES (602, 919);
INSERT INTO questionario_resposta VALUES (602, 920);
INSERT INTO questionario_resposta VALUES (603, 921);
INSERT INTO questionario_resposta VALUES (603, 922);
INSERT INTO questionario_resposta VALUES (603, 923);
INSERT INTO questionario_resposta VALUES (603, 924);
INSERT INTO questionario_resposta VALUES (603, 925);
INSERT INTO questionario_resposta VALUES (603, 926);
INSERT INTO questionario_resposta VALUES (603, 927);
INSERT INTO questionario_resposta VALUES (603, 928);
INSERT INTO questionario_resposta VALUES (604, 929);
INSERT INTO questionario_resposta VALUES (604, 930);
INSERT INTO questionario_resposta VALUES (604, 931);
INSERT INTO questionario_resposta VALUES (604, 932);
INSERT INTO questionario_resposta VALUES (604, 933);
INSERT INTO questionario_resposta VALUES (604, 934);
INSERT INTO questionario_resposta VALUES (604, 935);
INSERT INTO questionario_resposta VALUES (604, 936);
INSERT INTO questionario_resposta VALUES (605, 937);
INSERT INTO questionario_resposta VALUES (605, 938);
INSERT INTO questionario_resposta VALUES (605, 939);
INSERT INTO questionario_resposta VALUES (605, 940);
INSERT INTO questionario_resposta VALUES (605, 941);
INSERT INTO questionario_resposta VALUES (605, 942);
INSERT INTO questionario_resposta VALUES (605, 943);
INSERT INTO questionario_resposta VALUES (605, 944);
INSERT INTO questionario_resposta VALUES (606, 945);
INSERT INTO questionario_resposta VALUES (606, 946);
INSERT INTO questionario_resposta VALUES (606, 947);
INSERT INTO questionario_resposta VALUES (606, 948);
INSERT INTO questionario_resposta VALUES (606, 949);
INSERT INTO questionario_resposta VALUES (606, 950);
INSERT INTO questionario_resposta VALUES (606, 951);
INSERT INTO questionario_resposta VALUES (606, 952);
INSERT INTO questionario_resposta VALUES (607, 953);
INSERT INTO questionario_resposta VALUES (607, 954);
INSERT INTO questionario_resposta VALUES (607, 955);
INSERT INTO questionario_resposta VALUES (607, 956);
INSERT INTO questionario_resposta VALUES (607, 957);
INSERT INTO questionario_resposta VALUES (607, 958);
INSERT INTO questionario_resposta VALUES (607, 959);
INSERT INTO questionario_resposta VALUES (607, 960);
INSERT INTO questionario_resposta VALUES (608, 961);
INSERT INTO questionario_resposta VALUES (608, 962);
INSERT INTO questionario_resposta VALUES (608, 963);
INSERT INTO questionario_resposta VALUES (608, 964);
INSERT INTO questionario_resposta VALUES (608, 965);
INSERT INTO questionario_resposta VALUES (608, 966);
INSERT INTO questionario_resposta VALUES (608, 967);
INSERT INTO questionario_resposta VALUES (608, 968);
INSERT INTO questionario_resposta VALUES (609, 969);
INSERT INTO questionario_resposta VALUES (609, 970);
INSERT INTO questionario_resposta VALUES (609, 971);
INSERT INTO questionario_resposta VALUES (609, 972);
INSERT INTO questionario_resposta VALUES (609, 973);
INSERT INTO questionario_resposta VALUES (609, 974);
INSERT INTO questionario_resposta VALUES (609, 975);
INSERT INTO questionario_resposta VALUES (609, 976);
INSERT INTO questionario_resposta VALUES (610, 977);
INSERT INTO questionario_resposta VALUES (610, 978);
INSERT INTO questionario_resposta VALUES (610, 979);
INSERT INTO questionario_resposta VALUES (610, 980);
INSERT INTO questionario_resposta VALUES (610, 981);
INSERT INTO questionario_resposta VALUES (610, 982);
INSERT INTO questionario_resposta VALUES (610, 983);
INSERT INTO questionario_resposta VALUES (610, 984);
INSERT INTO questionario_resposta VALUES (611, 985);
INSERT INTO questionario_resposta VALUES (611, 986);
INSERT INTO questionario_resposta VALUES (611, 987);
INSERT INTO questionario_resposta VALUES (611, 988);
INSERT INTO questionario_resposta VALUES (611, 989);
INSERT INTO questionario_resposta VALUES (611, 990);
INSERT INTO questionario_resposta VALUES (611, 991);
INSERT INTO questionario_resposta VALUES (611, 992);
INSERT INTO questionario_resposta VALUES (612, 993);
INSERT INTO questionario_resposta VALUES (612, 994);
INSERT INTO questionario_resposta VALUES (612, 995);
INSERT INTO questionario_resposta VALUES (612, 996);
INSERT INTO questionario_resposta VALUES (612, 997);
INSERT INTO questionario_resposta VALUES (612, 998);
INSERT INTO questionario_resposta VALUES (612, 999);
INSERT INTO questionario_resposta VALUES (612, 1000);
INSERT INTO questionario_resposta VALUES (613, 1001);
INSERT INTO questionario_resposta VALUES (613, 1002);
INSERT INTO questionario_resposta VALUES (613, 1003);
INSERT INTO questionario_resposta VALUES (613, 1004);
INSERT INTO questionario_resposta VALUES (613, 1005);
INSERT INTO questionario_resposta VALUES (613, 1006);
INSERT INTO questionario_resposta VALUES (613, 1007);
INSERT INTO questionario_resposta VALUES (613, 1008);
INSERT INTO questionario_resposta VALUES (614, 1009);
INSERT INTO questionario_resposta VALUES (614, 1010);
INSERT INTO questionario_resposta VALUES (614, 1011);
INSERT INTO questionario_resposta VALUES (614, 1012);
INSERT INTO questionario_resposta VALUES (614, 1013);
INSERT INTO questionario_resposta VALUES (614, 1014);
INSERT INTO questionario_resposta VALUES (614, 1015);
INSERT INTO questionario_resposta VALUES (614, 1016);
INSERT INTO questionario_resposta VALUES (615, 1017);
INSERT INTO questionario_resposta VALUES (615, 1018);
INSERT INTO questionario_resposta VALUES (615, 1019);
INSERT INTO questionario_resposta VALUES (615, 1020);
INSERT INTO questionario_resposta VALUES (615, 1021);
INSERT INTO questionario_resposta VALUES (615, 1022);
INSERT INTO questionario_resposta VALUES (615, 1023);
INSERT INTO questionario_resposta VALUES (615, 1024);
INSERT INTO questionario_resposta VALUES (616, 1025);
INSERT INTO questionario_resposta VALUES (616, 1026);
INSERT INTO questionario_resposta VALUES (616, 1027);
INSERT INTO questionario_resposta VALUES (616, 1028);
INSERT INTO questionario_resposta VALUES (616, 1029);
INSERT INTO questionario_resposta VALUES (616, 1030);
INSERT INTO questionario_resposta VALUES (616, 1031);
INSERT INTO questionario_resposta VALUES (616, 1032);
INSERT INTO questionario_resposta VALUES (617, 1033);
INSERT INTO questionario_resposta VALUES (617, 1034);
INSERT INTO questionario_resposta VALUES (617, 1035);
INSERT INTO questionario_resposta VALUES (617, 1036);
INSERT INTO questionario_resposta VALUES (617, 1037);
INSERT INTO questionario_resposta VALUES (617, 1038);
INSERT INTO questionario_resposta VALUES (617, 1039);
INSERT INTO questionario_resposta VALUES (617, 1040);
INSERT INTO questionario_resposta VALUES (618, 1041);
INSERT INTO questionario_resposta VALUES (618, 1042);
INSERT INTO questionario_resposta VALUES (618, 1043);
INSERT INTO questionario_resposta VALUES (618, 1044);
INSERT INTO questionario_resposta VALUES (618, 1045);
INSERT INTO questionario_resposta VALUES (618, 1046);
INSERT INTO questionario_resposta VALUES (618, 1047);
INSERT INTO questionario_resposta VALUES (618, 1048);
INSERT INTO questionario_resposta VALUES (619, 1049);
INSERT INTO questionario_resposta VALUES (619, 1050);
INSERT INTO questionario_resposta VALUES (619, 1051);
INSERT INTO questionario_resposta VALUES (619, 1052);
INSERT INTO questionario_resposta VALUES (619, 1053);
INSERT INTO questionario_resposta VALUES (619, 1054);
INSERT INTO questionario_resposta VALUES (619, 1055);
INSERT INTO questionario_resposta VALUES (619, 1056);
INSERT INTO questionario_resposta VALUES (620, 1057);
INSERT INTO questionario_resposta VALUES (620, 1058);
INSERT INTO questionario_resposta VALUES (620, 1059);
INSERT INTO questionario_resposta VALUES (620, 1060);
INSERT INTO questionario_resposta VALUES (620, 1061);
INSERT INTO questionario_resposta VALUES (620, 1062);
INSERT INTO questionario_resposta VALUES (620, 1063);
INSERT INTO questionario_resposta VALUES (620, 1064);
INSERT INTO questionario_resposta VALUES (621, 1065);
INSERT INTO questionario_resposta VALUES (621, 1066);
INSERT INTO questionario_resposta VALUES (621, 1067);
INSERT INTO questionario_resposta VALUES (621, 1068);
INSERT INTO questionario_resposta VALUES (621, 1069);
INSERT INTO questionario_resposta VALUES (621, 1070);
INSERT INTO questionario_resposta VALUES (621, 1071);
INSERT INTO questionario_resposta VALUES (621, 1072);
INSERT INTO questionario_resposta VALUES (622, 1073);
INSERT INTO questionario_resposta VALUES (622, 1074);
INSERT INTO questionario_resposta VALUES (622, 1075);
INSERT INTO questionario_resposta VALUES (622, 1076);
INSERT INTO questionario_resposta VALUES (622, 1077);
INSERT INTO questionario_resposta VALUES (622, 1078);
INSERT INTO questionario_resposta VALUES (622, 1079);
INSERT INTO questionario_resposta VALUES (622, 1080);
INSERT INTO questionario_resposta VALUES (623, 1081);
INSERT INTO questionario_resposta VALUES (623, 1082);
INSERT INTO questionario_resposta VALUES (623, 1083);
INSERT INTO questionario_resposta VALUES (623, 1084);
INSERT INTO questionario_resposta VALUES (623, 1085);
INSERT INTO questionario_resposta VALUES (623, 1086);
INSERT INTO questionario_resposta VALUES (623, 1087);
INSERT INTO questionario_resposta VALUES (623, 1088);
INSERT INTO questionario_resposta VALUES (624, 1089);
INSERT INTO questionario_resposta VALUES (624, 1090);
INSERT INTO questionario_resposta VALUES (624, 1091);
INSERT INTO questionario_resposta VALUES (624, 1092);
INSERT INTO questionario_resposta VALUES (624, 1093);
INSERT INTO questionario_resposta VALUES (624, 1094);
INSERT INTO questionario_resposta VALUES (624, 1095);
INSERT INTO questionario_resposta VALUES (624, 1096);
INSERT INTO questionario_resposta VALUES (625, 1097);
INSERT INTO questionario_resposta VALUES (625, 1098);
INSERT INTO questionario_resposta VALUES (625, 1099);
INSERT INTO questionario_resposta VALUES (625, 1100);
INSERT INTO questionario_resposta VALUES (625, 1101);
INSERT INTO questionario_resposta VALUES (625, 1102);
INSERT INTO questionario_resposta VALUES (625, 1103);
INSERT INTO questionario_resposta VALUES (625, 1104);
INSERT INTO questionario_resposta VALUES (626, 1105);
INSERT INTO questionario_resposta VALUES (626, 1106);
INSERT INTO questionario_resposta VALUES (626, 1107);
INSERT INTO questionario_resposta VALUES (626, 1108);
INSERT INTO questionario_resposta VALUES (626, 1109);
INSERT INTO questionario_resposta VALUES (626, 1110);
INSERT INTO questionario_resposta VALUES (626, 1111);
INSERT INTO questionario_resposta VALUES (626, 1112);
INSERT INTO questionario_resposta VALUES (627, 1113);
INSERT INTO questionario_resposta VALUES (627, 1114);
INSERT INTO questionario_resposta VALUES (627, 1115);
INSERT INTO questionario_resposta VALUES (627, 1116);
INSERT INTO questionario_resposta VALUES (627, 1117);
INSERT INTO questionario_resposta VALUES (627, 1118);
INSERT INTO questionario_resposta VALUES (627, 1119);
INSERT INTO questionario_resposta VALUES (627, 1120);
INSERT INTO questionario_resposta VALUES (628, 1121);
INSERT INTO questionario_resposta VALUES (628, 1122);
INSERT INTO questionario_resposta VALUES (628, 1123);
INSERT INTO questionario_resposta VALUES (628, 1124);
INSERT INTO questionario_resposta VALUES (628, 1125);
INSERT INTO questionario_resposta VALUES (628, 1126);
INSERT INTO questionario_resposta VALUES (628, 1127);
INSERT INTO questionario_resposta VALUES (628, 1128);
INSERT INTO questionario_resposta VALUES (629, 1129);
INSERT INTO questionario_resposta VALUES (629, 1130);
INSERT INTO questionario_resposta VALUES (629, 1131);
INSERT INTO questionario_resposta VALUES (629, 1132);
INSERT INTO questionario_resposta VALUES (629, 1133);
INSERT INTO questionario_resposta VALUES (629, 1134);
INSERT INTO questionario_resposta VALUES (629, 1135);
INSERT INTO questionario_resposta VALUES (629, 1136);
INSERT INTO questionario_resposta VALUES (630, 1137);
INSERT INTO questionario_resposta VALUES (630, 1138);
INSERT INTO questionario_resposta VALUES (630, 1139);
INSERT INTO questionario_resposta VALUES (630, 1140);
INSERT INTO questionario_resposta VALUES (630, 1141);
INSERT INTO questionario_resposta VALUES (630, 1142);
INSERT INTO questionario_resposta VALUES (630, 1143);
INSERT INTO questionario_resposta VALUES (630, 1144);
INSERT INTO questionario_resposta VALUES (631, 1145);
INSERT INTO questionario_resposta VALUES (631, 1146);
INSERT INTO questionario_resposta VALUES (631, 1147);
INSERT INTO questionario_resposta VALUES (631, 1148);
INSERT INTO questionario_resposta VALUES (631, 1149);
INSERT INTO questionario_resposta VALUES (631, 1150);
INSERT INTO questionario_resposta VALUES (631, 1151);
INSERT INTO questionario_resposta VALUES (631, 1152);
INSERT INTO questionario_resposta VALUES (632, 1153);
INSERT INTO questionario_resposta VALUES (632, 1154);
INSERT INTO questionario_resposta VALUES (632, 1155);
INSERT INTO questionario_resposta VALUES (632, 1156);
INSERT INTO questionario_resposta VALUES (632, 1157);
INSERT INTO questionario_resposta VALUES (632, 1158);
INSERT INTO questionario_resposta VALUES (632, 1159);
INSERT INTO questionario_resposta VALUES (632, 1160);
INSERT INTO questionario_resposta VALUES (633, 1161);
INSERT INTO questionario_resposta VALUES (633, 1162);
INSERT INTO questionario_resposta VALUES (633, 1163);
INSERT INTO questionario_resposta VALUES (633, 1164);
INSERT INTO questionario_resposta VALUES (633, 1165);
INSERT INTO questionario_resposta VALUES (633, 1166);
INSERT INTO questionario_resposta VALUES (633, 1167);
INSERT INTO questionario_resposta VALUES (633, 1168);
INSERT INTO questionario_resposta VALUES (634, 1169);
INSERT INTO questionario_resposta VALUES (634, 1170);
INSERT INTO questionario_resposta VALUES (634, 1171);
INSERT INTO questionario_resposta VALUES (634, 1172);
INSERT INTO questionario_resposta VALUES (634, 1173);
INSERT INTO questionario_resposta VALUES (634, 1174);
INSERT INTO questionario_resposta VALUES (634, 1175);
INSERT INTO questionario_resposta VALUES (634, 1176);
INSERT INTO questionario_resposta VALUES (635, 1177);
INSERT INTO questionario_resposta VALUES (635, 1178);
INSERT INTO questionario_resposta VALUES (635, 1179);
INSERT INTO questionario_resposta VALUES (635, 1180);
INSERT INTO questionario_resposta VALUES (635, 1181);
INSERT INTO questionario_resposta VALUES (635, 1182);
INSERT INTO questionario_resposta VALUES (635, 1183);
INSERT INTO questionario_resposta VALUES (635, 1184);
INSERT INTO questionario_resposta VALUES (636, 1185);
INSERT INTO questionario_resposta VALUES (636, 1186);
INSERT INTO questionario_resposta VALUES (636, 1187);
INSERT INTO questionario_resposta VALUES (636, 1188);
INSERT INTO questionario_resposta VALUES (636, 1189);
INSERT INTO questionario_resposta VALUES (636, 1190);
INSERT INTO questionario_resposta VALUES (636, 1191);
INSERT INTO questionario_resposta VALUES (636, 1192);
INSERT INTO questionario_resposta VALUES (637, 1193);
INSERT INTO questionario_resposta VALUES (637, 1194);
INSERT INTO questionario_resposta VALUES (637, 1195);
INSERT INTO questionario_resposta VALUES (637, 1196);
INSERT INTO questionario_resposta VALUES (637, 1197);
INSERT INTO questionario_resposta VALUES (637, 1198);
INSERT INTO questionario_resposta VALUES (637, 1199);
INSERT INTO questionario_resposta VALUES (637, 1200);
INSERT INTO questionario_resposta VALUES (638, 1201);
INSERT INTO questionario_resposta VALUES (638, 1202);
INSERT INTO questionario_resposta VALUES (638, 1203);
INSERT INTO questionario_resposta VALUES (638, 1204);
INSERT INTO questionario_resposta VALUES (638, 1205);
INSERT INTO questionario_resposta VALUES (638, 1206);
INSERT INTO questionario_resposta VALUES (638, 1207);
INSERT INTO questionario_resposta VALUES (638, 1208);
INSERT INTO questionario_resposta VALUES (639, 1209);
INSERT INTO questionario_resposta VALUES (639, 1210);
INSERT INTO questionario_resposta VALUES (639, 1211);
INSERT INTO questionario_resposta VALUES (639, 1212);
INSERT INTO questionario_resposta VALUES (639, 1213);
INSERT INTO questionario_resposta VALUES (639, 1214);
INSERT INTO questionario_resposta VALUES (639, 1215);
INSERT INTO questionario_resposta VALUES (639, 1216);
INSERT INTO questionario_resposta VALUES (640, 1217);
INSERT INTO questionario_resposta VALUES (640, 1218);
INSERT INTO questionario_resposta VALUES (640, 1219);
INSERT INTO questionario_resposta VALUES (640, 1220);
INSERT INTO questionario_resposta VALUES (640, 1221);
INSERT INTO questionario_resposta VALUES (640, 1222);
INSERT INTO questionario_resposta VALUES (640, 1223);
INSERT INTO questionario_resposta VALUES (640, 1224);
INSERT INTO questionario_resposta VALUES (641, 1225);
INSERT INTO questionario_resposta VALUES (641, 1226);
INSERT INTO questionario_resposta VALUES (641, 1227);
INSERT INTO questionario_resposta VALUES (641, 1228);
INSERT INTO questionario_resposta VALUES (641, 1229);
INSERT INTO questionario_resposta VALUES (641, 1230);
INSERT INTO questionario_resposta VALUES (641, 1231);
INSERT INTO questionario_resposta VALUES (641, 1232);
INSERT INTO questionario_resposta VALUES (642, 1233);
INSERT INTO questionario_resposta VALUES (642, 1234);
INSERT INTO questionario_resposta VALUES (642, 1235);
INSERT INTO questionario_resposta VALUES (642, 1236);
INSERT INTO questionario_resposta VALUES (642, 1237);
INSERT INTO questionario_resposta VALUES (642, 1238);
INSERT INTO questionario_resposta VALUES (642, 1239);
INSERT INTO questionario_resposta VALUES (642, 1240);
INSERT INTO questionario_resposta VALUES (643, 1241);
INSERT INTO questionario_resposta VALUES (643, 1242);
INSERT INTO questionario_resposta VALUES (643, 1243);
INSERT INTO questionario_resposta VALUES (643, 1244);
INSERT INTO questionario_resposta VALUES (643, 1245);
INSERT INTO questionario_resposta VALUES (643, 1246);
INSERT INTO questionario_resposta VALUES (643, 1247);
INSERT INTO questionario_resposta VALUES (643, 1248);
INSERT INTO questionario_resposta VALUES (644, 1249);
INSERT INTO questionario_resposta VALUES (644, 1250);
INSERT INTO questionario_resposta VALUES (644, 1251);
INSERT INTO questionario_resposta VALUES (644, 1252);
INSERT INTO questionario_resposta VALUES (644, 1253);
INSERT INTO questionario_resposta VALUES (644, 1254);
INSERT INTO questionario_resposta VALUES (644, 1255);
INSERT INTO questionario_resposta VALUES (644, 1256);
INSERT INTO questionario_resposta VALUES (645, 1257);
INSERT INTO questionario_resposta VALUES (645, 1258);
INSERT INTO questionario_resposta VALUES (645, 1259);
INSERT INTO questionario_resposta VALUES (645, 1260);
INSERT INTO questionario_resposta VALUES (645, 1261);
INSERT INTO questionario_resposta VALUES (645, 1262);
INSERT INTO questionario_resposta VALUES (645, 1263);
INSERT INTO questionario_resposta VALUES (645, 1264);
INSERT INTO questionario_resposta VALUES (646, 1265);
INSERT INTO questionario_resposta VALUES (646, 1266);
INSERT INTO questionario_resposta VALUES (646, 1267);
INSERT INTO questionario_resposta VALUES (646, 1268);
INSERT INTO questionario_resposta VALUES (646, 1269);
INSERT INTO questionario_resposta VALUES (646, 1270);
INSERT INTO questionario_resposta VALUES (646, 1271);
INSERT INTO questionario_resposta VALUES (646, 1272);
INSERT INTO questionario_resposta VALUES (647, 1273);
INSERT INTO questionario_resposta VALUES (647, 1274);
INSERT INTO questionario_resposta VALUES (647, 1275);
INSERT INTO questionario_resposta VALUES (647, 1276);
INSERT INTO questionario_resposta VALUES (647, 1277);
INSERT INTO questionario_resposta VALUES (647, 1278);
INSERT INTO questionario_resposta VALUES (647, 1279);
INSERT INTO questionario_resposta VALUES (647, 1280);
INSERT INTO questionario_resposta VALUES (648, 1281);
INSERT INTO questionario_resposta VALUES (648, 1282);
INSERT INTO questionario_resposta VALUES (648, 1283);
INSERT INTO questionario_resposta VALUES (648, 1284);
INSERT INTO questionario_resposta VALUES (648, 1285);
INSERT INTO questionario_resposta VALUES (648, 1286);
INSERT INTO questionario_resposta VALUES (648, 1287);
INSERT INTO questionario_resposta VALUES (648, 1288);
INSERT INTO questionario_resposta VALUES (649, 1289);
INSERT INTO questionario_resposta VALUES (649, 1290);
INSERT INTO questionario_resposta VALUES (649, 1291);
INSERT INTO questionario_resposta VALUES (649, 1292);
INSERT INTO questionario_resposta VALUES (649, 1293);
INSERT INTO questionario_resposta VALUES (649, 1294);
INSERT INTO questionario_resposta VALUES (649, 1295);
INSERT INTO questionario_resposta VALUES (649, 1296);
INSERT INTO questionario_resposta VALUES (650, 1297);
INSERT INTO questionario_resposta VALUES (650, 1298);
INSERT INTO questionario_resposta VALUES (650, 1299);
INSERT INTO questionario_resposta VALUES (650, 1300);
INSERT INTO questionario_resposta VALUES (650, 1301);
INSERT INTO questionario_resposta VALUES (650, 1302);
INSERT INTO questionario_resposta VALUES (650, 1303);
INSERT INTO questionario_resposta VALUES (650, 1304);
INSERT INTO questionario_resposta VALUES (651, 1305);
INSERT INTO questionario_resposta VALUES (651, 1306);
INSERT INTO questionario_resposta VALUES (651, 1307);
INSERT INTO questionario_resposta VALUES (651, 1308);
INSERT INTO questionario_resposta VALUES (651, 1309);
INSERT INTO questionario_resposta VALUES (651, 1310);
INSERT INTO questionario_resposta VALUES (651, 1311);
INSERT INTO questionario_resposta VALUES (651, 1312);
INSERT INTO questionario_resposta VALUES (652, 1313);
INSERT INTO questionario_resposta VALUES (652, 1314);
INSERT INTO questionario_resposta VALUES (652, 1315);
INSERT INTO questionario_resposta VALUES (652, 1316);
INSERT INTO questionario_resposta VALUES (652, 1317);
INSERT INTO questionario_resposta VALUES (652, 1318);
INSERT INTO questionario_resposta VALUES (652, 1319);
INSERT INTO questionario_resposta VALUES (652, 1320);
INSERT INTO questionario_resposta VALUES (653, 1321);
INSERT INTO questionario_resposta VALUES (653, 1322);
INSERT INTO questionario_resposta VALUES (653, 1323);
INSERT INTO questionario_resposta VALUES (653, 1324);
INSERT INTO questionario_resposta VALUES (653, 1325);
INSERT INTO questionario_resposta VALUES (653, 1326);
INSERT INTO questionario_resposta VALUES (653, 1327);
INSERT INTO questionario_resposta VALUES (653, 1328);
INSERT INTO questionario_resposta VALUES (654, 1329);
INSERT INTO questionario_resposta VALUES (654, 1330);
INSERT INTO questionario_resposta VALUES (654, 1331);
INSERT INTO questionario_resposta VALUES (654, 1332);
INSERT INTO questionario_resposta VALUES (654, 1333);
INSERT INTO questionario_resposta VALUES (654, 1334);
INSERT INTO questionario_resposta VALUES (654, 1335);
INSERT INTO questionario_resposta VALUES (654, 1336);
INSERT INTO questionario_resposta VALUES (655, 1337);
INSERT INTO questionario_resposta VALUES (655, 1338);
INSERT INTO questionario_resposta VALUES (655, 1339);
INSERT INTO questionario_resposta VALUES (655, 1340);
INSERT INTO questionario_resposta VALUES (655, 1341);
INSERT INTO questionario_resposta VALUES (655, 1342);
INSERT INTO questionario_resposta VALUES (655, 1343);
INSERT INTO questionario_resposta VALUES (655, 1344);
INSERT INTO questionario_resposta VALUES (656, 1345);
INSERT INTO questionario_resposta VALUES (656, 1346);
INSERT INTO questionario_resposta VALUES (656, 1347);
INSERT INTO questionario_resposta VALUES (656, 1348);
INSERT INTO questionario_resposta VALUES (656, 1349);
INSERT INTO questionario_resposta VALUES (656, 1350);
INSERT INTO questionario_resposta VALUES (656, 1351);
INSERT INTO questionario_resposta VALUES (656, 1352);
INSERT INTO questionario_resposta VALUES (657, 1353);
INSERT INTO questionario_resposta VALUES (657, 1354);
INSERT INTO questionario_resposta VALUES (657, 1355);
INSERT INTO questionario_resposta VALUES (657, 1356);
INSERT INTO questionario_resposta VALUES (657, 1357);
INSERT INTO questionario_resposta VALUES (657, 1358);
INSERT INTO questionario_resposta VALUES (657, 1359);
INSERT INTO questionario_resposta VALUES (657, 1360);
INSERT INTO questionario_resposta VALUES (658, 1361);
INSERT INTO questionario_resposta VALUES (658, 1362);
INSERT INTO questionario_resposta VALUES (658, 1363);
INSERT INTO questionario_resposta VALUES (658, 1364);
INSERT INTO questionario_resposta VALUES (658, 1365);
INSERT INTO questionario_resposta VALUES (658, 1366);
INSERT INTO questionario_resposta VALUES (658, 1367);
INSERT INTO questionario_resposta VALUES (658, 1368);
INSERT INTO questionario_resposta VALUES (659, 1369);
INSERT INTO questionario_resposta VALUES (659, 1370);
INSERT INTO questionario_resposta VALUES (659, 1371);
INSERT INTO questionario_resposta VALUES (659, 1372);
INSERT INTO questionario_resposta VALUES (659, 1373);
INSERT INTO questionario_resposta VALUES (659, 1374);
INSERT INTO questionario_resposta VALUES (659, 1375);
INSERT INTO questionario_resposta VALUES (659, 1376);
INSERT INTO questionario_resposta VALUES (660, 1377);
INSERT INTO questionario_resposta VALUES (660, 1378);
INSERT INTO questionario_resposta VALUES (660, 1379);
INSERT INTO questionario_resposta VALUES (660, 1380);
INSERT INTO questionario_resposta VALUES (660, 1381);
INSERT INTO questionario_resposta VALUES (660, 1382);
INSERT INTO questionario_resposta VALUES (660, 1383);
INSERT INTO questionario_resposta VALUES (660, 1384);
INSERT INTO questionario_resposta VALUES (661, 1385);
INSERT INTO questionario_resposta VALUES (661, 1386);
INSERT INTO questionario_resposta VALUES (661, 1387);
INSERT INTO questionario_resposta VALUES (661, 1388);
INSERT INTO questionario_resposta VALUES (661, 1389);
INSERT INTO questionario_resposta VALUES (661, 1390);
INSERT INTO questionario_resposta VALUES (661, 1391);
INSERT INTO questionario_resposta VALUES (661, 1392);
INSERT INTO questionario_resposta VALUES (662, 1393);
INSERT INTO questionario_resposta VALUES (662, 1394);
INSERT INTO questionario_resposta VALUES (662, 1395);
INSERT INTO questionario_resposta VALUES (662, 1396);
INSERT INTO questionario_resposta VALUES (662, 1397);
INSERT INTO questionario_resposta VALUES (662, 1398);
INSERT INTO questionario_resposta VALUES (662, 1399);
INSERT INTO questionario_resposta VALUES (662, 1400);
INSERT INTO questionario_resposta VALUES (663, 1401);
INSERT INTO questionario_resposta VALUES (663, 1402);
INSERT INTO questionario_resposta VALUES (663, 1403);
INSERT INTO questionario_resposta VALUES (663, 1404);
INSERT INTO questionario_resposta VALUES (663, 1405);
INSERT INTO questionario_resposta VALUES (663, 1406);
INSERT INTO questionario_resposta VALUES (663, 1407);
INSERT INTO questionario_resposta VALUES (663, 1408);
INSERT INTO questionario_resposta VALUES (664, 1409);
INSERT INTO questionario_resposta VALUES (664, 1410);
INSERT INTO questionario_resposta VALUES (664, 1411);
INSERT INTO questionario_resposta VALUES (664, 1412);
INSERT INTO questionario_resposta VALUES (664, 1413);
INSERT INTO questionario_resposta VALUES (664, 1414);
INSERT INTO questionario_resposta VALUES (664, 1415);
INSERT INTO questionario_resposta VALUES (664, 1416);
INSERT INTO questionario_resposta VALUES (665, 1417);
INSERT INTO questionario_resposta VALUES (665, 1418);
INSERT INTO questionario_resposta VALUES (665, 1419);
INSERT INTO questionario_resposta VALUES (665, 1420);
INSERT INTO questionario_resposta VALUES (665, 1421);
INSERT INTO questionario_resposta VALUES (665, 1422);
INSERT INTO questionario_resposta VALUES (665, 1423);
INSERT INTO questionario_resposta VALUES (665, 1424);
INSERT INTO questionario_resposta VALUES (666, 1425);
INSERT INTO questionario_resposta VALUES (666, 1426);
INSERT INTO questionario_resposta VALUES (666, 1427);
INSERT INTO questionario_resposta VALUES (666, 1428);
INSERT INTO questionario_resposta VALUES (666, 1429);
INSERT INTO questionario_resposta VALUES (666, 1430);
INSERT INTO questionario_resposta VALUES (666, 1431);
INSERT INTO questionario_resposta VALUES (666, 1432);
INSERT INTO questionario_resposta VALUES (667, 1433);
INSERT INTO questionario_resposta VALUES (667, 1434);
INSERT INTO questionario_resposta VALUES (667, 1435);
INSERT INTO questionario_resposta VALUES (667, 1436);
INSERT INTO questionario_resposta VALUES (667, 1437);
INSERT INTO questionario_resposta VALUES (667, 1438);
INSERT INTO questionario_resposta VALUES (667, 1439);
INSERT INTO questionario_resposta VALUES (667, 1440);
INSERT INTO questionario_resposta VALUES (668, 1441);
INSERT INTO questionario_resposta VALUES (668, 1442);
INSERT INTO questionario_resposta VALUES (668, 1443);
INSERT INTO questionario_resposta VALUES (668, 1444);
INSERT INTO questionario_resposta VALUES (668, 1445);
INSERT INTO questionario_resposta VALUES (668, 1446);
INSERT INTO questionario_resposta VALUES (668, 1447);
INSERT INTO questionario_resposta VALUES (668, 1448);
INSERT INTO questionario_resposta VALUES (669, 1449);
INSERT INTO questionario_resposta VALUES (669, 1450);
INSERT INTO questionario_resposta VALUES (669, 1451);
INSERT INTO questionario_resposta VALUES (669, 1452);
INSERT INTO questionario_resposta VALUES (669, 1453);
INSERT INTO questionario_resposta VALUES (669, 1454);
INSERT INTO questionario_resposta VALUES (669, 1455);
INSERT INTO questionario_resposta VALUES (669, 1456);
INSERT INTO questionario_resposta VALUES (670, 1457);
INSERT INTO questionario_resposta VALUES (670, 1458);
INSERT INTO questionario_resposta VALUES (670, 1459);
INSERT INTO questionario_resposta VALUES (670, 1460);
INSERT INTO questionario_resposta VALUES (670, 1461);
INSERT INTO questionario_resposta VALUES (670, 1462);
INSERT INTO questionario_resposta VALUES (670, 1463);
INSERT INTO questionario_resposta VALUES (670, 1464);
INSERT INTO questionario_resposta VALUES (671, 1465);
INSERT INTO questionario_resposta VALUES (671, 1466);
INSERT INTO questionario_resposta VALUES (671, 1467);
INSERT INTO questionario_resposta VALUES (671, 1468);
INSERT INTO questionario_resposta VALUES (671, 1469);
INSERT INTO questionario_resposta VALUES (671, 1470);
INSERT INTO questionario_resposta VALUES (671, 1471);
INSERT INTO questionario_resposta VALUES (671, 1472);
INSERT INTO questionario_resposta VALUES (672, 1473);
INSERT INTO questionario_resposta VALUES (672, 1474);
INSERT INTO questionario_resposta VALUES (672, 1475);
INSERT INTO questionario_resposta VALUES (672, 1476);
INSERT INTO questionario_resposta VALUES (672, 1477);
INSERT INTO questionario_resposta VALUES (672, 1478);
INSERT INTO questionario_resposta VALUES (672, 1479);
INSERT INTO questionario_resposta VALUES (672, 1480);
INSERT INTO questionario_resposta VALUES (673, 1481);
INSERT INTO questionario_resposta VALUES (673, 1482);
INSERT INTO questionario_resposta VALUES (673, 1483);
INSERT INTO questionario_resposta VALUES (673, 1484);
INSERT INTO questionario_resposta VALUES (673, 1485);
INSERT INTO questionario_resposta VALUES (673, 1486);
INSERT INTO questionario_resposta VALUES (673, 1487);
INSERT INTO questionario_resposta VALUES (673, 1488);
INSERT INTO questionario_resposta VALUES (674, 1489);
INSERT INTO questionario_resposta VALUES (674, 1490);
INSERT INTO questionario_resposta VALUES (674, 1491);
INSERT INTO questionario_resposta VALUES (674, 1492);
INSERT INTO questionario_resposta VALUES (674, 1493);
INSERT INTO questionario_resposta VALUES (674, 1494);
INSERT INTO questionario_resposta VALUES (674, 1495);
INSERT INTO questionario_resposta VALUES (674, 1496);
INSERT INTO questionario_resposta VALUES (675, 1497);
INSERT INTO questionario_resposta VALUES (675, 1498);
INSERT INTO questionario_resposta VALUES (675, 1499);
INSERT INTO questionario_resposta VALUES (675, 1500);
INSERT INTO questionario_resposta VALUES (675, 1501);
INSERT INTO questionario_resposta VALUES (675, 1502);
INSERT INTO questionario_resposta VALUES (675, 1503);
INSERT INTO questionario_resposta VALUES (675, 1504);
INSERT INTO questionario_resposta VALUES (676, 1505);
INSERT INTO questionario_resposta VALUES (676, 1506);
INSERT INTO questionario_resposta VALUES (676, 1507);
INSERT INTO questionario_resposta VALUES (676, 1508);
INSERT INTO questionario_resposta VALUES (676, 1509);
INSERT INTO questionario_resposta VALUES (676, 1510);
INSERT INTO questionario_resposta VALUES (676, 1511);
INSERT INTO questionario_resposta VALUES (676, 1512);
INSERT INTO questionario_resposta VALUES (677, 1513);
INSERT INTO questionario_resposta VALUES (677, 1514);
INSERT INTO questionario_resposta VALUES (677, 1515);
INSERT INTO questionario_resposta VALUES (677, 1516);
INSERT INTO questionario_resposta VALUES (677, 1517);
INSERT INTO questionario_resposta VALUES (677, 1518);
INSERT INTO questionario_resposta VALUES (677, 1519);
INSERT INTO questionario_resposta VALUES (677, 1520);
INSERT INTO questionario_resposta VALUES (678, 1521);
INSERT INTO questionario_resposta VALUES (678, 1522);
INSERT INTO questionario_resposta VALUES (678, 1523);
INSERT INTO questionario_resposta VALUES (678, 1524);
INSERT INTO questionario_resposta VALUES (678, 1525);
INSERT INTO questionario_resposta VALUES (678, 1526);
INSERT INTO questionario_resposta VALUES (678, 1527);
INSERT INTO questionario_resposta VALUES (678, 1528);
INSERT INTO questionario_resposta VALUES (679, 1529);
INSERT INTO questionario_resposta VALUES (679, 1530);
INSERT INTO questionario_resposta VALUES (679, 1531);
INSERT INTO questionario_resposta VALUES (679, 1532);
INSERT INTO questionario_resposta VALUES (679, 1533);
INSERT INTO questionario_resposta VALUES (679, 1534);
INSERT INTO questionario_resposta VALUES (679, 1535);
INSERT INTO questionario_resposta VALUES (679, 1536);
INSERT INTO questionario_resposta VALUES (680, 1537);
INSERT INTO questionario_resposta VALUES (680, 1538);
INSERT INTO questionario_resposta VALUES (680, 1539);
INSERT INTO questionario_resposta VALUES (680, 1540);
INSERT INTO questionario_resposta VALUES (680, 1541);
INSERT INTO questionario_resposta VALUES (680, 1542);
INSERT INTO questionario_resposta VALUES (680, 1543);
INSERT INTO questionario_resposta VALUES (680, 1544);
INSERT INTO questionario_resposta VALUES (681, 1545);
INSERT INTO questionario_resposta VALUES (681, 1546);
INSERT INTO questionario_resposta VALUES (681, 1547);
INSERT INTO questionario_resposta VALUES (681, 1548);
INSERT INTO questionario_resposta VALUES (681, 1549);
INSERT INTO questionario_resposta VALUES (681, 1550);
INSERT INTO questionario_resposta VALUES (681, 1551);
INSERT INTO questionario_resposta VALUES (681, 1552);
INSERT INTO questionario_resposta VALUES (682, 1553);
INSERT INTO questionario_resposta VALUES (682, 1554);
INSERT INTO questionario_resposta VALUES (682, 1555);
INSERT INTO questionario_resposta VALUES (682, 1556);
INSERT INTO questionario_resposta VALUES (682, 1557);
INSERT INTO questionario_resposta VALUES (682, 1558);
INSERT INTO questionario_resposta VALUES (682, 1559);
INSERT INTO questionario_resposta VALUES (682, 1560);
INSERT INTO questionario_resposta VALUES (683, 1561);
INSERT INTO questionario_resposta VALUES (683, 1562);
INSERT INTO questionario_resposta VALUES (683, 1563);
INSERT INTO questionario_resposta VALUES (683, 1564);
INSERT INTO questionario_resposta VALUES (683, 1565);
INSERT INTO questionario_resposta VALUES (683, 1566);
INSERT INTO questionario_resposta VALUES (683, 1567);
INSERT INTO questionario_resposta VALUES (683, 1568);
INSERT INTO questionario_resposta VALUES (684, 1569);
INSERT INTO questionario_resposta VALUES (684, 1570);
INSERT INTO questionario_resposta VALUES (684, 1571);
INSERT INTO questionario_resposta VALUES (684, 1572);
INSERT INTO questionario_resposta VALUES (684, 1573);
INSERT INTO questionario_resposta VALUES (684, 1574);
INSERT INTO questionario_resposta VALUES (684, 1575);
INSERT INTO questionario_resposta VALUES (684, 1576);
INSERT INTO questionario_resposta VALUES (685, 1577);
INSERT INTO questionario_resposta VALUES (685, 1578);
INSERT INTO questionario_resposta VALUES (685, 1579);
INSERT INTO questionario_resposta VALUES (685, 1580);
INSERT INTO questionario_resposta VALUES (685, 1581);
INSERT INTO questionario_resposta VALUES (685, 1582);
INSERT INTO questionario_resposta VALUES (685, 1583);
INSERT INTO questionario_resposta VALUES (685, 1584);
INSERT INTO questionario_resposta VALUES (686, 1585);
INSERT INTO questionario_resposta VALUES (686, 1586);
INSERT INTO questionario_resposta VALUES (686, 1587);
INSERT INTO questionario_resposta VALUES (686, 1588);
INSERT INTO questionario_resposta VALUES (686, 1589);
INSERT INTO questionario_resposta VALUES (686, 1590);
INSERT INTO questionario_resposta VALUES (686, 1591);
INSERT INTO questionario_resposta VALUES (686, 1592);
INSERT INTO questionario_resposta VALUES (687, 1593);
INSERT INTO questionario_resposta VALUES (687, 1594);
INSERT INTO questionario_resposta VALUES (687, 1595);
INSERT INTO questionario_resposta VALUES (687, 1596);
INSERT INTO questionario_resposta VALUES (687, 1597);
INSERT INTO questionario_resposta VALUES (687, 1598);
INSERT INTO questionario_resposta VALUES (687, 1599);
INSERT INTO questionario_resposta VALUES (687, 1600);
INSERT INTO questionario_resposta VALUES (688, 1601);
INSERT INTO questionario_resposta VALUES (688, 1602);
INSERT INTO questionario_resposta VALUES (688, 1603);
INSERT INTO questionario_resposta VALUES (688, 1604);
INSERT INTO questionario_resposta VALUES (688, 1605);
INSERT INTO questionario_resposta VALUES (688, 1606);
INSERT INTO questionario_resposta VALUES (688, 1607);
INSERT INTO questionario_resposta VALUES (688, 1608);
INSERT INTO questionario_resposta VALUES (689, 1609);
INSERT INTO questionario_resposta VALUES (689, 1610);
INSERT INTO questionario_resposta VALUES (689, 1611);
INSERT INTO questionario_resposta VALUES (689, 1612);
INSERT INTO questionario_resposta VALUES (689, 1613);
INSERT INTO questionario_resposta VALUES (689, 1614);
INSERT INTO questionario_resposta VALUES (689, 1615);
INSERT INTO questionario_resposta VALUES (689, 1616);
INSERT INTO questionario_resposta VALUES (690, 1617);
INSERT INTO questionario_resposta VALUES (690, 1618);
INSERT INTO questionario_resposta VALUES (690, 1619);
INSERT INTO questionario_resposta VALUES (690, 1620);
INSERT INTO questionario_resposta VALUES (690, 1621);
INSERT INTO questionario_resposta VALUES (690, 1622);
INSERT INTO questionario_resposta VALUES (690, 1623);
INSERT INTO questionario_resposta VALUES (690, 1624);
INSERT INTO questionario_resposta VALUES (691, 1625);
INSERT INTO questionario_resposta VALUES (691, 1626);
INSERT INTO questionario_resposta VALUES (691, 1627);
INSERT INTO questionario_resposta VALUES (691, 1628);
INSERT INTO questionario_resposta VALUES (691, 1629);
INSERT INTO questionario_resposta VALUES (691, 1630);
INSERT INTO questionario_resposta VALUES (691, 1631);
INSERT INTO questionario_resposta VALUES (691, 1632);
INSERT INTO questionario_resposta VALUES (692, 1633);
INSERT INTO questionario_resposta VALUES (692, 1634);
INSERT INTO questionario_resposta VALUES (692, 1635);
INSERT INTO questionario_resposta VALUES (692, 1636);
INSERT INTO questionario_resposta VALUES (692, 1637);
INSERT INTO questionario_resposta VALUES (692, 1638);
INSERT INTO questionario_resposta VALUES (692, 1639);
INSERT INTO questionario_resposta VALUES (692, 1640);
INSERT INTO questionario_resposta VALUES (693, 1641);
INSERT INTO questionario_resposta VALUES (693, 1642);
INSERT INTO questionario_resposta VALUES (693, 1643);
INSERT INTO questionario_resposta VALUES (693, 1644);
INSERT INTO questionario_resposta VALUES (693, 1645);
INSERT INTO questionario_resposta VALUES (693, 1646);
INSERT INTO questionario_resposta VALUES (693, 1647);
INSERT INTO questionario_resposta VALUES (693, 1648);
INSERT INTO questionario_resposta VALUES (694, 1649);
INSERT INTO questionario_resposta VALUES (694, 1650);
INSERT INTO questionario_resposta VALUES (694, 1651);
INSERT INTO questionario_resposta VALUES (694, 1652);
INSERT INTO questionario_resposta VALUES (694, 1653);
INSERT INTO questionario_resposta VALUES (694, 1654);
INSERT INTO questionario_resposta VALUES (694, 1655);
INSERT INTO questionario_resposta VALUES (694, 1656);
INSERT INTO questionario_resposta VALUES (695, 1657);
INSERT INTO questionario_resposta VALUES (695, 1658);
INSERT INTO questionario_resposta VALUES (695, 1659);
INSERT INTO questionario_resposta VALUES (695, 1660);
INSERT INTO questionario_resposta VALUES (695, 1661);
INSERT INTO questionario_resposta VALUES (695, 1662);
INSERT INTO questionario_resposta VALUES (695, 1663);
INSERT INTO questionario_resposta VALUES (695, 1664);
INSERT INTO questionario_resposta VALUES (696, 1665);
INSERT INTO questionario_resposta VALUES (696, 1666);
INSERT INTO questionario_resposta VALUES (696, 1667);
INSERT INTO questionario_resposta VALUES (696, 1668);
INSERT INTO questionario_resposta VALUES (696, 1669);
INSERT INTO questionario_resposta VALUES (696, 1670);
INSERT INTO questionario_resposta VALUES (696, 1671);
INSERT INTO questionario_resposta VALUES (696, 1672);
INSERT INTO questionario_resposta VALUES (697, 1673);
INSERT INTO questionario_resposta VALUES (697, 1674);
INSERT INTO questionario_resposta VALUES (697, 1675);
INSERT INTO questionario_resposta VALUES (697, 1676);
INSERT INTO questionario_resposta VALUES (697, 1677);
INSERT INTO questionario_resposta VALUES (697, 1678);
INSERT INTO questionario_resposta VALUES (697, 1679);
INSERT INTO questionario_resposta VALUES (697, 1680);
INSERT INTO questionario_resposta VALUES (698, 1681);
INSERT INTO questionario_resposta VALUES (698, 1682);
INSERT INTO questionario_resposta VALUES (698, 1683);
INSERT INTO questionario_resposta VALUES (698, 1684);
INSERT INTO questionario_resposta VALUES (698, 1685);
INSERT INTO questionario_resposta VALUES (698, 1686);
INSERT INTO questionario_resposta VALUES (698, 1687);
INSERT INTO questionario_resposta VALUES (698, 1688);
INSERT INTO questionario_resposta VALUES (699, 1689);
INSERT INTO questionario_resposta VALUES (699, 1690);
INSERT INTO questionario_resposta VALUES (699, 1691);
INSERT INTO questionario_resposta VALUES (699, 1692);
INSERT INTO questionario_resposta VALUES (699, 1693);
INSERT INTO questionario_resposta VALUES (699, 1694);
INSERT INTO questionario_resposta VALUES (699, 1695);
INSERT INTO questionario_resposta VALUES (699, 1696);
INSERT INTO questionario_resposta VALUES (700, 1697);
INSERT INTO questionario_resposta VALUES (700, 1698);
INSERT INTO questionario_resposta VALUES (700, 1699);
INSERT INTO questionario_resposta VALUES (700, 1700);
INSERT INTO questionario_resposta VALUES (700, 1701);
INSERT INTO questionario_resposta VALUES (700, 1702);
INSERT INTO questionario_resposta VALUES (700, 1703);
INSERT INTO questionario_resposta VALUES (700, 1704);
INSERT INTO questionario_resposta VALUES (701, 1705);
INSERT INTO questionario_resposta VALUES (701, 1706);
INSERT INTO questionario_resposta VALUES (701, 1707);
INSERT INTO questionario_resposta VALUES (701, 1708);
INSERT INTO questionario_resposta VALUES (701, 1709);
INSERT INTO questionario_resposta VALUES (701, 1710);
INSERT INTO questionario_resposta VALUES (701, 1711);
INSERT INTO questionario_resposta VALUES (701, 1712);
INSERT INTO questionario_resposta VALUES (702, 1713);
INSERT INTO questionario_resposta VALUES (702, 1714);
INSERT INTO questionario_resposta VALUES (702, 1715);
INSERT INTO questionario_resposta VALUES (702, 1716);
INSERT INTO questionario_resposta VALUES (702, 1717);
INSERT INTO questionario_resposta VALUES (702, 1718);
INSERT INTO questionario_resposta VALUES (702, 1719);
INSERT INTO questionario_resposta VALUES (702, 1720);
INSERT INTO questionario_resposta VALUES (703, 1721);
INSERT INTO questionario_resposta VALUES (703, 1722);
INSERT INTO questionario_resposta VALUES (703, 1723);
INSERT INTO questionario_resposta VALUES (703, 1724);
INSERT INTO questionario_resposta VALUES (703, 1725);
INSERT INTO questionario_resposta VALUES (703, 1726);
INSERT INTO questionario_resposta VALUES (703, 1727);
INSERT INTO questionario_resposta VALUES (703, 1728);
INSERT INTO questionario_resposta VALUES (704, 1729);
INSERT INTO questionario_resposta VALUES (704, 1730);
INSERT INTO questionario_resposta VALUES (704, 1731);
INSERT INTO questionario_resposta VALUES (704, 1732);
INSERT INTO questionario_resposta VALUES (704, 1733);
INSERT INTO questionario_resposta VALUES (704, 1734);
INSERT INTO questionario_resposta VALUES (704, 1735);
INSERT INTO questionario_resposta VALUES (704, 1736);
INSERT INTO questionario_resposta VALUES (705, 1737);
INSERT INTO questionario_resposta VALUES (705, 1738);
INSERT INTO questionario_resposta VALUES (705, 1739);
INSERT INTO questionario_resposta VALUES (705, 1740);
INSERT INTO questionario_resposta VALUES (705, 1741);
INSERT INTO questionario_resposta VALUES (705, 1742);
INSERT INTO questionario_resposta VALUES (705, 1743);
INSERT INTO questionario_resposta VALUES (705, 1744);
INSERT INTO questionario_resposta VALUES (706, 1745);
INSERT INTO questionario_resposta VALUES (706, 1746);
INSERT INTO questionario_resposta VALUES (706, 1747);
INSERT INTO questionario_resposta VALUES (706, 1748);
INSERT INTO questionario_resposta VALUES (706, 1749);
INSERT INTO questionario_resposta VALUES (706, 1750);
INSERT INTO questionario_resposta VALUES (706, 1751);
INSERT INTO questionario_resposta VALUES (706, 1752);
INSERT INTO questionario_resposta VALUES (707, 1753);
INSERT INTO questionario_resposta VALUES (707, 1754);
INSERT INTO questionario_resposta VALUES (707, 1755);
INSERT INTO questionario_resposta VALUES (707, 1756);
INSERT INTO questionario_resposta VALUES (707, 1757);
INSERT INTO questionario_resposta VALUES (707, 1758);
INSERT INTO questionario_resposta VALUES (707, 1759);
INSERT INTO questionario_resposta VALUES (707, 1760);
INSERT INTO questionario_resposta VALUES (708, 1761);
INSERT INTO questionario_resposta VALUES (708, 1762);
INSERT INTO questionario_resposta VALUES (708, 1763);
INSERT INTO questionario_resposta VALUES (708, 1764);
INSERT INTO questionario_resposta VALUES (708, 1765);
INSERT INTO questionario_resposta VALUES (708, 1766);
INSERT INTO questionario_resposta VALUES (708, 1767);
INSERT INTO questionario_resposta VALUES (708, 1768);
INSERT INTO questionario_resposta VALUES (709, 1769);
INSERT INTO questionario_resposta VALUES (709, 1770);
INSERT INTO questionario_resposta VALUES (709, 1771);
INSERT INTO questionario_resposta VALUES (709, 1772);
INSERT INTO questionario_resposta VALUES (709, 1773);
INSERT INTO questionario_resposta VALUES (709, 1774);
INSERT INTO questionario_resposta VALUES (709, 1775);
INSERT INTO questionario_resposta VALUES (709, 1776);
INSERT INTO questionario_resposta VALUES (710, 1777);
INSERT INTO questionario_resposta VALUES (710, 1778);
INSERT INTO questionario_resposta VALUES (710, 1779);
INSERT INTO questionario_resposta VALUES (710, 1780);
INSERT INTO questionario_resposta VALUES (710, 1781);
INSERT INTO questionario_resposta VALUES (710, 1782);
INSERT INTO questionario_resposta VALUES (710, 1783);
INSERT INTO questionario_resposta VALUES (710, 1784);
INSERT INTO questionario_resposta VALUES (711, 1785);
INSERT INTO questionario_resposta VALUES (711, 1786);
INSERT INTO questionario_resposta VALUES (711, 1787);
INSERT INTO questionario_resposta VALUES (711, 1788);
INSERT INTO questionario_resposta VALUES (711, 1789);
INSERT INTO questionario_resposta VALUES (711, 1790);
INSERT INTO questionario_resposta VALUES (711, 1791);
INSERT INTO questionario_resposta VALUES (711, 1792);
INSERT INTO questionario_resposta VALUES (712, 1793);
INSERT INTO questionario_resposta VALUES (712, 1794);
INSERT INTO questionario_resposta VALUES (712, 1795);
INSERT INTO questionario_resposta VALUES (712, 1796);
INSERT INTO questionario_resposta VALUES (712, 1797);
INSERT INTO questionario_resposta VALUES (712, 1798);
INSERT INTO questionario_resposta VALUES (712, 1799);
INSERT INTO questionario_resposta VALUES (712, 1800);
INSERT INTO questionario_resposta VALUES (713, 1801);
INSERT INTO questionario_resposta VALUES (713, 1802);
INSERT INTO questionario_resposta VALUES (713, 1803);
INSERT INTO questionario_resposta VALUES (713, 1804);
INSERT INTO questionario_resposta VALUES (713, 1805);
INSERT INTO questionario_resposta VALUES (713, 1806);
INSERT INTO questionario_resposta VALUES (713, 1807);
INSERT INTO questionario_resposta VALUES (713, 1808);
INSERT INTO questionario_resposta VALUES (714, 1809);
INSERT INTO questionario_resposta VALUES (714, 1810);
INSERT INTO questionario_resposta VALUES (714, 1811);
INSERT INTO questionario_resposta VALUES (714, 1812);
INSERT INTO questionario_resposta VALUES (714, 1813);
INSERT INTO questionario_resposta VALUES (714, 1814);
INSERT INTO questionario_resposta VALUES (714, 1815);
INSERT INTO questionario_resposta VALUES (714, 1816);
INSERT INTO questionario_resposta VALUES (715, 1817);
INSERT INTO questionario_resposta VALUES (715, 1818);
INSERT INTO questionario_resposta VALUES (715, 1819);
INSERT INTO questionario_resposta VALUES (715, 1820);
INSERT INTO questionario_resposta VALUES (715, 1821);
INSERT INTO questionario_resposta VALUES (715, 1822);
INSERT INTO questionario_resposta VALUES (715, 1823);
INSERT INTO questionario_resposta VALUES (715, 1824);
INSERT INTO questionario_resposta VALUES (716, 1825);
INSERT INTO questionario_resposta VALUES (716, 1826);
INSERT INTO questionario_resposta VALUES (716, 1827);
INSERT INTO questionario_resposta VALUES (716, 1828);
INSERT INTO questionario_resposta VALUES (716, 1829);
INSERT INTO questionario_resposta VALUES (716, 1830);
INSERT INTO questionario_resposta VALUES (716, 1831);
INSERT INTO questionario_resposta VALUES (716, 1832);
INSERT INTO questionario_resposta VALUES (717, 1833);
INSERT INTO questionario_resposta VALUES (717, 1834);
INSERT INTO questionario_resposta VALUES (717, 1835);
INSERT INTO questionario_resposta VALUES (717, 1836);
INSERT INTO questionario_resposta VALUES (717, 1837);
INSERT INTO questionario_resposta VALUES (717, 1838);
INSERT INTO questionario_resposta VALUES (717, 1839);
INSERT INTO questionario_resposta VALUES (717, 1840);
INSERT INTO questionario_resposta VALUES (718, 1841);
INSERT INTO questionario_resposta VALUES (718, 1842);
INSERT INTO questionario_resposta VALUES (718, 1843);
INSERT INTO questionario_resposta VALUES (718, 1844);
INSERT INTO questionario_resposta VALUES (718, 1845);
INSERT INTO questionario_resposta VALUES (718, 1846);
INSERT INTO questionario_resposta VALUES (718, 1847);
INSERT INTO questionario_resposta VALUES (718, 1848);
INSERT INTO questionario_resposta VALUES (719, 1849);
INSERT INTO questionario_resposta VALUES (719, 1850);
INSERT INTO questionario_resposta VALUES (719, 1851);
INSERT INTO questionario_resposta VALUES (719, 1852);
INSERT INTO questionario_resposta VALUES (719, 1853);
INSERT INTO questionario_resposta VALUES (719, 1854);
INSERT INTO questionario_resposta VALUES (719, 1855);
INSERT INTO questionario_resposta VALUES (719, 1856);
INSERT INTO questionario_resposta VALUES (720, 1857);
INSERT INTO questionario_resposta VALUES (720, 1858);
INSERT INTO questionario_resposta VALUES (720, 1859);
INSERT INTO questionario_resposta VALUES (720, 1860);
INSERT INTO questionario_resposta VALUES (720, 1861);
INSERT INTO questionario_resposta VALUES (720, 1862);
INSERT INTO questionario_resposta VALUES (720, 1863);
INSERT INTO questionario_resposta VALUES (720, 1864);
INSERT INTO questionario_resposta VALUES (721, 1865);
INSERT INTO questionario_resposta VALUES (721, 1866);
INSERT INTO questionario_resposta VALUES (721, 1867);
INSERT INTO questionario_resposta VALUES (721, 1868);
INSERT INTO questionario_resposta VALUES (721, 1869);
INSERT INTO questionario_resposta VALUES (721, 1870);
INSERT INTO questionario_resposta VALUES (721, 1871);
INSERT INTO questionario_resposta VALUES (721, 1872);
INSERT INTO questionario_resposta VALUES (722, 1873);
INSERT INTO questionario_resposta VALUES (722, 1874);
INSERT INTO questionario_resposta VALUES (722, 1875);
INSERT INTO questionario_resposta VALUES (722, 1876);
INSERT INTO questionario_resposta VALUES (722, 1877);
INSERT INTO questionario_resposta VALUES (722, 1878);
INSERT INTO questionario_resposta VALUES (722, 1879);
INSERT INTO questionario_resposta VALUES (722, 1880);
INSERT INTO questionario_resposta VALUES (723, 1881);
INSERT INTO questionario_resposta VALUES (723, 1882);
INSERT INTO questionario_resposta VALUES (723, 1883);
INSERT INTO questionario_resposta VALUES (723, 1884);
INSERT INTO questionario_resposta VALUES (723, 1885);
INSERT INTO questionario_resposta VALUES (723, 1886);
INSERT INTO questionario_resposta VALUES (723, 1887);
INSERT INTO questionario_resposta VALUES (723, 1888);
INSERT INTO questionario_resposta VALUES (724, 1889);
INSERT INTO questionario_resposta VALUES (724, 1890);
INSERT INTO questionario_resposta VALUES (724, 1891);
INSERT INTO questionario_resposta VALUES (724, 1892);
INSERT INTO questionario_resposta VALUES (724, 1893);
INSERT INTO questionario_resposta VALUES (724, 1894);
INSERT INTO questionario_resposta VALUES (724, 1895);
INSERT INTO questionario_resposta VALUES (724, 1896);
INSERT INTO questionario_resposta VALUES (725, 1897);
INSERT INTO questionario_resposta VALUES (725, 1898);
INSERT INTO questionario_resposta VALUES (725, 1899);
INSERT INTO questionario_resposta VALUES (725, 1900);
INSERT INTO questionario_resposta VALUES (725, 1901);
INSERT INTO questionario_resposta VALUES (725, 1902);
INSERT INTO questionario_resposta VALUES (725, 1903);
INSERT INTO questionario_resposta VALUES (725, 1904);
INSERT INTO questionario_resposta VALUES (726, 1905);
INSERT INTO questionario_resposta VALUES (726, 1906);
INSERT INTO questionario_resposta VALUES (726, 1907);
INSERT INTO questionario_resposta VALUES (726, 1908);
INSERT INTO questionario_resposta VALUES (726, 1909);
INSERT INTO questionario_resposta VALUES (726, 1910);
INSERT INTO questionario_resposta VALUES (726, 1911);
INSERT INTO questionario_resposta VALUES (726, 1912);
INSERT INTO questionario_resposta VALUES (727, 1913);
INSERT INTO questionario_resposta VALUES (727, 1914);
INSERT INTO questionario_resposta VALUES (727, 1915);
INSERT INTO questionario_resposta VALUES (727, 1916);
INSERT INTO questionario_resposta VALUES (727, 1917);
INSERT INTO questionario_resposta VALUES (727, 1918);
INSERT INTO questionario_resposta VALUES (727, 1919);
INSERT INTO questionario_resposta VALUES (727, 1920);
INSERT INTO questionario_resposta VALUES (728, 1921);
INSERT INTO questionario_resposta VALUES (728, 1922);
INSERT INTO questionario_resposta VALUES (728, 1923);
INSERT INTO questionario_resposta VALUES (728, 1924);
INSERT INTO questionario_resposta VALUES (728, 1925);
INSERT INTO questionario_resposta VALUES (728, 1926);
INSERT INTO questionario_resposta VALUES (728, 1927);
INSERT INTO questionario_resposta VALUES (728, 1928);
INSERT INTO questionario_resposta VALUES (729, 1929);
INSERT INTO questionario_resposta VALUES (729, 1930);
INSERT INTO questionario_resposta VALUES (729, 1931);
INSERT INTO questionario_resposta VALUES (729, 1932);
INSERT INTO questionario_resposta VALUES (729, 1933);
INSERT INTO questionario_resposta VALUES (729, 1934);
INSERT INTO questionario_resposta VALUES (729, 1935);
INSERT INTO questionario_resposta VALUES (729, 1936);
INSERT INTO questionario_resposta VALUES (730, 1937);
INSERT INTO questionario_resposta VALUES (730, 1938);
INSERT INTO questionario_resposta VALUES (730, 1939);
INSERT INTO questionario_resposta VALUES (730, 1940);
INSERT INTO questionario_resposta VALUES (730, 1941);
INSERT INTO questionario_resposta VALUES (730, 1942);
INSERT INTO questionario_resposta VALUES (730, 1943);
INSERT INTO questionario_resposta VALUES (730, 1944);
INSERT INTO questionario_resposta VALUES (731, 1945);
INSERT INTO questionario_resposta VALUES (731, 1946);
INSERT INTO questionario_resposta VALUES (731, 1947);
INSERT INTO questionario_resposta VALUES (731, 1948);
INSERT INTO questionario_resposta VALUES (731, 1949);
INSERT INTO questionario_resposta VALUES (731, 1950);
INSERT INTO questionario_resposta VALUES (731, 1951);
INSERT INTO questionario_resposta VALUES (731, 1952);
INSERT INTO questionario_resposta VALUES (732, 1953);
INSERT INTO questionario_resposta VALUES (732, 1954);
INSERT INTO questionario_resposta VALUES (732, 1955);
INSERT INTO questionario_resposta VALUES (732, 1956);
INSERT INTO questionario_resposta VALUES (732, 1957);
INSERT INTO questionario_resposta VALUES (732, 1958);
INSERT INTO questionario_resposta VALUES (732, 1959);
INSERT INTO questionario_resposta VALUES (732, 1960);
INSERT INTO questionario_resposta VALUES (733, 1961);
INSERT INTO questionario_resposta VALUES (733, 1962);
INSERT INTO questionario_resposta VALUES (733, 1963);
INSERT INTO questionario_resposta VALUES (733, 1964);
INSERT INTO questionario_resposta VALUES (733, 1965);
INSERT INTO questionario_resposta VALUES (733, 1966);
INSERT INTO questionario_resposta VALUES (733, 1967);
INSERT INTO questionario_resposta VALUES (733, 1968);
INSERT INTO questionario_resposta VALUES (734, 1969);
INSERT INTO questionario_resposta VALUES (734, 1970);
INSERT INTO questionario_resposta VALUES (734, 1971);
INSERT INTO questionario_resposta VALUES (734, 1972);
INSERT INTO questionario_resposta VALUES (734, 1973);
INSERT INTO questionario_resposta VALUES (734, 1974);
INSERT INTO questionario_resposta VALUES (734, 1975);
INSERT INTO questionario_resposta VALUES (734, 1976);
INSERT INTO questionario_resposta VALUES (735, 1977);
INSERT INTO questionario_resposta VALUES (735, 1978);
INSERT INTO questionario_resposta VALUES (735, 1979);
INSERT INTO questionario_resposta VALUES (735, 1980);
INSERT INTO questionario_resposta VALUES (735, 1981);
INSERT INTO questionario_resposta VALUES (735, 1982);
INSERT INTO questionario_resposta VALUES (735, 1983);
INSERT INTO questionario_resposta VALUES (735, 1984);
INSERT INTO questionario_resposta VALUES (736, 1985);
INSERT INTO questionario_resposta VALUES (736, 1986);
INSERT INTO questionario_resposta VALUES (736, 1987);
INSERT INTO questionario_resposta VALUES (736, 1988);
INSERT INTO questionario_resposta VALUES (736, 1989);
INSERT INTO questionario_resposta VALUES (736, 1990);
INSERT INTO questionario_resposta VALUES (736, 1991);
INSERT INTO questionario_resposta VALUES (736, 1992);
INSERT INTO questionario_resposta VALUES (737, 1993);
INSERT INTO questionario_resposta VALUES (737, 1994);
INSERT INTO questionario_resposta VALUES (737, 1995);
INSERT INTO questionario_resposta VALUES (737, 1996);
INSERT INTO questionario_resposta VALUES (737, 1997);
INSERT INTO questionario_resposta VALUES (737, 1998);
INSERT INTO questionario_resposta VALUES (737, 1999);
INSERT INTO questionario_resposta VALUES (737, 2000);
INSERT INTO questionario_resposta VALUES (738, 2001);
INSERT INTO questionario_resposta VALUES (738, 2002);
INSERT INTO questionario_resposta VALUES (738, 2003);
INSERT INTO questionario_resposta VALUES (738, 2004);
INSERT INTO questionario_resposta VALUES (738, 2005);
INSERT INTO questionario_resposta VALUES (738, 2006);
INSERT INTO questionario_resposta VALUES (738, 2007);
INSERT INTO questionario_resposta VALUES (738, 2008);
INSERT INTO questionario_resposta VALUES (739, 2009);
INSERT INTO questionario_resposta VALUES (739, 2010);
INSERT INTO questionario_resposta VALUES (739, 2011);
INSERT INTO questionario_resposta VALUES (739, 2012);
INSERT INTO questionario_resposta VALUES (739, 2013);
INSERT INTO questionario_resposta VALUES (739, 2014);
INSERT INTO questionario_resposta VALUES (739, 2015);
INSERT INTO questionario_resposta VALUES (739, 2016);
INSERT INTO questionario_resposta VALUES (740, 2017);
INSERT INTO questionario_resposta VALUES (740, 2018);
INSERT INTO questionario_resposta VALUES (740, 2019);
INSERT INTO questionario_resposta VALUES (740, 2020);
INSERT INTO questionario_resposta VALUES (740, 2021);
INSERT INTO questionario_resposta VALUES (740, 2022);
INSERT INTO questionario_resposta VALUES (740, 2023);
INSERT INTO questionario_resposta VALUES (740, 2024);
INSERT INTO questionario_resposta VALUES (741, 2025);
INSERT INTO questionario_resposta VALUES (741, 2026);
INSERT INTO questionario_resposta VALUES (741, 2027);
INSERT INTO questionario_resposta VALUES (741, 2028);
INSERT INTO questionario_resposta VALUES (741, 2029);
INSERT INTO questionario_resposta VALUES (741, 2030);
INSERT INTO questionario_resposta VALUES (741, 2031);
INSERT INTO questionario_resposta VALUES (741, 2032);
INSERT INTO questionario_resposta VALUES (742, 2033);
INSERT INTO questionario_resposta VALUES (742, 2034);
INSERT INTO questionario_resposta VALUES (742, 2035);
INSERT INTO questionario_resposta VALUES (742, 2036);
INSERT INTO questionario_resposta VALUES (742, 2037);
INSERT INTO questionario_resposta VALUES (742, 2038);
INSERT INTO questionario_resposta VALUES (742, 2039);
INSERT INTO questionario_resposta VALUES (742, 2040);
INSERT INTO questionario_resposta VALUES (743, 2041);
INSERT INTO questionario_resposta VALUES (743, 2042);
INSERT INTO questionario_resposta VALUES (743, 2043);
INSERT INTO questionario_resposta VALUES (743, 2044);
INSERT INTO questionario_resposta VALUES (743, 2045);
INSERT INTO questionario_resposta VALUES (743, 2046);
INSERT INTO questionario_resposta VALUES (743, 2047);
INSERT INTO questionario_resposta VALUES (743, 2048);
INSERT INTO questionario_resposta VALUES (744, 2049);
INSERT INTO questionario_resposta VALUES (744, 2050);
INSERT INTO questionario_resposta VALUES (744, 2051);
INSERT INTO questionario_resposta VALUES (744, 2052);
INSERT INTO questionario_resposta VALUES (744, 2053);
INSERT INTO questionario_resposta VALUES (744, 2054);
INSERT INTO questionario_resposta VALUES (744, 2055);
INSERT INTO questionario_resposta VALUES (744, 2056);
INSERT INTO questionario_resposta VALUES (745, 2057);
INSERT INTO questionario_resposta VALUES (745, 2058);
INSERT INTO questionario_resposta VALUES (745, 2059);
INSERT INTO questionario_resposta VALUES (745, 2060);
INSERT INTO questionario_resposta VALUES (745, 2061);
INSERT INTO questionario_resposta VALUES (745, 2062);
INSERT INTO questionario_resposta VALUES (745, 2063);
INSERT INTO questionario_resposta VALUES (745, 2064);
INSERT INTO questionario_resposta VALUES (746, 2065);
INSERT INTO questionario_resposta VALUES (746, 2066);
INSERT INTO questionario_resposta VALUES (746, 2067);
INSERT INTO questionario_resposta VALUES (746, 2068);
INSERT INTO questionario_resposta VALUES (746, 2069);
INSERT INTO questionario_resposta VALUES (746, 2070);
INSERT INTO questionario_resposta VALUES (746, 2071);
INSERT INTO questionario_resposta VALUES (746, 2072);
INSERT INTO questionario_resposta VALUES (747, 2073);
INSERT INTO questionario_resposta VALUES (747, 2074);
INSERT INTO questionario_resposta VALUES (747, 2075);
INSERT INTO questionario_resposta VALUES (747, 2076);
INSERT INTO questionario_resposta VALUES (747, 2077);
INSERT INTO questionario_resposta VALUES (747, 2078);
INSERT INTO questionario_resposta VALUES (747, 2079);
INSERT INTO questionario_resposta VALUES (747, 2080);
INSERT INTO questionario_resposta VALUES (748, 2081);
INSERT INTO questionario_resposta VALUES (748, 2082);
INSERT INTO questionario_resposta VALUES (748, 2083);
INSERT INTO questionario_resposta VALUES (748, 2084);
INSERT INTO questionario_resposta VALUES (748, 2085);
INSERT INTO questionario_resposta VALUES (748, 2086);
INSERT INTO questionario_resposta VALUES (748, 2087);
INSERT INTO questionario_resposta VALUES (748, 2088);
INSERT INTO questionario_resposta VALUES (749, 2089);
INSERT INTO questionario_resposta VALUES (749, 2090);
INSERT INTO questionario_resposta VALUES (749, 2091);
INSERT INTO questionario_resposta VALUES (749, 2092);
INSERT INTO questionario_resposta VALUES (749, 2093);
INSERT INTO questionario_resposta VALUES (749, 2094);
INSERT INTO questionario_resposta VALUES (749, 2095);
INSERT INTO questionario_resposta VALUES (749, 2096);
INSERT INTO questionario_resposta VALUES (750, 2097);
INSERT INTO questionario_resposta VALUES (750, 2098);
INSERT INTO questionario_resposta VALUES (750, 2099);
INSERT INTO questionario_resposta VALUES (750, 2100);
INSERT INTO questionario_resposta VALUES (750, 2101);
INSERT INTO questionario_resposta VALUES (750, 2102);
INSERT INTO questionario_resposta VALUES (750, 2103);
INSERT INTO questionario_resposta VALUES (750, 2104);
INSERT INTO questionario_resposta VALUES (751, 2105);
INSERT INTO questionario_resposta VALUES (751, 2106);
INSERT INTO questionario_resposta VALUES (751, 2107);
INSERT INTO questionario_resposta VALUES (751, 2108);
INSERT INTO questionario_resposta VALUES (751, 2109);
INSERT INTO questionario_resposta VALUES (751, 2110);
INSERT INTO questionario_resposta VALUES (751, 2111);
INSERT INTO questionario_resposta VALUES (751, 2112);
INSERT INTO questionario_resposta VALUES (752, 2113);
INSERT INTO questionario_resposta VALUES (752, 2114);
INSERT INTO questionario_resposta VALUES (752, 2115);
INSERT INTO questionario_resposta VALUES (752, 2116);
INSERT INTO questionario_resposta VALUES (752, 2117);
INSERT INTO questionario_resposta VALUES (752, 2118);
INSERT INTO questionario_resposta VALUES (752, 2119);
INSERT INTO questionario_resposta VALUES (752, 2120);
INSERT INTO questionario_resposta VALUES (753, 2121);
INSERT INTO questionario_resposta VALUES (753, 2122);
INSERT INTO questionario_resposta VALUES (753, 2123);
INSERT INTO questionario_resposta VALUES (753, 2124);
INSERT INTO questionario_resposta VALUES (753, 2125);
INSERT INTO questionario_resposta VALUES (753, 2126);
INSERT INTO questionario_resposta VALUES (753, 2127);
INSERT INTO questionario_resposta VALUES (753, 2128);
INSERT INTO questionario_resposta VALUES (754, 2129);
INSERT INTO questionario_resposta VALUES (754, 2130);
INSERT INTO questionario_resposta VALUES (754, 2131);
INSERT INTO questionario_resposta VALUES (754, 2132);
INSERT INTO questionario_resposta VALUES (754, 2133);
INSERT INTO questionario_resposta VALUES (754, 2134);
INSERT INTO questionario_resposta VALUES (754, 2135);
INSERT INTO questionario_resposta VALUES (754, 2136);
INSERT INTO questionario_resposta VALUES (755, 2137);
INSERT INTO questionario_resposta VALUES (755, 2138);
INSERT INTO questionario_resposta VALUES (755, 2139);
INSERT INTO questionario_resposta VALUES (755, 2140);
INSERT INTO questionario_resposta VALUES (755, 2141);
INSERT INTO questionario_resposta VALUES (755, 2142);
INSERT INTO questionario_resposta VALUES (755, 2143);
INSERT INTO questionario_resposta VALUES (755, 2144);
INSERT INTO questionario_resposta VALUES (756, 2145);
INSERT INTO questionario_resposta VALUES (756, 2146);
INSERT INTO questionario_resposta VALUES (756, 2147);
INSERT INTO questionario_resposta VALUES (756, 2148);
INSERT INTO questionario_resposta VALUES (756, 2149);
INSERT INTO questionario_resposta VALUES (756, 2150);
INSERT INTO questionario_resposta VALUES (756, 2151);
INSERT INTO questionario_resposta VALUES (756, 2152);
INSERT INTO questionario_resposta VALUES (757, 2153);
INSERT INTO questionario_resposta VALUES (757, 2154);
INSERT INTO questionario_resposta VALUES (757, 2155);
INSERT INTO questionario_resposta VALUES (757, 2156);
INSERT INTO questionario_resposta VALUES (757, 2157);
INSERT INTO questionario_resposta VALUES (757, 2158);
INSERT INTO questionario_resposta VALUES (757, 2159);
INSERT INTO questionario_resposta VALUES (757, 2160);
INSERT INTO questionario_resposta VALUES (758, 2161);
INSERT INTO questionario_resposta VALUES (758, 2162);
INSERT INTO questionario_resposta VALUES (758, 2163);
INSERT INTO questionario_resposta VALUES (758, 2164);
INSERT INTO questionario_resposta VALUES (758, 2165);
INSERT INTO questionario_resposta VALUES (758, 2166);
INSERT INTO questionario_resposta VALUES (758, 2167);
INSERT INTO questionario_resposta VALUES (758, 2168);
INSERT INTO questionario_resposta VALUES (759, 2169);
INSERT INTO questionario_resposta VALUES (759, 2170);
INSERT INTO questionario_resposta VALUES (759, 2171);
INSERT INTO questionario_resposta VALUES (759, 2172);
INSERT INTO questionario_resposta VALUES (759, 2173);
INSERT INTO questionario_resposta VALUES (759, 2174);
INSERT INTO questionario_resposta VALUES (759, 2175);
INSERT INTO questionario_resposta VALUES (759, 2176);
INSERT INTO questionario_resposta VALUES (760, 2177);
INSERT INTO questionario_resposta VALUES (760, 2178);
INSERT INTO questionario_resposta VALUES (760, 2179);
INSERT INTO questionario_resposta VALUES (760, 2180);
INSERT INTO questionario_resposta VALUES (760, 2181);
INSERT INTO questionario_resposta VALUES (760, 2182);
INSERT INTO questionario_resposta VALUES (760, 2183);
INSERT INTO questionario_resposta VALUES (760, 2184);
INSERT INTO questionario_resposta VALUES (761, 2185);
INSERT INTO questionario_resposta VALUES (761, 2186);
INSERT INTO questionario_resposta VALUES (761, 2187);
INSERT INTO questionario_resposta VALUES (761, 2188);
INSERT INTO questionario_resposta VALUES (761, 2189);
INSERT INTO questionario_resposta VALUES (761, 2190);
INSERT INTO questionario_resposta VALUES (761, 2191);
INSERT INTO questionario_resposta VALUES (761, 2192);
INSERT INTO questionario_resposta VALUES (762, 2193);
INSERT INTO questionario_resposta VALUES (762, 2194);
INSERT INTO questionario_resposta VALUES (762, 2195);
INSERT INTO questionario_resposta VALUES (762, 2196);
INSERT INTO questionario_resposta VALUES (762, 2197);
INSERT INTO questionario_resposta VALUES (762, 2198);
INSERT INTO questionario_resposta VALUES (762, 2199);
INSERT INTO questionario_resposta VALUES (762, 2200);
INSERT INTO questionario_resposta VALUES (763, 2201);
INSERT INTO questionario_resposta VALUES (763, 2202);
INSERT INTO questionario_resposta VALUES (763, 2203);
INSERT INTO questionario_resposta VALUES (763, 2204);
INSERT INTO questionario_resposta VALUES (763, 2205);
INSERT INTO questionario_resposta VALUES (763, 2206);
INSERT INTO questionario_resposta VALUES (763, 2207);
INSERT INTO questionario_resposta VALUES (763, 2208);
INSERT INTO questionario_resposta VALUES (764, 2209);
INSERT INTO questionario_resposta VALUES (764, 2210);
INSERT INTO questionario_resposta VALUES (764, 2211);
INSERT INTO questionario_resposta VALUES (764, 2212);
INSERT INTO questionario_resposta VALUES (764, 2213);
INSERT INTO questionario_resposta VALUES (764, 2214);
INSERT INTO questionario_resposta VALUES (764, 2215);
INSERT INTO questionario_resposta VALUES (764, 2216);
INSERT INTO questionario_resposta VALUES (765, 2217);
INSERT INTO questionario_resposta VALUES (765, 2218);
INSERT INTO questionario_resposta VALUES (765, 2219);
INSERT INTO questionario_resposta VALUES (765, 2220);
INSERT INTO questionario_resposta VALUES (765, 2221);
INSERT INTO questionario_resposta VALUES (765, 2222);
INSERT INTO questionario_resposta VALUES (765, 2223);
INSERT INTO questionario_resposta VALUES (765, 2224);
INSERT INTO questionario_resposta VALUES (766, 2225);
INSERT INTO questionario_resposta VALUES (766, 2226);
INSERT INTO questionario_resposta VALUES (766, 2227);
INSERT INTO questionario_resposta VALUES (766, 2228);
INSERT INTO questionario_resposta VALUES (766, 2229);
INSERT INTO questionario_resposta VALUES (766, 2230);
INSERT INTO questionario_resposta VALUES (766, 2231);
INSERT INTO questionario_resposta VALUES (766, 2232);
INSERT INTO questionario_resposta VALUES (767, 2233);
INSERT INTO questionario_resposta VALUES (767, 2234);
INSERT INTO questionario_resposta VALUES (767, 2235);
INSERT INTO questionario_resposta VALUES (767, 2236);
INSERT INTO questionario_resposta VALUES (767, 2237);
INSERT INTO questionario_resposta VALUES (767, 2238);
INSERT INTO questionario_resposta VALUES (767, 2239);
INSERT INTO questionario_resposta VALUES (767, 2240);
INSERT INTO questionario_resposta VALUES (768, 2241);
INSERT INTO questionario_resposta VALUES (768, 2242);
INSERT INTO questionario_resposta VALUES (768, 2243);
INSERT INTO questionario_resposta VALUES (768, 2244);
INSERT INTO questionario_resposta VALUES (768, 2245);
INSERT INTO questionario_resposta VALUES (768, 2246);
INSERT INTO questionario_resposta VALUES (768, 2247);
INSERT INTO questionario_resposta VALUES (768, 2248);
INSERT INTO questionario_resposta VALUES (769, 2249);
INSERT INTO questionario_resposta VALUES (769, 2250);
INSERT INTO questionario_resposta VALUES (769, 2251);
INSERT INTO questionario_resposta VALUES (769, 2252);
INSERT INTO questionario_resposta VALUES (769, 2253);
INSERT INTO questionario_resposta VALUES (769, 2254);
INSERT INTO questionario_resposta VALUES (769, 2255);
INSERT INTO questionario_resposta VALUES (769, 2256);
INSERT INTO questionario_resposta VALUES (770, 2257);
INSERT INTO questionario_resposta VALUES (770, 2258);
INSERT INTO questionario_resposta VALUES (770, 2259);
INSERT INTO questionario_resposta VALUES (770, 2260);
INSERT INTO questionario_resposta VALUES (770, 2261);
INSERT INTO questionario_resposta VALUES (770, 2262);
INSERT INTO questionario_resposta VALUES (770, 2263);
INSERT INTO questionario_resposta VALUES (770, 2264);
INSERT INTO questionario_resposta VALUES (771, 2265);
INSERT INTO questionario_resposta VALUES (771, 2266);
INSERT INTO questionario_resposta VALUES (771, 2267);
INSERT INTO questionario_resposta VALUES (771, 2268);
INSERT INTO questionario_resposta VALUES (771, 2269);
INSERT INTO questionario_resposta VALUES (771, 2270);
INSERT INTO questionario_resposta VALUES (771, 2271);
INSERT INTO questionario_resposta VALUES (771, 2272);
INSERT INTO questionario_resposta VALUES (772, 2273);
INSERT INTO questionario_resposta VALUES (772, 2274);
INSERT INTO questionario_resposta VALUES (772, 2275);
INSERT INTO questionario_resposta VALUES (772, 2276);
INSERT INTO questionario_resposta VALUES (772, 2277);
INSERT INTO questionario_resposta VALUES (772, 2278);
INSERT INTO questionario_resposta VALUES (772, 2279);
INSERT INTO questionario_resposta VALUES (772, 2280);
INSERT INTO questionario_resposta VALUES (773, 2281);
INSERT INTO questionario_resposta VALUES (773, 2282);
INSERT INTO questionario_resposta VALUES (773, 2283);
INSERT INTO questionario_resposta VALUES (773, 2284);
INSERT INTO questionario_resposta VALUES (773, 2285);
INSERT INTO questionario_resposta VALUES (773, 2286);
INSERT INTO questionario_resposta VALUES (773, 2287);
INSERT INTO questionario_resposta VALUES (773, 2288);
INSERT INTO questionario_resposta VALUES (774, 2289);
INSERT INTO questionario_resposta VALUES (774, 2290);
INSERT INTO questionario_resposta VALUES (774, 2291);
INSERT INTO questionario_resposta VALUES (774, 2292);
INSERT INTO questionario_resposta VALUES (774, 2293);
INSERT INTO questionario_resposta VALUES (774, 2294);
INSERT INTO questionario_resposta VALUES (774, 2295);
INSERT INTO questionario_resposta VALUES (774, 2296);
INSERT INTO questionario_resposta VALUES (775, 2297);
INSERT INTO questionario_resposta VALUES (775, 2298);
INSERT INTO questionario_resposta VALUES (775, 2299);
INSERT INTO questionario_resposta VALUES (775, 2300);
INSERT INTO questionario_resposta VALUES (775, 2301);
INSERT INTO questionario_resposta VALUES (775, 2302);
INSERT INTO questionario_resposta VALUES (775, 2303);
INSERT INTO questionario_resposta VALUES (775, 2304);
INSERT INTO questionario_resposta VALUES (776, 2305);
INSERT INTO questionario_resposta VALUES (776, 2306);
INSERT INTO questionario_resposta VALUES (776, 2307);
INSERT INTO questionario_resposta VALUES (776, 2308);
INSERT INTO questionario_resposta VALUES (776, 2309);
INSERT INTO questionario_resposta VALUES (776, 2310);
INSERT INTO questionario_resposta VALUES (776, 2311);
INSERT INTO questionario_resposta VALUES (776, 2312);
INSERT INTO questionario_resposta VALUES (777, 2313);
INSERT INTO questionario_resposta VALUES (777, 2314);
INSERT INTO questionario_resposta VALUES (777, 2315);
INSERT INTO questionario_resposta VALUES (777, 2316);
INSERT INTO questionario_resposta VALUES (777, 2317);
INSERT INTO questionario_resposta VALUES (777, 2318);
INSERT INTO questionario_resposta VALUES (777, 2319);
INSERT INTO questionario_resposta VALUES (777, 2320);
INSERT INTO questionario_resposta VALUES (778, 2321);
INSERT INTO questionario_resposta VALUES (778, 2322);
INSERT INTO questionario_resposta VALUES (778, 2323);
INSERT INTO questionario_resposta VALUES (778, 2324);
INSERT INTO questionario_resposta VALUES (778, 2325);
INSERT INTO questionario_resposta VALUES (778, 2326);
INSERT INTO questionario_resposta VALUES (778, 2327);
INSERT INTO questionario_resposta VALUES (778, 2328);
INSERT INTO questionario_resposta VALUES (779, 2329);
INSERT INTO questionario_resposta VALUES (779, 2330);
INSERT INTO questionario_resposta VALUES (779, 2331);
INSERT INTO questionario_resposta VALUES (779, 2332);
INSERT INTO questionario_resposta VALUES (779, 2333);
INSERT INTO questionario_resposta VALUES (779, 2334);
INSERT INTO questionario_resposta VALUES (779, 2335);
INSERT INTO questionario_resposta VALUES (779, 2336);
INSERT INTO questionario_resposta VALUES (780, 2337);
INSERT INTO questionario_resposta VALUES (780, 2338);
INSERT INTO questionario_resposta VALUES (780, 2339);
INSERT INTO questionario_resposta VALUES (780, 2340);
INSERT INTO questionario_resposta VALUES (780, 2341);
INSERT INTO questionario_resposta VALUES (780, 2342);
INSERT INTO questionario_resposta VALUES (780, 2343);
INSERT INTO questionario_resposta VALUES (780, 2344);
INSERT INTO questionario_resposta VALUES (781, 2345);
INSERT INTO questionario_resposta VALUES (781, 2346);
INSERT INTO questionario_resposta VALUES (781, 2347);
INSERT INTO questionario_resposta VALUES (781, 2348);
INSERT INTO questionario_resposta VALUES (781, 2349);
INSERT INTO questionario_resposta VALUES (781, 2350);
INSERT INTO questionario_resposta VALUES (781, 2351);
INSERT INTO questionario_resposta VALUES (781, 2352);
INSERT INTO questionario_resposta VALUES (782, 2353);
INSERT INTO questionario_resposta VALUES (782, 2354);
INSERT INTO questionario_resposta VALUES (782, 2355);
INSERT INTO questionario_resposta VALUES (782, 2356);
INSERT INTO questionario_resposta VALUES (782, 2357);
INSERT INTO questionario_resposta VALUES (782, 2358);
INSERT INTO questionario_resposta VALUES (782, 2359);
INSERT INTO questionario_resposta VALUES (782, 2360);
INSERT INTO questionario_resposta VALUES (783, 2361);
INSERT INTO questionario_resposta VALUES (783, 2362);
INSERT INTO questionario_resposta VALUES (783, 2363);
INSERT INTO questionario_resposta VALUES (783, 2364);
INSERT INTO questionario_resposta VALUES (783, 2365);
INSERT INTO questionario_resposta VALUES (783, 2366);
INSERT INTO questionario_resposta VALUES (783, 2367);
INSERT INTO questionario_resposta VALUES (783, 2368);
INSERT INTO questionario_resposta VALUES (784, 2369);
INSERT INTO questionario_resposta VALUES (784, 2370);
INSERT INTO questionario_resposta VALUES (784, 2371);
INSERT INTO questionario_resposta VALUES (784, 2372);
INSERT INTO questionario_resposta VALUES (784, 2373);
INSERT INTO questionario_resposta VALUES (784, 2374);
INSERT INTO questionario_resposta VALUES (784, 2375);
INSERT INTO questionario_resposta VALUES (784, 2376);
INSERT INTO questionario_resposta VALUES (785, 2377);
INSERT INTO questionario_resposta VALUES (785, 2378);
INSERT INTO questionario_resposta VALUES (785, 2379);
INSERT INTO questionario_resposta VALUES (785, 2380);
INSERT INTO questionario_resposta VALUES (785, 2381);
INSERT INTO questionario_resposta VALUES (785, 2382);
INSERT INTO questionario_resposta VALUES (785, 2383);
INSERT INTO questionario_resposta VALUES (785, 2384);
INSERT INTO questionario_resposta VALUES (786, 2385);
INSERT INTO questionario_resposta VALUES (786, 2386);
INSERT INTO questionario_resposta VALUES (786, 2387);
INSERT INTO questionario_resposta VALUES (786, 2388);
INSERT INTO questionario_resposta VALUES (786, 2389);
INSERT INTO questionario_resposta VALUES (786, 2390);
INSERT INTO questionario_resposta VALUES (786, 2391);
INSERT INTO questionario_resposta VALUES (786, 2392);
INSERT INTO questionario_resposta VALUES (787, 2393);
INSERT INTO questionario_resposta VALUES (787, 2394);
INSERT INTO questionario_resposta VALUES (787, 2395);
INSERT INTO questionario_resposta VALUES (787, 2396);
INSERT INTO questionario_resposta VALUES (787, 2397);
INSERT INTO questionario_resposta VALUES (787, 2398);
INSERT INTO questionario_resposta VALUES (787, 2399);
INSERT INTO questionario_resposta VALUES (787, 2400);
INSERT INTO questionario_resposta VALUES (788, 2401);
INSERT INTO questionario_resposta VALUES (788, 2402);
INSERT INTO questionario_resposta VALUES (788, 2403);
INSERT INTO questionario_resposta VALUES (788, 2404);
INSERT INTO questionario_resposta VALUES (788, 2405);
INSERT INTO questionario_resposta VALUES (788, 2406);
INSERT INTO questionario_resposta VALUES (788, 2407);
INSERT INTO questionario_resposta VALUES (788, 2408);
INSERT INTO questionario_resposta VALUES (789, 2409);
INSERT INTO questionario_resposta VALUES (789, 2410);
INSERT INTO questionario_resposta VALUES (789, 2411);
INSERT INTO questionario_resposta VALUES (789, 2412);
INSERT INTO questionario_resposta VALUES (789, 2413);
INSERT INTO questionario_resposta VALUES (789, 2414);
INSERT INTO questionario_resposta VALUES (789, 2415);
INSERT INTO questionario_resposta VALUES (789, 2416);
INSERT INTO questionario_resposta VALUES (790, 2417);
INSERT INTO questionario_resposta VALUES (790, 2418);
INSERT INTO questionario_resposta VALUES (790, 2419);
INSERT INTO questionario_resposta VALUES (790, 2420);
INSERT INTO questionario_resposta VALUES (790, 2421);
INSERT INTO questionario_resposta VALUES (790, 2422);
INSERT INTO questionario_resposta VALUES (790, 2423);
INSERT INTO questionario_resposta VALUES (790, 2424);
INSERT INTO questionario_resposta VALUES (791, 2425);
INSERT INTO questionario_resposta VALUES (791, 2426);
INSERT INTO questionario_resposta VALUES (791, 2427);
INSERT INTO questionario_resposta VALUES (791, 2428);
INSERT INTO questionario_resposta VALUES (791, 2429);
INSERT INTO questionario_resposta VALUES (791, 2430);
INSERT INTO questionario_resposta VALUES (791, 2431);
INSERT INTO questionario_resposta VALUES (791, 2432);
INSERT INTO questionario_resposta VALUES (792, 2433);
INSERT INTO questionario_resposta VALUES (792, 2434);
INSERT INTO questionario_resposta VALUES (792, 2435);
INSERT INTO questionario_resposta VALUES (792, 2436);
INSERT INTO questionario_resposta VALUES (792, 2437);
INSERT INTO questionario_resposta VALUES (792, 2438);
INSERT INTO questionario_resposta VALUES (792, 2439);
INSERT INTO questionario_resposta VALUES (792, 2440);


--
-- Data for Name: resposta; Type: TABLE DATA; Schema: public; Owner: -
--

INSERT INTO resposta VALUES (1, 0, 2, 1, 1, 37);
INSERT INTO resposta VALUES (2, 0, 3, 2, 1, 37);
INSERT INTO resposta VALUES (3, 0, 4, 3, 1, 37);
INSERT INTO resposta VALUES (4, 0, 1, 4, 1, 37);
INSERT INTO resposta VALUES (5, 0, 4, 5, 1, 37);
INSERT INTO resposta VALUES (6, 0, 4, 6, 1, 37);
INSERT INTO resposta VALUES (7, 0, 3, 7, 1, 37);
INSERT INTO resposta VALUES (8, 0, 3, 8, 1, 37);
INSERT INTO resposta VALUES (9, 0, 2, 1, 1, 30);
INSERT INTO resposta VALUES (10, 0, 2, 2, 1, 30);
INSERT INTO resposta VALUES (11, 0, 4, 3, 1, 30);
INSERT INTO resposta VALUES (12, 0, 4, 4, 1, 30);
INSERT INTO resposta VALUES (13, 0, 2, 5, 1, 30);
INSERT INTO resposta VALUES (14, 0, 4, 6, 1, 30);
INSERT INTO resposta VALUES (15, 0, 1, 7, 1, 30);
INSERT INTO resposta VALUES (16, 0, 3, 8, 1, 30);
INSERT INTO resposta VALUES (17, 0, 1, 1, 1, 19);
INSERT INTO resposta VALUES (18, 0, 2, 2, 1, 19);
INSERT INTO resposta VALUES (19, 0, 3, 3, 1, 19);
INSERT INTO resposta VALUES (20, 0, 1, 4, 1, 19);
INSERT INTO resposta VALUES (21, 0, 2, 5, 1, 19);
INSERT INTO resposta VALUES (22, 0, 3, 6, 1, 19);
INSERT INTO resposta VALUES (23, 0, 2, 7, 1, 19);
INSERT INTO resposta VALUES (24, 0, 1, 8, 1, 19);
INSERT INTO resposta VALUES (25, 0, 4, 1, 1, 1);
INSERT INTO resposta VALUES (26, 0, 3, 2, 1, 1);
INSERT INTO resposta VALUES (27, 0, 2, 3, 1, 1);
INSERT INTO resposta VALUES (28, 0, 3, 4, 1, 1);
INSERT INTO resposta VALUES (29, 0, 2, 5, 1, 1);
INSERT INTO resposta VALUES (30, 0, 4, 6, 1, 1);
INSERT INTO resposta VALUES (31, 0, 3, 7, 1, 1);
INSERT INTO resposta VALUES (32, 0, 4, 8, 1, 1);
INSERT INTO resposta VALUES (33, 0, 2, 1, 1, 2);
INSERT INTO resposta VALUES (34, 0, 3, 2, 1, 2);
INSERT INTO resposta VALUES (35, 0, 3, 3, 1, 2);
INSERT INTO resposta VALUES (36, 0, 3, 4, 1, 2);
INSERT INTO resposta VALUES (37, 0, 2, 5, 1, 2);
INSERT INTO resposta VALUES (38, 0, 3, 6, 1, 2);
INSERT INTO resposta VALUES (39, 0, 4, 7, 1, 2);
INSERT INTO resposta VALUES (40, 0, 3, 8, 1, 2);
INSERT INTO resposta VALUES (41, 0, 1, 1, 1, 4);
INSERT INTO resposta VALUES (42, 0, 4, 2, 1, 4);
INSERT INTO resposta VALUES (43, 0, 1, 3, 1, 4);
INSERT INTO resposta VALUES (44, 0, 2, 4, 1, 4);
INSERT INTO resposta VALUES (45, 0, 1, 5, 1, 4);
INSERT INTO resposta VALUES (46, 0, 4, 6, 1, 4);
INSERT INTO resposta VALUES (47, 0, 2, 7, 1, 4);
INSERT INTO resposta VALUES (48, 0, 4, 8, 1, 4);
INSERT INTO resposta VALUES (49, 0, 1, 1, 1, 3);
INSERT INTO resposta VALUES (50, 0, 3, 2, 1, 3);
INSERT INTO resposta VALUES (51, 0, 4, 3, 1, 3);
INSERT INTO resposta VALUES (52, 0, 2, 4, 1, 3);
INSERT INTO resposta VALUES (53, 0, 4, 5, 1, 3);
INSERT INTO resposta VALUES (54, 0, 4, 6, 1, 3);
INSERT INTO resposta VALUES (55, 0, 3, 7, 1, 3);
INSERT INTO resposta VALUES (56, 0, 1, 8, 1, 3);
INSERT INTO resposta VALUES (57, 0, 4, 1, 1, 26);
INSERT INTO resposta VALUES (58, 0, 2, 2, 1, 26);
INSERT INTO resposta VALUES (59, 0, 3, 3, 1, 26);
INSERT INTO resposta VALUES (60, 0, 3, 4, 1, 26);
INSERT INTO resposta VALUES (61, 0, 3, 5, 1, 26);
INSERT INTO resposta VALUES (62, 0, 2, 6, 1, 26);
INSERT INTO resposta VALUES (63, 0, 3, 7, 1, 26);
INSERT INTO resposta VALUES (64, 0, 3, 8, 1, 26);
INSERT INTO resposta VALUES (65, 0, 4, 1, 1, 16);
INSERT INTO resposta VALUES (66, 0, 1, 2, 1, 16);
INSERT INTO resposta VALUES (67, 0, 1, 3, 1, 16);
INSERT INTO resposta VALUES (68, 0, 1, 4, 1, 16);
INSERT INTO resposta VALUES (69, 0, 1, 5, 1, 16);
INSERT INTO resposta VALUES (70, 0, 2, 6, 1, 16);
INSERT INTO resposta VALUES (71, 0, 1, 7, 1, 16);
INSERT INTO resposta VALUES (72, 0, 3, 8, 1, 16);
INSERT INTO resposta VALUES (73, 0, 1, 1, 1, 15);
INSERT INTO resposta VALUES (74, 0, 4, 2, 1, 15);
INSERT INTO resposta VALUES (75, 0, 3, 3, 1, 15);
INSERT INTO resposta VALUES (76, 0, 3, 4, 1, 15);
INSERT INTO resposta VALUES (77, 0, 2, 5, 1, 15);
INSERT INTO resposta VALUES (78, 0, 1, 6, 1, 15);
INSERT INTO resposta VALUES (79, 0, 4, 7, 1, 15);
INSERT INTO resposta VALUES (80, 0, 1, 8, 1, 15);
INSERT INTO resposta VALUES (81, 0, 3, 1, 1, 4);
INSERT INTO resposta VALUES (82, 0, 1, 2, 1, 4);
INSERT INTO resposta VALUES (83, 0, 1, 3, 1, 4);
INSERT INTO resposta VALUES (84, 0, 1, 4, 1, 4);
INSERT INTO resposta VALUES (85, 0, 3, 5, 1, 4);
INSERT INTO resposta VALUES (86, 0, 4, 6, 1, 4);
INSERT INTO resposta VALUES (87, 0, 3, 7, 1, 4);
INSERT INTO resposta VALUES (88, 0, 2, 8, 1, 4);
INSERT INTO resposta VALUES (89, 0, 1, 1, 1, 22);
INSERT INTO resposta VALUES (90, 0, 4, 2, 1, 22);
INSERT INTO resposta VALUES (91, 0, 1, 3, 1, 22);
INSERT INTO resposta VALUES (92, 0, 4, 4, 1, 22);
INSERT INTO resposta VALUES (93, 0, 3, 5, 1, 22);
INSERT INTO resposta VALUES (94, 0, 2, 6, 1, 22);
INSERT INTO resposta VALUES (95, 0, 1, 7, 1, 22);
INSERT INTO resposta VALUES (96, 0, 2, 8, 1, 22);
INSERT INTO resposta VALUES (97, 0, 2, 1, 1, 27);
INSERT INTO resposta VALUES (98, 0, 3, 2, 1, 27);
INSERT INTO resposta VALUES (99, 0, 1, 3, 1, 27);
INSERT INTO resposta VALUES (100, 0, 4, 4, 1, 27);
INSERT INTO resposta VALUES (101, 0, 3, 5, 1, 27);
INSERT INTO resposta VALUES (102, 0, 1, 6, 1, 27);
INSERT INTO resposta VALUES (103, 0, 4, 7, 1, 27);
INSERT INTO resposta VALUES (104, 0, 2, 8, 1, 27);
INSERT INTO resposta VALUES (105, 0, 1, 1, 1, 5);
INSERT INTO resposta VALUES (106, 0, 3, 2, 1, 5);
INSERT INTO resposta VALUES (107, 0, 2, 3, 1, 5);
INSERT INTO resposta VALUES (108, 0, 2, 4, 1, 5);
INSERT INTO resposta VALUES (109, 0, 1, 5, 1, 5);
INSERT INTO resposta VALUES (110, 0, 4, 6, 1, 5);
INSERT INTO resposta VALUES (111, 0, 4, 7, 1, 5);
INSERT INTO resposta VALUES (112, 0, 1, 8, 1, 5);
INSERT INTO resposta VALUES (113, 0, 3, 1, 1, 36);
INSERT INTO resposta VALUES (114, 0, 2, 2, 1, 36);
INSERT INTO resposta VALUES (115, 0, 2, 3, 1, 36);
INSERT INTO resposta VALUES (116, 0, 4, 4, 1, 36);
INSERT INTO resposta VALUES (117, 0, 2, 5, 1, 36);
INSERT INTO resposta VALUES (118, 0, 3, 6, 1, 36);
INSERT INTO resposta VALUES (119, 0, 3, 7, 1, 36);
INSERT INTO resposta VALUES (120, 0, 4, 8, 1, 36);
INSERT INTO resposta VALUES (121, 0, 3, 1, 1, 17);
INSERT INTO resposta VALUES (122, 0, 2, 2, 1, 17);
INSERT INTO resposta VALUES (123, 0, 2, 3, 1, 17);
INSERT INTO resposta VALUES (124, 0, 2, 4, 1, 17);
INSERT INTO resposta VALUES (125, 0, 2, 5, 1, 17);
INSERT INTO resposta VALUES (126, 0, 1, 6, 1, 17);
INSERT INTO resposta VALUES (127, 0, 2, 7, 1, 17);
INSERT INTO resposta VALUES (128, 0, 3, 8, 1, 17);
INSERT INTO resposta VALUES (129, 0, 2, 1, 1, 5);
INSERT INTO resposta VALUES (130, 0, 2, 2, 1, 5);
INSERT INTO resposta VALUES (131, 0, 4, 3, 1, 5);
INSERT INTO resposta VALUES (132, 0, 3, 4, 1, 5);
INSERT INTO resposta VALUES (133, 0, 2, 5, 1, 5);
INSERT INTO resposta VALUES (134, 0, 2, 6, 1, 5);
INSERT INTO resposta VALUES (135, 0, 2, 7, 1, 5);
INSERT INTO resposta VALUES (136, 0, 3, 8, 1, 5);
INSERT INTO resposta VALUES (137, 0, 3, 1, 1, 29);
INSERT INTO resposta VALUES (138, 0, 1, 2, 1, 29);
INSERT INTO resposta VALUES (139, 0, 3, 3, 1, 29);
INSERT INTO resposta VALUES (140, 0, 3, 4, 1, 29);
INSERT INTO resposta VALUES (141, 0, 3, 5, 1, 29);
INSERT INTO resposta VALUES (142, 0, 4, 6, 1, 29);
INSERT INTO resposta VALUES (143, 0, 4, 7, 1, 29);
INSERT INTO resposta VALUES (144, 0, 4, 8, 1, 29);
INSERT INTO resposta VALUES (145, 0, 1, 1, 1, 22);
INSERT INTO resposta VALUES (146, 0, 1, 2, 1, 22);
INSERT INTO resposta VALUES (147, 0, 2, 3, 1, 22);
INSERT INTO resposta VALUES (148, 0, 2, 4, 1, 22);
INSERT INTO resposta VALUES (149, 0, 2, 5, 1, 22);
INSERT INTO resposta VALUES (150, 0, 3, 6, 1, 22);
INSERT INTO resposta VALUES (151, 0, 2, 7, 1, 22);
INSERT INTO resposta VALUES (152, 0, 3, 8, 1, 22);
INSERT INTO resposta VALUES (153, 0, 1, 1, 1, 2);
INSERT INTO resposta VALUES (154, 0, 2, 2, 1, 2);
INSERT INTO resposta VALUES (155, 0, 1, 3, 1, 2);
INSERT INTO resposta VALUES (156, 0, 1, 4, 1, 2);
INSERT INTO resposta VALUES (157, 0, 2, 5, 1, 2);
INSERT INTO resposta VALUES (158, 0, 1, 6, 1, 2);
INSERT INTO resposta VALUES (159, 0, 4, 7, 1, 2);
INSERT INTO resposta VALUES (160, 0, 1, 8, 1, 2);
INSERT INTO resposta VALUES (161, 0, 4, 1, 1, 14);
INSERT INTO resposta VALUES (162, 0, 2, 2, 1, 14);
INSERT INTO resposta VALUES (163, 0, 1, 3, 1, 14);
INSERT INTO resposta VALUES (164, 0, 1, 4, 1, 14);
INSERT INTO resposta VALUES (165, 0, 2, 5, 1, 14);
INSERT INTO resposta VALUES (166, 0, 2, 6, 1, 14);
INSERT INTO resposta VALUES (167, 0, 3, 7, 1, 14);
INSERT INTO resposta VALUES (168, 0, 2, 8, 1, 14);
INSERT INTO resposta VALUES (169, 0, 2, 1, 1, 10);
INSERT INTO resposta VALUES (170, 0, 3, 2, 1, 10);
INSERT INTO resposta VALUES (171, 0, 4, 3, 1, 10);
INSERT INTO resposta VALUES (172, 0, 1, 4, 1, 10);
INSERT INTO resposta VALUES (173, 0, 4, 5, 1, 10);
INSERT INTO resposta VALUES (174, 0, 1, 6, 1, 10);
INSERT INTO resposta VALUES (175, 0, 1, 7, 1, 10);
INSERT INTO resposta VALUES (176, 0, 2, 8, 1, 10);
INSERT INTO resposta VALUES (177, 0, 3, 1, 1, 22);
INSERT INTO resposta VALUES (178, 0, 3, 2, 1, 22);
INSERT INTO resposta VALUES (179, 0, 2, 3, 1, 22);
INSERT INTO resposta VALUES (180, 0, 1, 4, 1, 22);
INSERT INTO resposta VALUES (181, 0, 2, 5, 1, 22);
INSERT INTO resposta VALUES (182, 0, 2, 6, 1, 22);
INSERT INTO resposta VALUES (183, 0, 2, 7, 1, 22);
INSERT INTO resposta VALUES (184, 0, 1, 8, 1, 22);
INSERT INTO resposta VALUES (185, 0, 1, 1, 1, 15);
INSERT INTO resposta VALUES (186, 0, 1, 2, 1, 15);
INSERT INTO resposta VALUES (187, 0, 2, 3, 1, 15);
INSERT INTO resposta VALUES (188, 0, 3, 4, 1, 15);
INSERT INTO resposta VALUES (189, 0, 3, 5, 1, 15);
INSERT INTO resposta VALUES (190, 0, 3, 6, 1, 15);
INSERT INTO resposta VALUES (191, 0, 1, 7, 1, 15);
INSERT INTO resposta VALUES (192, 0, 3, 8, 1, 15);
INSERT INTO resposta VALUES (193, 0, 4, 1, 1, 13);
INSERT INTO resposta VALUES (194, 0, 3, 2, 1, 13);
INSERT INTO resposta VALUES (195, 0, 1, 3, 1, 13);
INSERT INTO resposta VALUES (196, 0, 2, 4, 1, 13);
INSERT INTO resposta VALUES (197, 0, 1, 5, 1, 13);
INSERT INTO resposta VALUES (198, 0, 1, 6, 1, 13);
INSERT INTO resposta VALUES (199, 0, 2, 7, 1, 13);
INSERT INTO resposta VALUES (200, 0, 4, 8, 1, 13);
INSERT INTO resposta VALUES (201, 0, 2, 1, 1, 32);
INSERT INTO resposta VALUES (202, 0, 3, 2, 1, 32);
INSERT INTO resposta VALUES (203, 0, 1, 3, 1, 32);
INSERT INTO resposta VALUES (204, 0, 1, 4, 1, 32);
INSERT INTO resposta VALUES (205, 0, 2, 5, 1, 32);
INSERT INTO resposta VALUES (206, 0, 1, 6, 1, 32);
INSERT INTO resposta VALUES (207, 0, 3, 7, 1, 32);
INSERT INTO resposta VALUES (208, 0, 4, 8, 1, 32);
INSERT INTO resposta VALUES (209, 0, 4, 1, 1, 30);
INSERT INTO resposta VALUES (210, 0, 2, 2, 1, 30);
INSERT INTO resposta VALUES (211, 0, 4, 3, 1, 30);
INSERT INTO resposta VALUES (212, 0, 4, 4, 1, 30);
INSERT INTO resposta VALUES (213, 0, 2, 5, 1, 30);
INSERT INTO resposta VALUES (214, 0, 3, 6, 1, 30);
INSERT INTO resposta VALUES (215, 0, 2, 7, 1, 30);
INSERT INTO resposta VALUES (216, 0, 1, 8, 1, 30);
INSERT INTO resposta VALUES (217, 0, 1, 1, 1, 20);
INSERT INTO resposta VALUES (218, 0, 4, 2, 1, 20);
INSERT INTO resposta VALUES (219, 0, 2, 3, 1, 20);
INSERT INTO resposta VALUES (220, 0, 3, 4, 1, 20);
INSERT INTO resposta VALUES (221, 0, 2, 5, 1, 20);
INSERT INTO resposta VALUES (222, 0, 2, 6, 1, 20);
INSERT INTO resposta VALUES (223, 0, 4, 7, 1, 20);
INSERT INTO resposta VALUES (224, 0, 4, 8, 1, 20);
INSERT INTO resposta VALUES (225, 0, 4, 1, 1, 5);
INSERT INTO resposta VALUES (226, 0, 3, 2, 1, 5);
INSERT INTO resposta VALUES (227, 0, 1, 3, 1, 5);
INSERT INTO resposta VALUES (228, 0, 1, 4, 1, 5);
INSERT INTO resposta VALUES (229, 0, 2, 5, 1, 5);
INSERT INTO resposta VALUES (230, 0, 1, 6, 1, 5);
INSERT INTO resposta VALUES (231, 0, 3, 7, 1, 5);
INSERT INTO resposta VALUES (232, 0, 4, 8, 1, 5);
INSERT INTO resposta VALUES (233, 0, 2, 1, 1, 37);
INSERT INTO resposta VALUES (234, 0, 2, 2, 1, 37);
INSERT INTO resposta VALUES (235, 0, 4, 3, 1, 37);
INSERT INTO resposta VALUES (236, 0, 1, 4, 1, 37);
INSERT INTO resposta VALUES (237, 0, 3, 5, 1, 37);
INSERT INTO resposta VALUES (238, 0, 1, 6, 1, 37);
INSERT INTO resposta VALUES (239, 0, 1, 7, 1, 37);
INSERT INTO resposta VALUES (240, 0, 1, 8, 1, 37);
INSERT INTO resposta VALUES (241, 0, 2, 1, 1, 17);
INSERT INTO resposta VALUES (242, 0, 1, 2, 1, 17);
INSERT INTO resposta VALUES (243, 0, 2, 3, 1, 17);
INSERT INTO resposta VALUES (244, 0, 1, 4, 1, 17);
INSERT INTO resposta VALUES (245, 0, 4, 5, 1, 17);
INSERT INTO resposta VALUES (246, 0, 1, 6, 1, 17);
INSERT INTO resposta VALUES (247, 0, 2, 7, 1, 17);
INSERT INTO resposta VALUES (248, 0, 1, 8, 1, 17);
INSERT INTO resposta VALUES (249, 0, 4, 1, 1, 31);
INSERT INTO resposta VALUES (250, 0, 4, 2, 1, 31);
INSERT INTO resposta VALUES (251, 0, 2, 3, 1, 31);
INSERT INTO resposta VALUES (252, 0, 1, 4, 1, 31);
INSERT INTO resposta VALUES (253, 0, 2, 5, 1, 31);
INSERT INTO resposta VALUES (254, 0, 2, 6, 1, 31);
INSERT INTO resposta VALUES (255, 0, 1, 7, 1, 31);
INSERT INTO resposta VALUES (256, 0, 3, 8, 1, 31);
INSERT INTO resposta VALUES (257, 0, 4, 1, 1, 6);
INSERT INTO resposta VALUES (258, 0, 1, 2, 1, 6);
INSERT INTO resposta VALUES (259, 0, 3, 3, 1, 6);
INSERT INTO resposta VALUES (260, 0, 1, 4, 1, 6);
INSERT INTO resposta VALUES (261, 0, 4, 5, 1, 6);
INSERT INTO resposta VALUES (262, 0, 2, 6, 1, 6);
INSERT INTO resposta VALUES (263, 0, 2, 7, 1, 6);
INSERT INTO resposta VALUES (264, 0, 3, 8, 1, 6);
INSERT INTO resposta VALUES (265, 0, 1, 1, 1, 20);
INSERT INTO resposta VALUES (266, 0, 3, 2, 1, 20);
INSERT INTO resposta VALUES (267, 0, 3, 3, 1, 20);
INSERT INTO resposta VALUES (268, 0, 1, 4, 1, 20);
INSERT INTO resposta VALUES (269, 0, 1, 5, 1, 20);
INSERT INTO resposta VALUES (270, 0, 3, 6, 1, 20);
INSERT INTO resposta VALUES (271, 0, 2, 7, 1, 20);
INSERT INTO resposta VALUES (272, 0, 1, 8, 1, 20);
INSERT INTO resposta VALUES (273, 0, 3, 1, 1, 3);
INSERT INTO resposta VALUES (274, 0, 1, 2, 1, 3);
INSERT INTO resposta VALUES (275, 0, 3, 3, 1, 3);
INSERT INTO resposta VALUES (276, 0, 1, 4, 1, 3);
INSERT INTO resposta VALUES (277, 0, 4, 5, 1, 3);
INSERT INTO resposta VALUES (278, 0, 2, 6, 1, 3);
INSERT INTO resposta VALUES (279, 0, 1, 7, 1, 3);
INSERT INTO resposta VALUES (280, 0, 3, 8, 1, 3);
INSERT INTO resposta VALUES (281, 0, 1, 1, 1, 31);
INSERT INTO resposta VALUES (282, 0, 2, 2, 1, 31);
INSERT INTO resposta VALUES (283, 0, 1, 3, 1, 31);
INSERT INTO resposta VALUES (284, 0, 4, 4, 1, 31);
INSERT INTO resposta VALUES (285, 0, 4, 5, 1, 31);
INSERT INTO resposta VALUES (286, 0, 1, 6, 1, 31);
INSERT INTO resposta VALUES (287, 0, 1, 7, 1, 31);
INSERT INTO resposta VALUES (288, 0, 1, 8, 1, 31);
INSERT INTO resposta VALUES (289, 0, 3, 1, 1, 18);
INSERT INTO resposta VALUES (290, 0, 4, 2, 1, 18);
INSERT INTO resposta VALUES (291, 0, 3, 3, 1, 18);
INSERT INTO resposta VALUES (292, 0, 3, 4, 1, 18);
INSERT INTO resposta VALUES (293, 0, 3, 5, 1, 18);
INSERT INTO resposta VALUES (294, 0, 3, 6, 1, 18);
INSERT INTO resposta VALUES (295, 0, 4, 7, 1, 18);
INSERT INTO resposta VALUES (296, 0, 3, 8, 1, 18);
INSERT INTO resposta VALUES (297, 0, 4, 1, 1, 23);
INSERT INTO resposta VALUES (298, 0, 4, 2, 1, 23);
INSERT INTO resposta VALUES (299, 0, 4, 3, 1, 23);
INSERT INTO resposta VALUES (300, 0, 2, 4, 1, 23);
INSERT INTO resposta VALUES (301, 0, 2, 5, 1, 23);
INSERT INTO resposta VALUES (302, 0, 2, 6, 1, 23);
INSERT INTO resposta VALUES (303, 0, 2, 7, 1, 23);
INSERT INTO resposta VALUES (304, 0, 4, 8, 1, 23);
INSERT INTO resposta VALUES (305, 0, 4, 1, 1, 22);
INSERT INTO resposta VALUES (306, 0, 4, 2, 1, 22);
INSERT INTO resposta VALUES (307, 0, 1, 3, 1, 22);
INSERT INTO resposta VALUES (308, 0, 3, 4, 1, 22);
INSERT INTO resposta VALUES (309, 0, 1, 5, 1, 22);
INSERT INTO resposta VALUES (310, 0, 1, 6, 1, 22);
INSERT INTO resposta VALUES (311, 0, 4, 7, 1, 22);
INSERT INTO resposta VALUES (312, 0, 4, 8, 1, 22);
INSERT INTO resposta VALUES (313, 0, 3, 1, 1, 23);
INSERT INTO resposta VALUES (314, 0, 1, 2, 1, 23);
INSERT INTO resposta VALUES (315, 0, 3, 3, 1, 23);
INSERT INTO resposta VALUES (316, 0, 3, 4, 1, 23);
INSERT INTO resposta VALUES (317, 0, 2, 5, 1, 23);
INSERT INTO resposta VALUES (318, 0, 1, 6, 1, 23);
INSERT INTO resposta VALUES (319, 0, 2, 7, 1, 23);
INSERT INTO resposta VALUES (320, 0, 4, 8, 1, 23);
INSERT INTO resposta VALUES (321, 0, 3, 1, 1, 4);
INSERT INTO resposta VALUES (322, 0, 1, 2, 1, 4);
INSERT INTO resposta VALUES (323, 0, 3, 3, 1, 4);
INSERT INTO resposta VALUES (324, 0, 1, 4, 1, 4);
INSERT INTO resposta VALUES (325, 0, 3, 5, 1, 4);
INSERT INTO resposta VALUES (326, 0, 2, 6, 1, 4);
INSERT INTO resposta VALUES (327, 0, 2, 7, 1, 4);
INSERT INTO resposta VALUES (328, 0, 2, 8, 1, 4);
INSERT INTO resposta VALUES (329, 0, 3, 1, 1, 25);
INSERT INTO resposta VALUES (330, 0, 3, 2, 1, 25);
INSERT INTO resposta VALUES (331, 0, 2, 3, 1, 25);
INSERT INTO resposta VALUES (332, 0, 1, 4, 1, 25);
INSERT INTO resposta VALUES (333, 0, 2, 5, 1, 25);
INSERT INTO resposta VALUES (334, 0, 3, 6, 1, 25);
INSERT INTO resposta VALUES (335, 0, 2, 7, 1, 25);
INSERT INTO resposta VALUES (336, 0, 1, 8, 1, 25);
INSERT INTO resposta VALUES (337, 0, 4, 1, 1, 14);
INSERT INTO resposta VALUES (338, 0, 3, 2, 1, 14);
INSERT INTO resposta VALUES (339, 0, 3, 3, 1, 14);
INSERT INTO resposta VALUES (340, 0, 4, 4, 1, 14);
INSERT INTO resposta VALUES (341, 0, 2, 5, 1, 14);
INSERT INTO resposta VALUES (342, 0, 2, 6, 1, 14);
INSERT INTO resposta VALUES (343, 0, 1, 7, 1, 14);
INSERT INTO resposta VALUES (344, 0, 2, 8, 1, 14);
INSERT INTO resposta VALUES (345, 0, 2, 1, 1, 22);
INSERT INTO resposta VALUES (346, 0, 2, 2, 1, 22);
INSERT INTO resposta VALUES (347, 0, 2, 3, 1, 22);
INSERT INTO resposta VALUES (348, 0, 3, 4, 1, 22);
INSERT INTO resposta VALUES (349, 0, 2, 5, 1, 22);
INSERT INTO resposta VALUES (350, 0, 4, 6, 1, 22);
INSERT INTO resposta VALUES (351, 0, 4, 7, 1, 22);
INSERT INTO resposta VALUES (352, 0, 2, 8, 1, 22);
INSERT INTO resposta VALUES (353, 0, 4, 1, 1, 29);
INSERT INTO resposta VALUES (354, 0, 3, 2, 1, 29);
INSERT INTO resposta VALUES (355, 0, 1, 3, 1, 29);
INSERT INTO resposta VALUES (356, 0, 1, 4, 1, 29);
INSERT INTO resposta VALUES (357, 0, 2, 5, 1, 29);
INSERT INTO resposta VALUES (358, 0, 3, 6, 1, 29);
INSERT INTO resposta VALUES (359, 0, 3, 7, 1, 29);
INSERT INTO resposta VALUES (360, 0, 1, 8, 1, 29);
INSERT INTO resposta VALUES (361, 0, 3, 1, 1, 4);
INSERT INTO resposta VALUES (362, 0, 4, 2, 1, 4);
INSERT INTO resposta VALUES (363, 0, 2, 3, 1, 4);
INSERT INTO resposta VALUES (364, 0, 2, 4, 1, 4);
INSERT INTO resposta VALUES (365, 0, 3, 5, 1, 4);
INSERT INTO resposta VALUES (366, 0, 4, 6, 1, 4);
INSERT INTO resposta VALUES (367, 0, 1, 7, 1, 4);
INSERT INTO resposta VALUES (368, 0, 2, 8, 1, 4);
INSERT INTO resposta VALUES (369, 0, 2, 1, 1, 1);
INSERT INTO resposta VALUES (370, 0, 1, 2, 1, 1);
INSERT INTO resposta VALUES (371, 0, 2, 3, 1, 1);
INSERT INTO resposta VALUES (372, 0, 3, 4, 1, 1);
INSERT INTO resposta VALUES (373, 0, 2, 5, 1, 1);
INSERT INTO resposta VALUES (374, 0, 3, 6, 1, 1);
INSERT INTO resposta VALUES (375, 0, 1, 7, 1, 1);
INSERT INTO resposta VALUES (376, 0, 1, 8, 1, 1);
INSERT INTO resposta VALUES (377, 0, 2, 1, 1, 23);
INSERT INTO resposta VALUES (378, 0, 3, 2, 1, 23);
INSERT INTO resposta VALUES (379, 0, 4, 3, 1, 23);
INSERT INTO resposta VALUES (380, 0, 2, 4, 1, 23);
INSERT INTO resposta VALUES (381, 0, 3, 5, 1, 23);
INSERT INTO resposta VALUES (382, 0, 3, 6, 1, 23);
INSERT INTO resposta VALUES (383, 0, 4, 7, 1, 23);
INSERT INTO resposta VALUES (384, 0, 2, 8, 1, 23);
INSERT INTO resposta VALUES (385, 0, 2, 1, 1, 18);
INSERT INTO resposta VALUES (386, 0, 4, 2, 1, 18);
INSERT INTO resposta VALUES (387, 0, 2, 3, 1, 18);
INSERT INTO resposta VALUES (388, 0, 3, 4, 1, 18);
INSERT INTO resposta VALUES (389, 0, 3, 5, 1, 18);
INSERT INTO resposta VALUES (390, 0, 1, 6, 1, 18);
INSERT INTO resposta VALUES (391, 0, 2, 7, 1, 18);
INSERT INTO resposta VALUES (392, 0, 3, 8, 1, 18);
INSERT INTO resposta VALUES (393, 0, 3, 1, 1, 18);
INSERT INTO resposta VALUES (394, 0, 3, 2, 1, 18);
INSERT INTO resposta VALUES (395, 0, 4, 3, 1, 18);
INSERT INTO resposta VALUES (396, 0, 3, 4, 1, 18);
INSERT INTO resposta VALUES (397, 0, 1, 5, 1, 18);
INSERT INTO resposta VALUES (398, 0, 1, 6, 1, 18);
INSERT INTO resposta VALUES (399, 0, 1, 7, 1, 18);
INSERT INTO resposta VALUES (400, 0, 1, 8, 1, 18);
INSERT INTO resposta VALUES (401, 0, 2, 1, 1, 31);
INSERT INTO resposta VALUES (402, 0, 4, 2, 1, 31);
INSERT INTO resposta VALUES (403, 0, 4, 3, 1, 31);
INSERT INTO resposta VALUES (404, 0, 1, 4, 1, 31);
INSERT INTO resposta VALUES (405, 0, 3, 5, 1, 31);
INSERT INTO resposta VALUES (406, 0, 3, 6, 1, 31);
INSERT INTO resposta VALUES (407, 0, 4, 7, 1, 31);
INSERT INTO resposta VALUES (408, 0, 2, 8, 1, 31);
INSERT INTO resposta VALUES (409, 0, 1, 1, 1, 26);
INSERT INTO resposta VALUES (410, 0, 1, 2, 1, 26);
INSERT INTO resposta VALUES (411, 0, 4, 3, 1, 26);
INSERT INTO resposta VALUES (412, 0, 4, 4, 1, 26);
INSERT INTO resposta VALUES (413, 0, 4, 5, 1, 26);
INSERT INTO resposta VALUES (414, 0, 2, 6, 1, 26);
INSERT INTO resposta VALUES (415, 0, 4, 7, 1, 26);
INSERT INTO resposta VALUES (416, 0, 3, 8, 1, 26);
INSERT INTO resposta VALUES (417, 0, 1, 1, 1, 5);
INSERT INTO resposta VALUES (418, 0, 1, 2, 1, 5);
INSERT INTO resposta VALUES (419, 0, 4, 3, 1, 5);
INSERT INTO resposta VALUES (420, 0, 2, 4, 1, 5);
INSERT INTO resposta VALUES (421, 0, 4, 5, 1, 5);
INSERT INTO resposta VALUES (422, 0, 1, 6, 1, 5);
INSERT INTO resposta VALUES (423, 0, 3, 7, 1, 5);
INSERT INTO resposta VALUES (424, 0, 3, 8, 1, 5);
INSERT INTO resposta VALUES (425, 0, 4, 1, 1, 7);
INSERT INTO resposta VALUES (426, 0, 2, 2, 1, 7);
INSERT INTO resposta VALUES (427, 0, 4, 3, 1, 7);
INSERT INTO resposta VALUES (428, 0, 1, 4, 1, 7);
INSERT INTO resposta VALUES (429, 0, 3, 5, 1, 7);
INSERT INTO resposta VALUES (430, 0, 2, 6, 1, 7);
INSERT INTO resposta VALUES (431, 0, 2, 7, 1, 7);
INSERT INTO resposta VALUES (432, 0, 3, 8, 1, 7);
INSERT INTO resposta VALUES (433, 0, 1, 1, 1, 7);
INSERT INTO resposta VALUES (434, 0, 1, 2, 1, 7);
INSERT INTO resposta VALUES (435, 0, 4, 3, 1, 7);
INSERT INTO resposta VALUES (436, 0, 4, 4, 1, 7);
INSERT INTO resposta VALUES (437, 0, 2, 5, 1, 7);
INSERT INTO resposta VALUES (438, 0, 1, 6, 1, 7);
INSERT INTO resposta VALUES (439, 0, 1, 7, 1, 7);
INSERT INTO resposta VALUES (440, 0, 4, 8, 1, 7);
INSERT INTO resposta VALUES (441, 0, 4, 1, 1, 36);
INSERT INTO resposta VALUES (442, 0, 3, 2, 1, 36);
INSERT INTO resposta VALUES (443, 0, 1, 3, 1, 36);
INSERT INTO resposta VALUES (444, 0, 2, 4, 1, 36);
INSERT INTO resposta VALUES (445, 0, 1, 5, 1, 36);
INSERT INTO resposta VALUES (446, 0, 4, 6, 1, 36);
INSERT INTO resposta VALUES (447, 0, 4, 7, 1, 36);
INSERT INTO resposta VALUES (448, 0, 1, 8, 1, 36);
INSERT INTO resposta VALUES (449, 0, 2, 1, 1, 10);
INSERT INTO resposta VALUES (450, 0, 2, 2, 1, 10);
INSERT INTO resposta VALUES (451, 0, 4, 3, 1, 10);
INSERT INTO resposta VALUES (452, 0, 2, 4, 1, 10);
INSERT INTO resposta VALUES (453, 0, 3, 5, 1, 10);
INSERT INTO resposta VALUES (454, 0, 1, 6, 1, 10);
INSERT INTO resposta VALUES (455, 0, 2, 7, 1, 10);
INSERT INTO resposta VALUES (456, 0, 2, 8, 1, 10);
INSERT INTO resposta VALUES (457, 0, 1, 1, 1, 36);
INSERT INTO resposta VALUES (458, 0, 3, 2, 1, 36);
INSERT INTO resposta VALUES (459, 0, 4, 3, 1, 36);
INSERT INTO resposta VALUES (460, 0, 4, 4, 1, 36);
INSERT INTO resposta VALUES (461, 0, 2, 5, 1, 36);
INSERT INTO resposta VALUES (462, 0, 3, 6, 1, 36);
INSERT INTO resposta VALUES (463, 0, 2, 7, 1, 36);
INSERT INTO resposta VALUES (464, 0, 2, 8, 1, 36);
INSERT INTO resposta VALUES (465, 0, 4, 1, 1, 13);
INSERT INTO resposta VALUES (466, 0, 3, 2, 1, 13);
INSERT INTO resposta VALUES (467, 0, 1, 3, 1, 13);
INSERT INTO resposta VALUES (468, 0, 1, 4, 1, 13);
INSERT INTO resposta VALUES (469, 0, 3, 5, 1, 13);
INSERT INTO resposta VALUES (470, 0, 4, 6, 1, 13);
INSERT INTO resposta VALUES (471, 0, 2, 7, 1, 13);
INSERT INTO resposta VALUES (472, 0, 1, 8, 1, 13);
INSERT INTO resposta VALUES (473, 0, 3, 1, 1, 5);
INSERT INTO resposta VALUES (474, 0, 4, 2, 1, 5);
INSERT INTO resposta VALUES (475, 0, 2, 3, 1, 5);
INSERT INTO resposta VALUES (476, 0, 2, 4, 1, 5);
INSERT INTO resposta VALUES (477, 0, 3, 5, 1, 5);
INSERT INTO resposta VALUES (478, 0, 3, 6, 1, 5);
INSERT INTO resposta VALUES (479, 0, 1, 7, 1, 5);
INSERT INTO resposta VALUES (480, 0, 4, 8, 1, 5);
INSERT INTO resposta VALUES (481, 0, 1, 1, 1, 39);
INSERT INTO resposta VALUES (482, 0, 4, 2, 1, 39);
INSERT INTO resposta VALUES (483, 0, 4, 3, 1, 39);
INSERT INTO resposta VALUES (484, 0, 2, 4, 1, 39);
INSERT INTO resposta VALUES (485, 0, 1, 5, 1, 39);
INSERT INTO resposta VALUES (486, 0, 2, 6, 1, 39);
INSERT INTO resposta VALUES (487, 0, 1, 7, 1, 39);
INSERT INTO resposta VALUES (488, 0, 3, 8, 1, 39);
INSERT INTO resposta VALUES (489, 0, 4, 1, 1, 24);
INSERT INTO resposta VALUES (490, 0, 4, 2, 1, 24);
INSERT INTO resposta VALUES (491, 0, 3, 3, 1, 24);
INSERT INTO resposta VALUES (492, 0, 1, 4, 1, 24);
INSERT INTO resposta VALUES (493, 0, 3, 5, 1, 24);
INSERT INTO resposta VALUES (494, 0, 4, 6, 1, 24);
INSERT INTO resposta VALUES (495, 0, 4, 7, 1, 24);
INSERT INTO resposta VALUES (496, 0, 2, 8, 1, 24);
INSERT INTO resposta VALUES (497, 0, 2, 1, 1, 24);
INSERT INTO resposta VALUES (498, 0, 3, 2, 1, 24);
INSERT INTO resposta VALUES (499, 0, 1, 3, 1, 24);
INSERT INTO resposta VALUES (500, 0, 3, 4, 1, 24);
INSERT INTO resposta VALUES (501, 0, 2, 5, 1, 24);
INSERT INTO resposta VALUES (502, 0, 1, 6, 1, 24);
INSERT INTO resposta VALUES (503, 0, 2, 7, 1, 24);
INSERT INTO resposta VALUES (504, 0, 2, 8, 1, 24);
INSERT INTO resposta VALUES (505, 0, 2, 1, 1, 4);
INSERT INTO resposta VALUES (506, 0, 4, 2, 1, 4);
INSERT INTO resposta VALUES (507, 0, 2, 3, 1, 4);
INSERT INTO resposta VALUES (508, 0, 4, 4, 1, 4);
INSERT INTO resposta VALUES (509, 0, 2, 5, 1, 4);
INSERT INTO resposta VALUES (510, 0, 4, 6, 1, 4);
INSERT INTO resposta VALUES (511, 0, 1, 7, 1, 4);
INSERT INTO resposta VALUES (512, 0, 3, 8, 1, 4);
INSERT INTO resposta VALUES (513, 0, 2, 1, 1, 19);
INSERT INTO resposta VALUES (514, 0, 1, 2, 1, 19);
INSERT INTO resposta VALUES (515, 0, 1, 3, 1, 19);
INSERT INTO resposta VALUES (516, 0, 3, 4, 1, 19);
INSERT INTO resposta VALUES (517, 0, 3, 5, 1, 19);
INSERT INTO resposta VALUES (518, 0, 4, 6, 1, 19);
INSERT INTO resposta VALUES (519, 0, 1, 7, 1, 19);
INSERT INTO resposta VALUES (520, 0, 1, 8, 1, 19);
INSERT INTO resposta VALUES (521, 0, 3, 1, 1, 31);
INSERT INTO resposta VALUES (522, 0, 4, 2, 1, 31);
INSERT INTO resposta VALUES (523, 0, 2, 3, 1, 31);
INSERT INTO resposta VALUES (524, 0, 4, 4, 1, 31);
INSERT INTO resposta VALUES (525, 0, 4, 5, 1, 31);
INSERT INTO resposta VALUES (526, 0, 1, 6, 1, 31);
INSERT INTO resposta VALUES (527, 0, 4, 7, 1, 31);
INSERT INTO resposta VALUES (528, 0, 4, 8, 1, 31);
INSERT INTO resposta VALUES (529, 0, 4, 1, 1, 3);
INSERT INTO resposta VALUES (530, 0, 1, 2, 1, 3);
INSERT INTO resposta VALUES (531, 0, 2, 3, 1, 3);
INSERT INTO resposta VALUES (532, 0, 2, 4, 1, 3);
INSERT INTO resposta VALUES (533, 0, 3, 5, 1, 3);
INSERT INTO resposta VALUES (534, 0, 4, 6, 1, 3);
INSERT INTO resposta VALUES (535, 0, 3, 7, 1, 3);
INSERT INTO resposta VALUES (536, 0, 1, 8, 1, 3);
INSERT INTO resposta VALUES (537, 0, 1, 1, 1, 29);
INSERT INTO resposta VALUES (538, 0, 3, 2, 1, 29);
INSERT INTO resposta VALUES (539, 0, 2, 3, 1, 29);
INSERT INTO resposta VALUES (540, 0, 4, 4, 1, 29);
INSERT INTO resposta VALUES (541, 0, 4, 5, 1, 29);
INSERT INTO resposta VALUES (542, 0, 1, 6, 1, 29);
INSERT INTO resposta VALUES (543, 0, 4, 7, 1, 29);
INSERT INTO resposta VALUES (544, 0, 4, 8, 1, 29);
INSERT INTO resposta VALUES (545, 0, 4, 1, 1, 10);
INSERT INTO resposta VALUES (546, 0, 4, 2, 1, 10);
INSERT INTO resposta VALUES (547, 0, 3, 3, 1, 10);
INSERT INTO resposta VALUES (548, 0, 1, 4, 1, 10);
INSERT INTO resposta VALUES (549, 0, 2, 5, 1, 10);
INSERT INTO resposta VALUES (550, 0, 4, 6, 1, 10);
INSERT INTO resposta VALUES (551, 0, 3, 7, 1, 10);
INSERT INTO resposta VALUES (552, 0, 4, 8, 1, 10);
INSERT INTO resposta VALUES (553, 0, 2, 1, 1, 26);
INSERT INTO resposta VALUES (554, 0, 2, 2, 1, 26);
INSERT INTO resposta VALUES (555, 0, 3, 3, 1, 26);
INSERT INTO resposta VALUES (556, 0, 3, 4, 1, 26);
INSERT INTO resposta VALUES (557, 0, 3, 5, 1, 26);
INSERT INTO resposta VALUES (558, 0, 1, 6, 1, 26);
INSERT INTO resposta VALUES (559, 0, 4, 7, 1, 26);
INSERT INTO resposta VALUES (560, 0, 3, 8, 1, 26);
INSERT INTO resposta VALUES (561, 0, 1, 1, 1, 38);
INSERT INTO resposta VALUES (562, 0, 1, 2, 1, 38);
INSERT INTO resposta VALUES (563, 0, 1, 3, 1, 38);
INSERT INTO resposta VALUES (564, 0, 1, 4, 1, 38);
INSERT INTO resposta VALUES (565, 0, 3, 5, 1, 38);
INSERT INTO resposta VALUES (566, 0, 1, 6, 1, 38);
INSERT INTO resposta VALUES (567, 0, 1, 7, 1, 38);
INSERT INTO resposta VALUES (568, 0, 3, 8, 1, 38);
INSERT INTO resposta VALUES (569, 0, 2, 1, 1, 13);
INSERT INTO resposta VALUES (570, 0, 4, 2, 1, 13);
INSERT INTO resposta VALUES (571, 0, 1, 3, 1, 13);
INSERT INTO resposta VALUES (572, 0, 4, 4, 1, 13);
INSERT INTO resposta VALUES (573, 0, 2, 5, 1, 13);
INSERT INTO resposta VALUES (574, 0, 3, 6, 1, 13);
INSERT INTO resposta VALUES (575, 0, 3, 7, 1, 13);
INSERT INTO resposta VALUES (576, 0, 2, 8, 1, 13);
INSERT INTO resposta VALUES (577, 0, 2, 1, 1, 33);
INSERT INTO resposta VALUES (578, 0, 2, 2, 1, 33);
INSERT INTO resposta VALUES (579, 0, 1, 3, 1, 33);
INSERT INTO resposta VALUES (580, 0, 3, 4, 1, 33);
INSERT INTO resposta VALUES (581, 0, 3, 5, 1, 33);
INSERT INTO resposta VALUES (582, 0, 4, 6, 1, 33);
INSERT INTO resposta VALUES (583, 0, 3, 7, 1, 33);
INSERT INTO resposta VALUES (584, 0, 2, 8, 1, 33);
INSERT INTO resposta VALUES (585, 0, 1, 1, 1, 4);
INSERT INTO resposta VALUES (586, 0, 1, 2, 1, 4);
INSERT INTO resposta VALUES (587, 0, 2, 3, 1, 4);
INSERT INTO resposta VALUES (588, 0, 4, 4, 1, 4);
INSERT INTO resposta VALUES (589, 0, 3, 5, 1, 4);
INSERT INTO resposta VALUES (590, 0, 4, 6, 1, 4);
INSERT INTO resposta VALUES (591, 0, 2, 7, 1, 4);
INSERT INTO resposta VALUES (592, 0, 1, 8, 1, 4);
INSERT INTO resposta VALUES (593, 0, 2, 1, 1, 3);
INSERT INTO resposta VALUES (594, 0, 4, 2, 1, 3);
INSERT INTO resposta VALUES (595, 0, 3, 3, 1, 3);
INSERT INTO resposta VALUES (596, 0, 3, 4, 1, 3);
INSERT INTO resposta VALUES (597, 0, 4, 5, 1, 3);
INSERT INTO resposta VALUES (598, 0, 3, 6, 1, 3);
INSERT INTO resposta VALUES (599, 0, 1, 7, 1, 3);
INSERT INTO resposta VALUES (600, 0, 4, 8, 1, 3);
INSERT INTO resposta VALUES (601, 0, 4, 1, 1, 1);
INSERT INTO resposta VALUES (602, 0, 2, 2, 1, 1);
INSERT INTO resposta VALUES (603, 0, 3, 3, 1, 1);
INSERT INTO resposta VALUES (604, 0, 2, 4, 1, 1);
INSERT INTO resposta VALUES (605, 0, 4, 5, 1, 1);
INSERT INTO resposta VALUES (606, 0, 3, 6, 1, 1);
INSERT INTO resposta VALUES (607, 0, 3, 7, 1, 1);
INSERT INTO resposta VALUES (608, 0, 2, 8, 1, 1);
INSERT INTO resposta VALUES (609, 0, 3, 1, 1, 11);
INSERT INTO resposta VALUES (610, 0, 3, 2, 1, 11);
INSERT INTO resposta VALUES (611, 0, 3, 3, 1, 11);
INSERT INTO resposta VALUES (612, 0, 1, 4, 1, 11);
INSERT INTO resposta VALUES (613, 0, 4, 5, 1, 11);
INSERT INTO resposta VALUES (614, 0, 2, 6, 1, 11);
INSERT INTO resposta VALUES (615, 0, 4, 7, 1, 11);
INSERT INTO resposta VALUES (616, 0, 2, 8, 1, 11);
INSERT INTO resposta VALUES (617, 0, 4, 1, 1, 37);
INSERT INTO resposta VALUES (618, 0, 4, 2, 1, 37);
INSERT INTO resposta VALUES (619, 0, 2, 3, 1, 37);
INSERT INTO resposta VALUES (620, 0, 2, 4, 1, 37);
INSERT INTO resposta VALUES (621, 0, 4, 5, 1, 37);
INSERT INTO resposta VALUES (622, 0, 2, 6, 1, 37);
INSERT INTO resposta VALUES (623, 0, 1, 7, 1, 37);
INSERT INTO resposta VALUES (624, 0, 2, 8, 1, 37);
INSERT INTO resposta VALUES (625, 0, 4, 1, 1, 38);
INSERT INTO resposta VALUES (626, 0, 4, 2, 1, 38);
INSERT INTO resposta VALUES (627, 0, 1, 3, 1, 38);
INSERT INTO resposta VALUES (628, 0, 3, 4, 1, 38);
INSERT INTO resposta VALUES (629, 0, 3, 5, 1, 38);
INSERT INTO resposta VALUES (630, 0, 4, 6, 1, 38);
INSERT INTO resposta VALUES (631, 0, 2, 7, 1, 38);
INSERT INTO resposta VALUES (632, 0, 3, 8, 1, 38);
INSERT INTO resposta VALUES (633, 0, 3, 1, 1, 15);
INSERT INTO resposta VALUES (634, 0, 2, 2, 1, 15);
INSERT INTO resposta VALUES (635, 0, 1, 3, 1, 15);
INSERT INTO resposta VALUES (636, 0, 1, 4, 1, 15);
INSERT INTO resposta VALUES (637, 0, 3, 5, 1, 15);
INSERT INTO resposta VALUES (638, 0, 4, 6, 1, 15);
INSERT INTO resposta VALUES (639, 0, 4, 7, 1, 15);
INSERT INTO resposta VALUES (640, 0, 4, 8, 1, 15);
INSERT INTO resposta VALUES (641, 0, 4, 1, 1, 31);
INSERT INTO resposta VALUES (642, 0, 3, 2, 1, 31);
INSERT INTO resposta VALUES (643, 0, 1, 3, 1, 31);
INSERT INTO resposta VALUES (644, 0, 1, 4, 1, 31);
INSERT INTO resposta VALUES (645, 0, 3, 5, 1, 31);
INSERT INTO resposta VALUES (646, 0, 4, 6, 1, 31);
INSERT INTO resposta VALUES (647, 0, 3, 7, 1, 31);
INSERT INTO resposta VALUES (648, 0, 2, 8, 1, 31);
INSERT INTO resposta VALUES (649, 0, 4, 1, 1, 26);
INSERT INTO resposta VALUES (650, 0, 3, 2, 1, 26);
INSERT INTO resposta VALUES (651, 0, 3, 3, 1, 26);
INSERT INTO resposta VALUES (652, 0, 2, 4, 1, 26);
INSERT INTO resposta VALUES (653, 0, 1, 5, 1, 26);
INSERT INTO resposta VALUES (654, 0, 4, 6, 1, 26);
INSERT INTO resposta VALUES (655, 0, 3, 7, 1, 26);
INSERT INTO resposta VALUES (656, 0, 4, 8, 1, 26);
INSERT INTO resposta VALUES (657, 0, 1, 1, 1, 10);
INSERT INTO resposta VALUES (658, 0, 4, 2, 1, 10);
INSERT INTO resposta VALUES (659, 0, 2, 3, 1, 10);
INSERT INTO resposta VALUES (660, 0, 2, 4, 1, 10);
INSERT INTO resposta VALUES (661, 0, 3, 5, 1, 10);
INSERT INTO resposta VALUES (662, 0, 3, 6, 1, 10);
INSERT INTO resposta VALUES (663, 0, 4, 7, 1, 10);
INSERT INTO resposta VALUES (664, 0, 2, 8, 1, 10);
INSERT INTO resposta VALUES (665, 0, 3, 1, 1, 27);
INSERT INTO resposta VALUES (666, 0, 4, 2, 1, 27);
INSERT INTO resposta VALUES (667, 0, 3, 3, 1, 27);
INSERT INTO resposta VALUES (668, 0, 1, 4, 1, 27);
INSERT INTO resposta VALUES (669, 0, 4, 5, 1, 27);
INSERT INTO resposta VALUES (670, 0, 4, 6, 1, 27);
INSERT INTO resposta VALUES (671, 0, 2, 7, 1, 27);
INSERT INTO resposta VALUES (672, 0, 1, 8, 1, 27);
INSERT INTO resposta VALUES (673, 0, 3, 1, 1, 15);
INSERT INTO resposta VALUES (674, 0, 4, 2, 1, 15);
INSERT INTO resposta VALUES (675, 0, 4, 3, 1, 15);
INSERT INTO resposta VALUES (676, 0, 4, 4, 1, 15);
INSERT INTO resposta VALUES (677, 0, 2, 5, 1, 15);
INSERT INTO resposta VALUES (678, 0, 4, 6, 1, 15);
INSERT INTO resposta VALUES (679, 0, 3, 7, 1, 15);
INSERT INTO resposta VALUES (680, 0, 2, 8, 1, 15);
INSERT INTO resposta VALUES (681, 0, 3, 1, 1, 15);
INSERT INTO resposta VALUES (682, 0, 1, 2, 1, 15);
INSERT INTO resposta VALUES (683, 0, 2, 3, 1, 15);
INSERT INTO resposta VALUES (684, 0, 2, 4, 1, 15);
INSERT INTO resposta VALUES (685, 0, 1, 5, 1, 15);
INSERT INTO resposta VALUES (686, 0, 4, 6, 1, 15);
INSERT INTO resposta VALUES (687, 0, 3, 7, 1, 15);
INSERT INTO resposta VALUES (688, 0, 2, 8, 1, 15);
INSERT INTO resposta VALUES (689, 0, 4, 1, 1, 35);
INSERT INTO resposta VALUES (690, 0, 2, 2, 1, 35);
INSERT INTO resposta VALUES (691, 0, 2, 3, 1, 35);
INSERT INTO resposta VALUES (692, 0, 2, 4, 1, 35);
INSERT INTO resposta VALUES (693, 0, 2, 5, 1, 35);
INSERT INTO resposta VALUES (694, 0, 4, 6, 1, 35);
INSERT INTO resposta VALUES (695, 0, 4, 7, 1, 35);
INSERT INTO resposta VALUES (696, 0, 2, 8, 1, 35);
INSERT INTO resposta VALUES (697, 0, 3, 1, 1, 6);
INSERT INTO resposta VALUES (698, 0, 1, 2, 1, 6);
INSERT INTO resposta VALUES (699, 0, 4, 3, 1, 6);
INSERT INTO resposta VALUES (700, 0, 3, 4, 1, 6);
INSERT INTO resposta VALUES (701, 0, 2, 5, 1, 6);
INSERT INTO resposta VALUES (702, 0, 4, 6, 1, 6);
INSERT INTO resposta VALUES (703, 0, 2, 7, 1, 6);
INSERT INTO resposta VALUES (704, 0, 2, 8, 1, 6);
INSERT INTO resposta VALUES (705, 0, 2, 1, 1, 19);
INSERT INTO resposta VALUES (706, 0, 2, 2, 1, 19);
INSERT INTO resposta VALUES (707, 0, 3, 3, 1, 19);
INSERT INTO resposta VALUES (708, 0, 3, 4, 1, 19);
INSERT INTO resposta VALUES (709, 0, 2, 5, 1, 19);
INSERT INTO resposta VALUES (710, 0, 2, 6, 1, 19);
INSERT INTO resposta VALUES (711, 0, 4, 7, 1, 19);
INSERT INTO resposta VALUES (712, 0, 3, 8, 1, 19);
INSERT INTO resposta VALUES (713, 0, 1, 1, 1, 21);
INSERT INTO resposta VALUES (714, 0, 4, 2, 1, 21);
INSERT INTO resposta VALUES (715, 0, 3, 3, 1, 21);
INSERT INTO resposta VALUES (716, 0, 3, 4, 1, 21);
INSERT INTO resposta VALUES (717, 0, 4, 5, 1, 21);
INSERT INTO resposta VALUES (718, 0, 2, 6, 1, 21);
INSERT INTO resposta VALUES (719, 0, 1, 7, 1, 21);
INSERT INTO resposta VALUES (720, 0, 4, 8, 1, 21);
INSERT INTO resposta VALUES (721, 0, 4, 1, 1, 33);
INSERT INTO resposta VALUES (722, 0, 4, 2, 1, 33);
INSERT INTO resposta VALUES (723, 0, 3, 3, 1, 33);
INSERT INTO resposta VALUES (724, 0, 4, 4, 1, 33);
INSERT INTO resposta VALUES (725, 0, 4, 5, 1, 33);
INSERT INTO resposta VALUES (726, 0, 3, 6, 1, 33);
INSERT INTO resposta VALUES (727, 0, 4, 7, 1, 33);
INSERT INTO resposta VALUES (728, 0, 4, 8, 1, 33);
INSERT INTO resposta VALUES (729, 0, 2, 1, 1, 31);
INSERT INTO resposta VALUES (730, 0, 1, 2, 1, 31);
INSERT INTO resposta VALUES (731, 0, 2, 3, 1, 31);
INSERT INTO resposta VALUES (732, 0, 1, 4, 1, 31);
INSERT INTO resposta VALUES (733, 0, 1, 5, 1, 31);
INSERT INTO resposta VALUES (734, 0, 4, 6, 1, 31);
INSERT INTO resposta VALUES (735, 0, 1, 7, 1, 31);
INSERT INTO resposta VALUES (736, 0, 4, 8, 1, 31);
INSERT INTO resposta VALUES (737, 0, 3, 1, 1, 25);
INSERT INTO resposta VALUES (738, 0, 3, 2, 1, 25);
INSERT INTO resposta VALUES (739, 0, 1, 3, 1, 25);
INSERT INTO resposta VALUES (740, 0, 2, 4, 1, 25);
INSERT INTO resposta VALUES (741, 0, 2, 5, 1, 25);
INSERT INTO resposta VALUES (742, 0, 3, 6, 1, 25);
INSERT INTO resposta VALUES (743, 0, 2, 7, 1, 25);
INSERT INTO resposta VALUES (744, 0, 1, 8, 1, 25);
INSERT INTO resposta VALUES (745, 0, 1, 1, 1, 24);
INSERT INTO resposta VALUES (746, 0, 2, 2, 1, 24);
INSERT INTO resposta VALUES (747, 0, 4, 3, 1, 24);
INSERT INTO resposta VALUES (748, 0, 4, 4, 1, 24);
INSERT INTO resposta VALUES (749, 0, 3, 5, 1, 24);
INSERT INTO resposta VALUES (750, 0, 4, 6, 1, 24);
INSERT INTO resposta VALUES (751, 0, 1, 7, 1, 24);
INSERT INTO resposta VALUES (752, 0, 4, 8, 1, 24);
INSERT INTO resposta VALUES (753, 0, 1, 1, 1, 32);
INSERT INTO resposta VALUES (754, 0, 3, 2, 1, 32);
INSERT INTO resposta VALUES (755, 0, 1, 3, 1, 32);
INSERT INTO resposta VALUES (756, 0, 3, 4, 1, 32);
INSERT INTO resposta VALUES (757, 0, 3, 5, 1, 32);
INSERT INTO resposta VALUES (758, 0, 4, 6, 1, 32);
INSERT INTO resposta VALUES (759, 0, 2, 7, 1, 32);
INSERT INTO resposta VALUES (760, 0, 2, 8, 1, 32);
INSERT INTO resposta VALUES (761, 0, 1, 1, 1, 37);
INSERT INTO resposta VALUES (762, 0, 4, 2, 1, 37);
INSERT INTO resposta VALUES (763, 0, 4, 3, 1, 37);
INSERT INTO resposta VALUES (764, 0, 4, 4, 1, 37);
INSERT INTO resposta VALUES (765, 0, 4, 5, 1, 37);
INSERT INTO resposta VALUES (766, 0, 4, 6, 1, 37);
INSERT INTO resposta VALUES (767, 0, 1, 7, 1, 37);
INSERT INTO resposta VALUES (768, 0, 1, 8, 1, 37);
INSERT INTO resposta VALUES (769, 0, 1, 1, 1, 24);
INSERT INTO resposta VALUES (770, 0, 1, 2, 1, 24);
INSERT INTO resposta VALUES (771, 0, 2, 3, 1, 24);
INSERT INTO resposta VALUES (772, 0, 3, 4, 1, 24);
INSERT INTO resposta VALUES (773, 0, 1, 5, 1, 24);
INSERT INTO resposta VALUES (774, 0, 1, 6, 1, 24);
INSERT INTO resposta VALUES (775, 0, 4, 7, 1, 24);
INSERT INTO resposta VALUES (776, 0, 4, 8, 1, 24);
INSERT INTO resposta VALUES (777, 0, 1, 1, 1, 39);
INSERT INTO resposta VALUES (778, 0, 4, 2, 1, 39);
INSERT INTO resposta VALUES (779, 0, 4, 3, 1, 39);
INSERT INTO resposta VALUES (780, 0, 3, 4, 1, 39);
INSERT INTO resposta VALUES (781, 0, 1, 5, 1, 39);
INSERT INTO resposta VALUES (782, 0, 2, 6, 1, 39);
INSERT INTO resposta VALUES (783, 0, 3, 7, 1, 39);
INSERT INTO resposta VALUES (784, 0, 2, 8, 1, 39);
INSERT INTO resposta VALUES (785, 0, 1, 1, 1, 35);
INSERT INTO resposta VALUES (786, 0, 3, 2, 1, 35);
INSERT INTO resposta VALUES (787, 0, 2, 3, 1, 35);
INSERT INTO resposta VALUES (788, 0, 3, 4, 1, 35);
INSERT INTO resposta VALUES (789, 0, 3, 5, 1, 35);
INSERT INTO resposta VALUES (790, 0, 2, 6, 1, 35);
INSERT INTO resposta VALUES (791, 0, 1, 7, 1, 35);
INSERT INTO resposta VALUES (792, 0, 2, 8, 1, 35);
INSERT INTO resposta VALUES (793, 0, 1, 1, 1, 32);
INSERT INTO resposta VALUES (794, 0, 2, 2, 1, 32);
INSERT INTO resposta VALUES (795, 0, 2, 3, 1, 32);
INSERT INTO resposta VALUES (796, 0, 2, 4, 1, 32);
INSERT INTO resposta VALUES (797, 0, 1, 5, 1, 32);
INSERT INTO resposta VALUES (798, 0, 4, 6, 1, 32);
INSERT INTO resposta VALUES (799, 0, 2, 7, 1, 32);
INSERT INTO resposta VALUES (800, 0, 2, 8, 1, 32);
INSERT INTO resposta VALUES (801, 0, 2, 1, 1, 11);
INSERT INTO resposta VALUES (802, 0, 2, 2, 1, 11);
INSERT INTO resposta VALUES (803, 0, 3, 3, 1, 11);
INSERT INTO resposta VALUES (804, 0, 4, 4, 1, 11);
INSERT INTO resposta VALUES (805, 0, 1, 5, 1, 11);
INSERT INTO resposta VALUES (806, 0, 4, 6, 1, 11);
INSERT INTO resposta VALUES (807, 0, 4, 7, 1, 11);
INSERT INTO resposta VALUES (808, 0, 1, 8, 1, 11);
INSERT INTO resposta VALUES (809, 0, 3, 1, 1, 31);
INSERT INTO resposta VALUES (810, 0, 2, 2, 1, 31);
INSERT INTO resposta VALUES (811, 0, 4, 3, 1, 31);
INSERT INTO resposta VALUES (812, 0, 1, 4, 1, 31);
INSERT INTO resposta VALUES (813, 0, 1, 5, 1, 31);
INSERT INTO resposta VALUES (814, 0, 2, 6, 1, 31);
INSERT INTO resposta VALUES (815, 0, 3, 7, 1, 31);
INSERT INTO resposta VALUES (816, 0, 1, 8, 1, 31);
INSERT INTO resposta VALUES (817, 0, 4, 1, 1, 14);
INSERT INTO resposta VALUES (818, 0, 1, 2, 1, 14);
INSERT INTO resposta VALUES (819, 0, 3, 3, 1, 14);
INSERT INTO resposta VALUES (820, 0, 3, 4, 1, 14);
INSERT INTO resposta VALUES (821, 0, 3, 5, 1, 14);
INSERT INTO resposta VALUES (822, 0, 4, 6, 1, 14);
INSERT INTO resposta VALUES (823, 0, 3, 7, 1, 14);
INSERT INTO resposta VALUES (824, 0, 3, 8, 1, 14);
INSERT INTO resposta VALUES (825, 0, 3, 1, 1, 12);
INSERT INTO resposta VALUES (826, 0, 4, 2, 1, 12);
INSERT INTO resposta VALUES (827, 0, 2, 3, 1, 12);
INSERT INTO resposta VALUES (828, 0, 4, 4, 1, 12);
INSERT INTO resposta VALUES (829, 0, 2, 5, 1, 12);
INSERT INTO resposta VALUES (830, 0, 1, 6, 1, 12);
INSERT INTO resposta VALUES (831, 0, 4, 7, 1, 12);
INSERT INTO resposta VALUES (832, 0, 2, 8, 1, 12);
INSERT INTO resposta VALUES (833, 0, 4, 1, 1, 17);
INSERT INTO resposta VALUES (834, 0, 4, 2, 1, 17);
INSERT INTO resposta VALUES (835, 0, 4, 3, 1, 17);
INSERT INTO resposta VALUES (836, 0, 3, 4, 1, 17);
INSERT INTO resposta VALUES (837, 0, 1, 5, 1, 17);
INSERT INTO resposta VALUES (838, 0, 4, 6, 1, 17);
INSERT INTO resposta VALUES (839, 0, 2, 7, 1, 17);
INSERT INTO resposta VALUES (840, 0, 2, 8, 1, 17);
INSERT INTO resposta VALUES (841, 0, 4, 1, 1, 34);
INSERT INTO resposta VALUES (842, 0, 3, 2, 1, 34);
INSERT INTO resposta VALUES (843, 0, 3, 3, 1, 34);
INSERT INTO resposta VALUES (844, 0, 2, 4, 1, 34);
INSERT INTO resposta VALUES (845, 0, 3, 5, 1, 34);
INSERT INTO resposta VALUES (846, 0, 3, 6, 1, 34);
INSERT INTO resposta VALUES (847, 0, 2, 7, 1, 34);
INSERT INTO resposta VALUES (848, 0, 1, 8, 1, 34);
INSERT INTO resposta VALUES (849, 0, 2, 1, 1, 4);
INSERT INTO resposta VALUES (850, 0, 3, 2, 1, 4);
INSERT INTO resposta VALUES (851, 0, 4, 3, 1, 4);
INSERT INTO resposta VALUES (852, 0, 3, 4, 1, 4);
INSERT INTO resposta VALUES (853, 0, 1, 5, 1, 4);
INSERT INTO resposta VALUES (854, 0, 3, 6, 1, 4);
INSERT INTO resposta VALUES (855, 0, 1, 7, 1, 4);
INSERT INTO resposta VALUES (856, 0, 2, 8, 1, 4);
INSERT INTO resposta VALUES (857, 0, 1, 1, 1, 2);
INSERT INTO resposta VALUES (858, 0, 4, 2, 1, 2);
INSERT INTO resposta VALUES (859, 0, 1, 3, 1, 2);
INSERT INTO resposta VALUES (860, 0, 1, 4, 1, 2);
INSERT INTO resposta VALUES (861, 0, 4, 5, 1, 2);
INSERT INTO resposta VALUES (862, 0, 1, 6, 1, 2);
INSERT INTO resposta VALUES (863, 0, 3, 7, 1, 2);
INSERT INTO resposta VALUES (864, 0, 3, 8, 1, 2);
INSERT INTO resposta VALUES (865, 0, 2, 1, 1, 29);
INSERT INTO resposta VALUES (866, 0, 1, 2, 1, 29);
INSERT INTO resposta VALUES (867, 0, 2, 3, 1, 29);
INSERT INTO resposta VALUES (868, 0, 1, 4, 1, 29);
INSERT INTO resposta VALUES (869, 0, 2, 5, 1, 29);
INSERT INTO resposta VALUES (870, 0, 1, 6, 1, 29);
INSERT INTO resposta VALUES (871, 0, 1, 7, 1, 29);
INSERT INTO resposta VALUES (872, 0, 3, 8, 1, 29);
INSERT INTO resposta VALUES (873, 0, 3, 1, 1, 8);
INSERT INTO resposta VALUES (874, 0, 1, 2, 1, 8);
INSERT INTO resposta VALUES (875, 0, 1, 3, 1, 8);
INSERT INTO resposta VALUES (876, 0, 4, 4, 1, 8);
INSERT INTO resposta VALUES (877, 0, 2, 5, 1, 8);
INSERT INTO resposta VALUES (878, 0, 4, 6, 1, 8);
INSERT INTO resposta VALUES (879, 0, 1, 7, 1, 8);
INSERT INTO resposta VALUES (880, 0, 3, 8, 1, 8);
INSERT INTO resposta VALUES (881, 0, 3, 1, 1, 29);
INSERT INTO resposta VALUES (882, 0, 4, 2, 1, 29);
INSERT INTO resposta VALUES (883, 0, 1, 3, 1, 29);
INSERT INTO resposta VALUES (884, 0, 2, 4, 1, 29);
INSERT INTO resposta VALUES (885, 0, 1, 5, 1, 29);
INSERT INTO resposta VALUES (886, 0, 1, 6, 1, 29);
INSERT INTO resposta VALUES (887, 0, 1, 7, 1, 29);
INSERT INTO resposta VALUES (888, 0, 1, 8, 1, 29);
INSERT INTO resposta VALUES (889, 0, 2, 1, 1, 10);
INSERT INTO resposta VALUES (890, 0, 1, 2, 1, 10);
INSERT INTO resposta VALUES (891, 0, 3, 3, 1, 10);
INSERT INTO resposta VALUES (892, 0, 4, 4, 1, 10);
INSERT INTO resposta VALUES (893, 0, 1, 5, 1, 10);
INSERT INTO resposta VALUES (894, 0, 3, 6, 1, 10);
INSERT INTO resposta VALUES (895, 0, 1, 7, 1, 10);
INSERT INTO resposta VALUES (896, 0, 3, 8, 1, 10);
INSERT INTO resposta VALUES (897, 0, 2, 1, 1, 24);
INSERT INTO resposta VALUES (898, 0, 2, 2, 1, 24);
INSERT INTO resposta VALUES (899, 0, 4, 3, 1, 24);
INSERT INTO resposta VALUES (900, 0, 2, 4, 1, 24);
INSERT INTO resposta VALUES (901, 0, 4, 5, 1, 24);
INSERT INTO resposta VALUES (902, 0, 3, 6, 1, 24);
INSERT INTO resposta VALUES (903, 0, 2, 7, 1, 24);
INSERT INTO resposta VALUES (904, 0, 4, 8, 1, 24);
INSERT INTO resposta VALUES (905, 0, 1, 1, 1, 35);
INSERT INTO resposta VALUES (906, 0, 1, 2, 1, 35);
INSERT INTO resposta VALUES (907, 0, 1, 3, 1, 35);
INSERT INTO resposta VALUES (908, 0, 4, 4, 1, 35);
INSERT INTO resposta VALUES (909, 0, 3, 5, 1, 35);
INSERT INTO resposta VALUES (910, 0, 1, 6, 1, 35);
INSERT INTO resposta VALUES (911, 0, 4, 7, 1, 35);
INSERT INTO resposta VALUES (912, 0, 2, 8, 1, 35);
INSERT INTO resposta VALUES (913, 0, 4, 1, 1, 34);
INSERT INTO resposta VALUES (914, 0, 4, 2, 1, 34);
INSERT INTO resposta VALUES (915, 0, 1, 3, 1, 34);
INSERT INTO resposta VALUES (916, 0, 3, 4, 1, 34);
INSERT INTO resposta VALUES (917, 0, 1, 5, 1, 34);
INSERT INTO resposta VALUES (918, 0, 2, 6, 1, 34);
INSERT INTO resposta VALUES (919, 0, 2, 7, 1, 34);
INSERT INTO resposta VALUES (920, 0, 1, 8, 1, 34);
INSERT INTO resposta VALUES (921, 0, 1, 1, 1, 37);
INSERT INTO resposta VALUES (922, 0, 2, 2, 1, 37);
INSERT INTO resposta VALUES (923, 0, 3, 3, 1, 37);
INSERT INTO resposta VALUES (924, 0, 2, 4, 1, 37);
INSERT INTO resposta VALUES (925, 0, 2, 5, 1, 37);
INSERT INTO resposta VALUES (926, 0, 4, 6, 1, 37);
INSERT INTO resposta VALUES (927, 0, 4, 7, 1, 37);
INSERT INTO resposta VALUES (928, 0, 3, 8, 1, 37);
INSERT INTO resposta VALUES (929, 0, 3, 1, 1, 35);
INSERT INTO resposta VALUES (930, 0, 4, 2, 1, 35);
INSERT INTO resposta VALUES (931, 0, 4, 3, 1, 35);
INSERT INTO resposta VALUES (932, 0, 2, 4, 1, 35);
INSERT INTO resposta VALUES (933, 0, 2, 5, 1, 35);
INSERT INTO resposta VALUES (934, 0, 3, 6, 1, 35);
INSERT INTO resposta VALUES (935, 0, 2, 7, 1, 35);
INSERT INTO resposta VALUES (936, 0, 4, 8, 1, 35);
INSERT INTO resposta VALUES (937, 0, 1, 1, 1, 18);
INSERT INTO resposta VALUES (938, 0, 4, 2, 1, 18);
INSERT INTO resposta VALUES (939, 0, 3, 3, 1, 18);
INSERT INTO resposta VALUES (940, 0, 1, 4, 1, 18);
INSERT INTO resposta VALUES (941, 0, 3, 5, 1, 18);
INSERT INTO resposta VALUES (942, 0, 2, 6, 1, 18);
INSERT INTO resposta VALUES (943, 0, 4, 7, 1, 18);
INSERT INTO resposta VALUES (944, 0, 1, 8, 1, 18);
INSERT INTO resposta VALUES (945, 0, 4, 1, 1, 22);
INSERT INTO resposta VALUES (946, 0, 3, 2, 1, 22);
INSERT INTO resposta VALUES (947, 0, 2, 3, 1, 22);
INSERT INTO resposta VALUES (948, 0, 1, 4, 1, 22);
INSERT INTO resposta VALUES (949, 0, 3, 5, 1, 22);
INSERT INTO resposta VALUES (950, 0, 4, 6, 1, 22);
INSERT INTO resposta VALUES (951, 0, 3, 7, 1, 22);
INSERT INTO resposta VALUES (952, 0, 4, 8, 1, 22);
INSERT INTO resposta VALUES (953, 0, 2, 1, 1, 19);
INSERT INTO resposta VALUES (954, 0, 4, 2, 1, 19);
INSERT INTO resposta VALUES (955, 0, 1, 3, 1, 19);
INSERT INTO resposta VALUES (956, 0, 4, 4, 1, 19);
INSERT INTO resposta VALUES (957, 0, 2, 5, 1, 19);
INSERT INTO resposta VALUES (958, 0, 1, 6, 1, 19);
INSERT INTO resposta VALUES (959, 0, 3, 7, 1, 19);
INSERT INTO resposta VALUES (960, 0, 2, 8, 1, 19);
INSERT INTO resposta VALUES (961, 0, 3, 1, 1, 32);
INSERT INTO resposta VALUES (962, 0, 3, 2, 1, 32);
INSERT INTO resposta VALUES (963, 0, 4, 3, 1, 32);
INSERT INTO resposta VALUES (964, 0, 3, 4, 1, 32);
INSERT INTO resposta VALUES (965, 0, 3, 5, 1, 32);
INSERT INTO resposta VALUES (966, 0, 2, 6, 1, 32);
INSERT INTO resposta VALUES (967, 0, 3, 7, 1, 32);
INSERT INTO resposta VALUES (968, 0, 2, 8, 1, 32);
INSERT INTO resposta VALUES (969, 0, 2, 1, 1, 1);
INSERT INTO resposta VALUES (970, 0, 1, 2, 1, 1);
INSERT INTO resposta VALUES (971, 0, 4, 3, 1, 1);
INSERT INTO resposta VALUES (972, 0, 2, 4, 1, 1);
INSERT INTO resposta VALUES (973, 0, 2, 5, 1, 1);
INSERT INTO resposta VALUES (974, 0, 4, 6, 1, 1);
INSERT INTO resposta VALUES (975, 0, 4, 7, 1, 1);
INSERT INTO resposta VALUES (976, 0, 1, 8, 1, 1);
INSERT INTO resposta VALUES (977, 0, 2, 1, 1, 39);
INSERT INTO resposta VALUES (978, 0, 2, 2, 1, 39);
INSERT INTO resposta VALUES (979, 0, 3, 3, 1, 39);
INSERT INTO resposta VALUES (980, 0, 3, 4, 1, 39);
INSERT INTO resposta VALUES (981, 0, 1, 5, 1, 39);
INSERT INTO resposta VALUES (982, 0, 3, 6, 1, 39);
INSERT INTO resposta VALUES (983, 0, 3, 7, 1, 39);
INSERT INTO resposta VALUES (984, 0, 4, 8, 1, 39);
INSERT INTO resposta VALUES (985, 0, 4, 1, 1, 9);
INSERT INTO resposta VALUES (986, 0, 1, 2, 1, 9);
INSERT INTO resposta VALUES (987, 0, 1, 3, 1, 9);
INSERT INTO resposta VALUES (988, 0, 4, 4, 1, 9);
INSERT INTO resposta VALUES (989, 0, 2, 5, 1, 9);
INSERT INTO resposta VALUES (990, 0, 3, 6, 1, 9);
INSERT INTO resposta VALUES (991, 0, 4, 7, 1, 9);
INSERT INTO resposta VALUES (992, 0, 2, 8, 1, 9);
INSERT INTO resposta VALUES (993, 0, 2, 1, 1, 24);
INSERT INTO resposta VALUES (994, 0, 3, 2, 1, 24);
INSERT INTO resposta VALUES (995, 0, 2, 3, 1, 24);
INSERT INTO resposta VALUES (996, 0, 1, 4, 1, 24);
INSERT INTO resposta VALUES (997, 0, 2, 5, 1, 24);
INSERT INTO resposta VALUES (998, 0, 1, 6, 1, 24);
INSERT INTO resposta VALUES (999, 0, 1, 7, 1, 24);
INSERT INTO resposta VALUES (1000, 0, 4, 8, 1, 24);
INSERT INTO resposta VALUES (1001, 0, 4, 1, 1, 9);
INSERT INTO resposta VALUES (1002, 0, 3, 2, 1, 9);
INSERT INTO resposta VALUES (1003, 0, 4, 3, 1, 9);
INSERT INTO resposta VALUES (1004, 0, 1, 4, 1, 9);
INSERT INTO resposta VALUES (1005, 0, 1, 5, 1, 9);
INSERT INTO resposta VALUES (1006, 0, 1, 6, 1, 9);
INSERT INTO resposta VALUES (1007, 0, 4, 7, 1, 9);
INSERT INTO resposta VALUES (1008, 0, 4, 8, 1, 9);
INSERT INTO resposta VALUES (1009, 0, 3, 1, 1, 33);
INSERT INTO resposta VALUES (1010, 0, 1, 2, 1, 33);
INSERT INTO resposta VALUES (1011, 0, 4, 3, 1, 33);
INSERT INTO resposta VALUES (1012, 0, 1, 4, 1, 33);
INSERT INTO resposta VALUES (1013, 0, 3, 5, 1, 33);
INSERT INTO resposta VALUES (1014, 0, 1, 6, 1, 33);
INSERT INTO resposta VALUES (1015, 0, 1, 7, 1, 33);
INSERT INTO resposta VALUES (1016, 0, 1, 8, 1, 33);
INSERT INTO resposta VALUES (1017, 0, 2, 1, 1, 10);
INSERT INTO resposta VALUES (1018, 0, 2, 2, 1, 10);
INSERT INTO resposta VALUES (1019, 0, 1, 3, 1, 10);
INSERT INTO resposta VALUES (1020, 0, 1, 4, 1, 10);
INSERT INTO resposta VALUES (1021, 0, 4, 5, 1, 10);
INSERT INTO resposta VALUES (1022, 0, 2, 6, 1, 10);
INSERT INTO resposta VALUES (1023, 0, 3, 7, 1, 10);
INSERT INTO resposta VALUES (1024, 0, 3, 8, 1, 10);
INSERT INTO resposta VALUES (1025, 0, 4, 1, 1, 4);
INSERT INTO resposta VALUES (1026, 0, 2, 2, 1, 4);
INSERT INTO resposta VALUES (1027, 0, 1, 3, 1, 4);
INSERT INTO resposta VALUES (1028, 0, 2, 4, 1, 4);
INSERT INTO resposta VALUES (1029, 0, 2, 5, 1, 4);
INSERT INTO resposta VALUES (1030, 0, 4, 6, 1, 4);
INSERT INTO resposta VALUES (1031, 0, 2, 7, 1, 4);
INSERT INTO resposta VALUES (1032, 0, 3, 8, 1, 4);
INSERT INTO resposta VALUES (1033, 0, 4, 1, 1, 22);
INSERT INTO resposta VALUES (1034, 0, 2, 2, 1, 22);
INSERT INTO resposta VALUES (1035, 0, 3, 3, 1, 22);
INSERT INTO resposta VALUES (1036, 0, 2, 4, 1, 22);
INSERT INTO resposta VALUES (1037, 0, 1, 5, 1, 22);
INSERT INTO resposta VALUES (1038, 0, 2, 6, 1, 22);
INSERT INTO resposta VALUES (1039, 0, 2, 7, 1, 22);
INSERT INTO resposta VALUES (1040, 0, 4, 8, 1, 22);
INSERT INTO resposta VALUES (1041, 0, 3, 1, 1, 31);
INSERT INTO resposta VALUES (1042, 0, 3, 2, 1, 31);
INSERT INTO resposta VALUES (1043, 0, 3, 3, 1, 31);
INSERT INTO resposta VALUES (1044, 0, 2, 4, 1, 31);
INSERT INTO resposta VALUES (1045, 0, 1, 5, 1, 31);
INSERT INTO resposta VALUES (1046, 0, 2, 6, 1, 31);
INSERT INTO resposta VALUES (1047, 0, 2, 7, 1, 31);
INSERT INTO resposta VALUES (1048, 0, 1, 8, 1, 31);
INSERT INTO resposta VALUES (1049, 0, 1, 1, 1, 3);
INSERT INTO resposta VALUES (1050, 0, 2, 2, 1, 3);
INSERT INTO resposta VALUES (1051, 0, 3, 3, 1, 3);
INSERT INTO resposta VALUES (1052, 0, 4, 4, 1, 3);
INSERT INTO resposta VALUES (1053, 0, 1, 5, 1, 3);
INSERT INTO resposta VALUES (1054, 0, 4, 6, 1, 3);
INSERT INTO resposta VALUES (1055, 0, 3, 7, 1, 3);
INSERT INTO resposta VALUES (1056, 0, 1, 8, 1, 3);
INSERT INTO resposta VALUES (1057, 0, 3, 1, 1, 18);
INSERT INTO resposta VALUES (1058, 0, 3, 2, 1, 18);
INSERT INTO resposta VALUES (1059, 0, 2, 3, 1, 18);
INSERT INTO resposta VALUES (1060, 0, 2, 4, 1, 18);
INSERT INTO resposta VALUES (1061, 0, 2, 5, 1, 18);
INSERT INTO resposta VALUES (1062, 0, 2, 6, 1, 18);
INSERT INTO resposta VALUES (1063, 0, 2, 7, 1, 18);
INSERT INTO resposta VALUES (1064, 0, 4, 8, 1, 18);
INSERT INTO resposta VALUES (1065, 0, 1, 1, 1, 34);
INSERT INTO resposta VALUES (1066, 0, 2, 2, 1, 34);
INSERT INTO resposta VALUES (1067, 0, 3, 3, 1, 34);
INSERT INTO resposta VALUES (1068, 0, 1, 4, 1, 34);
INSERT INTO resposta VALUES (1069, 0, 1, 5, 1, 34);
INSERT INTO resposta VALUES (1070, 0, 2, 6, 1, 34);
INSERT INTO resposta VALUES (1071, 0, 2, 7, 1, 34);
INSERT INTO resposta VALUES (1072, 0, 1, 8, 1, 34);
INSERT INTO resposta VALUES (1073, 0, 1, 1, 1, 17);
INSERT INTO resposta VALUES (1074, 0, 3, 2, 1, 17);
INSERT INTO resposta VALUES (1075, 0, 4, 3, 1, 17);
INSERT INTO resposta VALUES (1076, 0, 4, 4, 1, 17);
INSERT INTO resposta VALUES (1077, 0, 4, 5, 1, 17);
INSERT INTO resposta VALUES (1078, 0, 4, 6, 1, 17);
INSERT INTO resposta VALUES (1079, 0, 4, 7, 1, 17);
INSERT INTO resposta VALUES (1080, 0, 4, 8, 1, 17);
INSERT INTO resposta VALUES (1081, 0, 4, 1, 1, 33);
INSERT INTO resposta VALUES (1082, 0, 3, 2, 1, 33);
INSERT INTO resposta VALUES (1083, 0, 3, 3, 1, 33);
INSERT INTO resposta VALUES (1084, 0, 3, 4, 1, 33);
INSERT INTO resposta VALUES (1085, 0, 2, 5, 1, 33);
INSERT INTO resposta VALUES (1086, 0, 1, 6, 1, 33);
INSERT INTO resposta VALUES (1087, 0, 3, 7, 1, 33);
INSERT INTO resposta VALUES (1088, 0, 4, 8, 1, 33);
INSERT INTO resposta VALUES (1089, 0, 4, 1, 1, 22);
INSERT INTO resposta VALUES (1090, 0, 4, 2, 1, 22);
INSERT INTO resposta VALUES (1091, 0, 1, 3, 1, 22);
INSERT INTO resposta VALUES (1092, 0, 2, 4, 1, 22);
INSERT INTO resposta VALUES (1093, 0, 1, 5, 1, 22);
INSERT INTO resposta VALUES (1094, 0, 3, 6, 1, 22);
INSERT INTO resposta VALUES (1095, 0, 2, 7, 1, 22);
INSERT INTO resposta VALUES (1096, 0, 1, 8, 1, 22);
INSERT INTO resposta VALUES (1097, 0, 3, 1, 1, 30);
INSERT INTO resposta VALUES (1098, 0, 3, 2, 1, 30);
INSERT INTO resposta VALUES (1099, 0, 3, 3, 1, 30);
INSERT INTO resposta VALUES (1100, 0, 4, 4, 1, 30);
INSERT INTO resposta VALUES (1101, 0, 2, 5, 1, 30);
INSERT INTO resposta VALUES (1102, 0, 2, 6, 1, 30);
INSERT INTO resposta VALUES (1103, 0, 1, 7, 1, 30);
INSERT INTO resposta VALUES (1104, 0, 4, 8, 1, 30);
INSERT INTO resposta VALUES (1105, 0, 4, 1, 1, 25);
INSERT INTO resposta VALUES (1106, 0, 3, 2, 1, 25);
INSERT INTO resposta VALUES (1107, 0, 1, 3, 1, 25);
INSERT INTO resposta VALUES (1108, 0, 2, 4, 1, 25);
INSERT INTO resposta VALUES (1109, 0, 3, 5, 1, 25);
INSERT INTO resposta VALUES (1110, 0, 4, 6, 1, 25);
INSERT INTO resposta VALUES (1111, 0, 3, 7, 1, 25);
INSERT INTO resposta VALUES (1112, 0, 3, 8, 1, 25);
INSERT INTO resposta VALUES (1113, 0, 2, 1, 1, 15);
INSERT INTO resposta VALUES (1114, 0, 2, 2, 1, 15);
INSERT INTO resposta VALUES (1115, 0, 1, 3, 1, 15);
INSERT INTO resposta VALUES (1116, 0, 4, 4, 1, 15);
INSERT INTO resposta VALUES (1117, 0, 3, 5, 1, 15);
INSERT INTO resposta VALUES (1118, 0, 2, 6, 1, 15);
INSERT INTO resposta VALUES (1119, 0, 2, 7, 1, 15);
INSERT INTO resposta VALUES (1120, 0, 2, 8, 1, 15);
INSERT INTO resposta VALUES (1121, 0, 2, 1, 1, 18);
INSERT INTO resposta VALUES (1122, 0, 2, 2, 1, 18);
INSERT INTO resposta VALUES (1123, 0, 4, 3, 1, 18);
INSERT INTO resposta VALUES (1124, 0, 1, 4, 1, 18);
INSERT INTO resposta VALUES (1125, 0, 3, 5, 1, 18);
INSERT INTO resposta VALUES (1126, 0, 1, 6, 1, 18);
INSERT INTO resposta VALUES (1127, 0, 4, 7, 1, 18);
INSERT INTO resposta VALUES (1128, 0, 1, 8, 1, 18);
INSERT INTO resposta VALUES (1129, 0, 4, 1, 1, 31);
INSERT INTO resposta VALUES (1130, 0, 3, 2, 1, 31);
INSERT INTO resposta VALUES (1131, 0, 2, 3, 1, 31);
INSERT INTO resposta VALUES (1132, 0, 2, 4, 1, 31);
INSERT INTO resposta VALUES (1133, 0, 3, 5, 1, 31);
INSERT INTO resposta VALUES (1134, 0, 3, 6, 1, 31);
INSERT INTO resposta VALUES (1135, 0, 4, 7, 1, 31);
INSERT INTO resposta VALUES (1136, 0, 3, 8, 1, 31);
INSERT INTO resposta VALUES (1137, 0, 2, 1, 1, 10);
INSERT INTO resposta VALUES (1138, 0, 2, 2, 1, 10);
INSERT INTO resposta VALUES (1139, 0, 1, 3, 1, 10);
INSERT INTO resposta VALUES (1140, 0, 2, 4, 1, 10);
INSERT INTO resposta VALUES (1141, 0, 1, 5, 1, 10);
INSERT INTO resposta VALUES (1142, 0, 4, 6, 1, 10);
INSERT INTO resposta VALUES (1143, 0, 2, 7, 1, 10);
INSERT INTO resposta VALUES (1144, 0, 1, 8, 1, 10);
INSERT INTO resposta VALUES (1145, 0, 1, 1, 1, 5);
INSERT INTO resposta VALUES (1146, 0, 2, 2, 1, 5);
INSERT INTO resposta VALUES (1147, 0, 2, 3, 1, 5);
INSERT INTO resposta VALUES (1148, 0, 4, 4, 1, 5);
INSERT INTO resposta VALUES (1149, 0, 4, 5, 1, 5);
INSERT INTO resposta VALUES (1150, 0, 4, 6, 1, 5);
INSERT INTO resposta VALUES (1151, 0, 2, 7, 1, 5);
INSERT INTO resposta VALUES (1152, 0, 3, 8, 1, 5);
INSERT INTO resposta VALUES (1153, 0, 4, 1, 1, 20);
INSERT INTO resposta VALUES (1154, 0, 4, 2, 1, 20);
INSERT INTO resposta VALUES (1155, 0, 4, 3, 1, 20);
INSERT INTO resposta VALUES (1156, 0, 2, 4, 1, 20);
INSERT INTO resposta VALUES (1157, 0, 2, 5, 1, 20);
INSERT INTO resposta VALUES (1158, 0, 4, 6, 1, 20);
INSERT INTO resposta VALUES (1159, 0, 3, 7, 1, 20);
INSERT INTO resposta VALUES (1160, 0, 2, 8, 1, 20);
INSERT INTO resposta VALUES (1161, 0, 1, 1, 1, 2);
INSERT INTO resposta VALUES (1162, 0, 4, 2, 1, 2);
INSERT INTO resposta VALUES (1163, 0, 3, 3, 1, 2);
INSERT INTO resposta VALUES (1164, 0, 4, 4, 1, 2);
INSERT INTO resposta VALUES (1165, 0, 3, 5, 1, 2);
INSERT INTO resposta VALUES (1166, 0, 2, 6, 1, 2);
INSERT INTO resposta VALUES (1167, 0, 4, 7, 1, 2);
INSERT INTO resposta VALUES (1168, 0, 4, 8, 1, 2);
INSERT INTO resposta VALUES (1169, 0, 4, 1, 1, 26);
INSERT INTO resposta VALUES (1170, 0, 4, 2, 1, 26);
INSERT INTO resposta VALUES (1171, 0, 2, 3, 1, 26);
INSERT INTO resposta VALUES (1172, 0, 4, 4, 1, 26);
INSERT INTO resposta VALUES (1173, 0, 1, 5, 1, 26);
INSERT INTO resposta VALUES (1174, 0, 3, 6, 1, 26);
INSERT INTO resposta VALUES (1175, 0, 2, 7, 1, 26);
INSERT INTO resposta VALUES (1176, 0, 3, 8, 1, 26);
INSERT INTO resposta VALUES (1177, 0, 1, 1, 1, 11);
INSERT INTO resposta VALUES (1178, 0, 4, 2, 1, 11);
INSERT INTO resposta VALUES (1179, 0, 2, 3, 1, 11);
INSERT INTO resposta VALUES (1180, 0, 2, 4, 1, 11);
INSERT INTO resposta VALUES (1181, 0, 4, 5, 1, 11);
INSERT INTO resposta VALUES (1182, 0, 3, 6, 1, 11);
INSERT INTO resposta VALUES (1183, 0, 4, 7, 1, 11);
INSERT INTO resposta VALUES (1184, 0, 3, 8, 1, 11);
INSERT INTO resposta VALUES (1185, 0, 4, 1, 1, 17);
INSERT INTO resposta VALUES (1186, 0, 3, 2, 1, 17);
INSERT INTO resposta VALUES (1187, 0, 2, 3, 1, 17);
INSERT INTO resposta VALUES (1188, 0, 3, 4, 1, 17);
INSERT INTO resposta VALUES (1189, 0, 4, 5, 1, 17);
INSERT INTO resposta VALUES (1190, 0, 2, 6, 1, 17);
INSERT INTO resposta VALUES (1191, 0, 3, 7, 1, 17);
INSERT INTO resposta VALUES (1192, 0, 1, 8, 1, 17);
INSERT INTO resposta VALUES (1193, 0, 3, 1, 1, 6);
INSERT INTO resposta VALUES (1194, 0, 3, 2, 1, 6);
INSERT INTO resposta VALUES (1195, 0, 2, 3, 1, 6);
INSERT INTO resposta VALUES (1196, 0, 4, 4, 1, 6);
INSERT INTO resposta VALUES (1197, 0, 1, 5, 1, 6);
INSERT INTO resposta VALUES (1198, 0, 1, 6, 1, 6);
INSERT INTO resposta VALUES (1199, 0, 4, 7, 1, 6);
INSERT INTO resposta VALUES (1200, 0, 3, 8, 1, 6);
INSERT INTO resposta VALUES (1201, 0, 3, 1, 1, 31);
INSERT INTO resposta VALUES (1202, 0, 1, 2, 1, 31);
INSERT INTO resposta VALUES (1203, 0, 3, 3, 1, 31);
INSERT INTO resposta VALUES (1204, 0, 4, 4, 1, 31);
INSERT INTO resposta VALUES (1205, 0, 1, 5, 1, 31);
INSERT INTO resposta VALUES (1206, 0, 3, 6, 1, 31);
INSERT INTO resposta VALUES (1207, 0, 3, 7, 1, 31);
INSERT INTO resposta VALUES (1208, 0, 2, 8, 1, 31);
INSERT INTO resposta VALUES (1209, 0, 1, 1, 1, 38);
INSERT INTO resposta VALUES (1210, 0, 2, 2, 1, 38);
INSERT INTO resposta VALUES (1211, 0, 3, 3, 1, 38);
INSERT INTO resposta VALUES (1212, 0, 4, 4, 1, 38);
INSERT INTO resposta VALUES (1213, 0, 4, 5, 1, 38);
INSERT INTO resposta VALUES (1214, 0, 1, 6, 1, 38);
INSERT INTO resposta VALUES (1215, 0, 3, 7, 1, 38);
INSERT INTO resposta VALUES (1216, 0, 4, 8, 1, 38);
INSERT INTO resposta VALUES (1217, 0, 3, 1, 1, 9);
INSERT INTO resposta VALUES (1218, 0, 2, 2, 1, 9);
INSERT INTO resposta VALUES (1219, 0, 1, 3, 1, 9);
INSERT INTO resposta VALUES (1220, 0, 2, 4, 1, 9);
INSERT INTO resposta VALUES (1221, 0, 1, 5, 1, 9);
INSERT INTO resposta VALUES (1222, 0, 2, 6, 1, 9);
INSERT INTO resposta VALUES (1223, 0, 2, 7, 1, 9);
INSERT INTO resposta VALUES (1224, 0, 4, 8, 1, 9);
INSERT INTO resposta VALUES (1225, 0, 4, 1, 1, 38);
INSERT INTO resposta VALUES (1226, 0, 4, 2, 1, 38);
INSERT INTO resposta VALUES (1227, 0, 4, 3, 1, 38);
INSERT INTO resposta VALUES (1228, 0, 1, 4, 1, 38);
INSERT INTO resposta VALUES (1229, 0, 3, 5, 1, 38);
INSERT INTO resposta VALUES (1230, 0, 3, 6, 1, 38);
INSERT INTO resposta VALUES (1231, 0, 2, 7, 1, 38);
INSERT INTO resposta VALUES (1232, 0, 4, 8, 1, 38);
INSERT INTO resposta VALUES (1233, 0, 3, 1, 1, 20);
INSERT INTO resposta VALUES (1234, 0, 4, 2, 1, 20);
INSERT INTO resposta VALUES (1235, 0, 1, 3, 1, 20);
INSERT INTO resposta VALUES (1236, 0, 4, 4, 1, 20);
INSERT INTO resposta VALUES (1237, 0, 3, 5, 1, 20);
INSERT INTO resposta VALUES (1238, 0, 2, 6, 1, 20);
INSERT INTO resposta VALUES (1239, 0, 3, 7, 1, 20);
INSERT INTO resposta VALUES (1240, 0, 2, 8, 1, 20);
INSERT INTO resposta VALUES (1241, 0, 1, 1, 1, 8);
INSERT INTO resposta VALUES (1242, 0, 2, 2, 1, 8);
INSERT INTO resposta VALUES (1243, 0, 2, 3, 1, 8);
INSERT INTO resposta VALUES (1244, 0, 1, 4, 1, 8);
INSERT INTO resposta VALUES (1245, 0, 1, 5, 1, 8);
INSERT INTO resposta VALUES (1246, 0, 1, 6, 1, 8);
INSERT INTO resposta VALUES (1247, 0, 3, 7, 1, 8);
INSERT INTO resposta VALUES (1248, 0, 1, 8, 1, 8);
INSERT INTO resposta VALUES (1249, 0, 4, 1, 1, 21);
INSERT INTO resposta VALUES (1250, 0, 1, 2, 1, 21);
INSERT INTO resposta VALUES (1251, 0, 4, 3, 1, 21);
INSERT INTO resposta VALUES (1252, 0, 3, 4, 1, 21);
INSERT INTO resposta VALUES (1253, 0, 2, 5, 1, 21);
INSERT INTO resposta VALUES (1254, 0, 3, 6, 1, 21);
INSERT INTO resposta VALUES (1255, 0, 3, 7, 1, 21);
INSERT INTO resposta VALUES (1256, 0, 1, 8, 1, 21);
INSERT INTO resposta VALUES (1257, 0, 3, 1, 1, 14);
INSERT INTO resposta VALUES (1258, 0, 2, 2, 1, 14);
INSERT INTO resposta VALUES (1259, 0, 3, 3, 1, 14);
INSERT INTO resposta VALUES (1260, 0, 4, 4, 1, 14);
INSERT INTO resposta VALUES (1261, 0, 4, 5, 1, 14);
INSERT INTO resposta VALUES (1262, 0, 3, 6, 1, 14);
INSERT INTO resposta VALUES (1263, 0, 4, 7, 1, 14);
INSERT INTO resposta VALUES (1264, 0, 1, 8, 1, 14);
INSERT INTO resposta VALUES (1265, 0, 2, 1, 1, 36);
INSERT INTO resposta VALUES (1266, 0, 1, 2, 1, 36);
INSERT INTO resposta VALUES (1267, 0, 4, 3, 1, 36);
INSERT INTO resposta VALUES (1268, 0, 2, 4, 1, 36);
INSERT INTO resposta VALUES (1269, 0, 1, 5, 1, 36);
INSERT INTO resposta VALUES (1270, 0, 2, 6, 1, 36);
INSERT INTO resposta VALUES (1271, 0, 1, 7, 1, 36);
INSERT INTO resposta VALUES (1272, 0, 4, 8, 1, 36);
INSERT INTO resposta VALUES (1273, 0, 1, 1, 1, 14);
INSERT INTO resposta VALUES (1274, 0, 1, 2, 1, 14);
INSERT INTO resposta VALUES (1275, 0, 1, 3, 1, 14);
INSERT INTO resposta VALUES (1276, 0, 2, 4, 1, 14);
INSERT INTO resposta VALUES (1277, 0, 3, 5, 1, 14);
INSERT INTO resposta VALUES (1278, 0, 1, 6, 1, 14);
INSERT INTO resposta VALUES (1279, 0, 1, 7, 1, 14);
INSERT INTO resposta VALUES (1280, 0, 4, 8, 1, 14);
INSERT INTO resposta VALUES (1281, 0, 4, 1, 1, 21);
INSERT INTO resposta VALUES (1282, 0, 3, 2, 1, 21);
INSERT INTO resposta VALUES (1283, 0, 2, 3, 1, 21);
INSERT INTO resposta VALUES (1284, 0, 4, 4, 1, 21);
INSERT INTO resposta VALUES (1285, 0, 3, 5, 1, 21);
INSERT INTO resposta VALUES (1286, 0, 1, 6, 1, 21);
INSERT INTO resposta VALUES (1287, 0, 3, 7, 1, 21);
INSERT INTO resposta VALUES (1288, 0, 1, 8, 1, 21);
INSERT INTO resposta VALUES (1289, 0, 1, 1, 1, 26);
INSERT INTO resposta VALUES (1290, 0, 3, 2, 1, 26);
INSERT INTO resposta VALUES (1291, 0, 4, 3, 1, 26);
INSERT INTO resposta VALUES (1292, 0, 4, 4, 1, 26);
INSERT INTO resposta VALUES (1293, 0, 1, 5, 1, 26);
INSERT INTO resposta VALUES (1294, 0, 1, 6, 1, 26);
INSERT INTO resposta VALUES (1295, 0, 1, 7, 1, 26);
INSERT INTO resposta VALUES (1296, 0, 2, 8, 1, 26);
INSERT INTO resposta VALUES (1297, 0, 1, 1, 1, 17);
INSERT INTO resposta VALUES (1298, 0, 3, 2, 1, 17);
INSERT INTO resposta VALUES (1299, 0, 2, 3, 1, 17);
INSERT INTO resposta VALUES (1300, 0, 2, 4, 1, 17);
INSERT INTO resposta VALUES (1301, 0, 4, 5, 1, 17);
INSERT INTO resposta VALUES (1302, 0, 2, 6, 1, 17);
INSERT INTO resposta VALUES (1303, 0, 1, 7, 1, 17);
INSERT INTO resposta VALUES (1304, 0, 3, 8, 1, 17);
INSERT INTO resposta VALUES (1305, 0, 2, 1, 1, 16);
INSERT INTO resposta VALUES (1306, 0, 1, 2, 1, 16);
INSERT INTO resposta VALUES (1307, 0, 1, 3, 1, 16);
INSERT INTO resposta VALUES (1308, 0, 2, 4, 1, 16);
INSERT INTO resposta VALUES (1309, 0, 2, 5, 1, 16);
INSERT INTO resposta VALUES (1310, 0, 1, 6, 1, 16);
INSERT INTO resposta VALUES (1311, 0, 4, 7, 1, 16);
INSERT INTO resposta VALUES (1312, 0, 2, 8, 1, 16);
INSERT INTO resposta VALUES (1313, 0, 4, 1, 1, 10);
INSERT INTO resposta VALUES (1314, 0, 4, 2, 1, 10);
INSERT INTO resposta VALUES (1315, 0, 1, 3, 1, 10);
INSERT INTO resposta VALUES (1316, 0, 4, 4, 1, 10);
INSERT INTO resposta VALUES (1317, 0, 1, 5, 1, 10);
INSERT INTO resposta VALUES (1318, 0, 3, 6, 1, 10);
INSERT INTO resposta VALUES (1319, 0, 3, 7, 1, 10);
INSERT INTO resposta VALUES (1320, 0, 1, 8, 1, 10);
INSERT INTO resposta VALUES (1321, 0, 4, 1, 1, 4);
INSERT INTO resposta VALUES (1322, 0, 4, 2, 1, 4);
INSERT INTO resposta VALUES (1323, 0, 1, 3, 1, 4);
INSERT INTO resposta VALUES (1324, 0, 3, 4, 1, 4);
INSERT INTO resposta VALUES (1325, 0, 2, 5, 1, 4);
INSERT INTO resposta VALUES (1326, 0, 4, 6, 1, 4);
INSERT INTO resposta VALUES (1327, 0, 3, 7, 1, 4);
INSERT INTO resposta VALUES (1328, 0, 4, 8, 1, 4);
INSERT INTO resposta VALUES (1329, 0, 4, 1, 1, 4);
INSERT INTO resposta VALUES (1330, 0, 1, 2, 1, 4);
INSERT INTO resposta VALUES (1331, 0, 3, 3, 1, 4);
INSERT INTO resposta VALUES (1332, 0, 1, 4, 1, 4);
INSERT INTO resposta VALUES (1333, 0, 3, 5, 1, 4);
INSERT INTO resposta VALUES (1334, 0, 1, 6, 1, 4);
INSERT INTO resposta VALUES (1335, 0, 1, 7, 1, 4);
INSERT INTO resposta VALUES (1336, 0, 3, 8, 1, 4);
INSERT INTO resposta VALUES (1337, 0, 3, 1, 1, 18);
INSERT INTO resposta VALUES (1338, 0, 4, 2, 1, 18);
INSERT INTO resposta VALUES (1339, 0, 3, 3, 1, 18);
INSERT INTO resposta VALUES (1340, 0, 4, 4, 1, 18);
INSERT INTO resposta VALUES (1341, 0, 2, 5, 1, 18);
INSERT INTO resposta VALUES (1342, 0, 3, 6, 1, 18);
INSERT INTO resposta VALUES (1343, 0, 1, 7, 1, 18);
INSERT INTO resposta VALUES (1344, 0, 1, 8, 1, 18);
INSERT INTO resposta VALUES (1345, 0, 3, 1, 1, 8);
INSERT INTO resposta VALUES (1346, 0, 2, 2, 1, 8);
INSERT INTO resposta VALUES (1347, 0, 2, 3, 1, 8);
INSERT INTO resposta VALUES (1348, 0, 2, 4, 1, 8);
INSERT INTO resposta VALUES (1349, 0, 1, 5, 1, 8);
INSERT INTO resposta VALUES (1350, 0, 4, 6, 1, 8);
INSERT INTO resposta VALUES (1351, 0, 2, 7, 1, 8);
INSERT INTO resposta VALUES (1352, 0, 4, 8, 1, 8);
INSERT INTO resposta VALUES (1353, 0, 4, 1, 1, 36);
INSERT INTO resposta VALUES (1354, 0, 3, 2, 1, 36);
INSERT INTO resposta VALUES (1355, 0, 1, 3, 1, 36);
INSERT INTO resposta VALUES (1356, 0, 1, 4, 1, 36);
INSERT INTO resposta VALUES (1357, 0, 3, 5, 1, 36);
INSERT INTO resposta VALUES (1358, 0, 1, 6, 1, 36);
INSERT INTO resposta VALUES (1359, 0, 1, 7, 1, 36);
INSERT INTO resposta VALUES (1360, 0, 1, 8, 1, 36);
INSERT INTO resposta VALUES (1361, 0, 2, 1, 1, 2);
INSERT INTO resposta VALUES (1362, 0, 3, 2, 1, 2);
INSERT INTO resposta VALUES (1363, 0, 2, 3, 1, 2);
INSERT INTO resposta VALUES (1364, 0, 4, 4, 1, 2);
INSERT INTO resposta VALUES (1365, 0, 1, 5, 1, 2);
INSERT INTO resposta VALUES (1366, 0, 1, 6, 1, 2);
INSERT INTO resposta VALUES (1367, 0, 4, 7, 1, 2);
INSERT INTO resposta VALUES (1368, 0, 1, 8, 1, 2);
INSERT INTO resposta VALUES (1369, 0, 4, 1, 1, 19);
INSERT INTO resposta VALUES (1370, 0, 1, 2, 1, 19);
INSERT INTO resposta VALUES (1371, 0, 2, 3, 1, 19);
INSERT INTO resposta VALUES (1372, 0, 1, 4, 1, 19);
INSERT INTO resposta VALUES (1373, 0, 1, 5, 1, 19);
INSERT INTO resposta VALUES (1374, 0, 4, 6, 1, 19);
INSERT INTO resposta VALUES (1375, 0, 3, 7, 1, 19);
INSERT INTO resposta VALUES (1376, 0, 2, 8, 1, 19);
INSERT INTO resposta VALUES (1377, 0, 1, 1, 1, 33);
INSERT INTO resposta VALUES (1378, 0, 3, 2, 1, 33);
INSERT INTO resposta VALUES (1379, 0, 4, 3, 1, 33);
INSERT INTO resposta VALUES (1380, 0, 2, 4, 1, 33);
INSERT INTO resposta VALUES (1381, 0, 4, 5, 1, 33);
INSERT INTO resposta VALUES (1382, 0, 2, 6, 1, 33);
INSERT INTO resposta VALUES (1383, 0, 3, 7, 1, 33);
INSERT INTO resposta VALUES (1384, 0, 1, 8, 1, 33);
INSERT INTO resposta VALUES (1385, 0, 2, 1, 1, 2);
INSERT INTO resposta VALUES (1386, 0, 3, 2, 1, 2);
INSERT INTO resposta VALUES (1387, 0, 3, 3, 1, 2);
INSERT INTO resposta VALUES (1388, 0, 1, 4, 1, 2);
INSERT INTO resposta VALUES (1389, 0, 2, 5, 1, 2);
INSERT INTO resposta VALUES (1390, 0, 3, 6, 1, 2);
INSERT INTO resposta VALUES (1391, 0, 2, 7, 1, 2);
INSERT INTO resposta VALUES (1392, 0, 3, 8, 1, 2);
INSERT INTO resposta VALUES (1393, 0, 1, 1, 1, 38);
INSERT INTO resposta VALUES (1394, 0, 2, 2, 1, 38);
INSERT INTO resposta VALUES (1395, 0, 3, 3, 1, 38);
INSERT INTO resposta VALUES (1396, 0, 4, 4, 1, 38);
INSERT INTO resposta VALUES (1397, 0, 1, 5, 1, 38);
INSERT INTO resposta VALUES (1398, 0, 1, 6, 1, 38);
INSERT INTO resposta VALUES (1399, 0, 1, 7, 1, 38);
INSERT INTO resposta VALUES (1400, 0, 4, 8, 1, 38);
INSERT INTO resposta VALUES (1401, 0, 1, 1, 1, 22);
INSERT INTO resposta VALUES (1402, 0, 1, 2, 1, 22);
INSERT INTO resposta VALUES (1403, 0, 2, 3, 1, 22);
INSERT INTO resposta VALUES (1404, 0, 3, 4, 1, 22);
INSERT INTO resposta VALUES (1405, 0, 2, 5, 1, 22);
INSERT INTO resposta VALUES (1406, 0, 1, 6, 1, 22);
INSERT INTO resposta VALUES (1407, 0, 4, 7, 1, 22);
INSERT INTO resposta VALUES (1408, 0, 3, 8, 1, 22);
INSERT INTO resposta VALUES (1409, 0, 2, 1, 1, 9);
INSERT INTO resposta VALUES (1410, 0, 3, 2, 1, 9);
INSERT INTO resposta VALUES (1411, 0, 1, 3, 1, 9);
INSERT INTO resposta VALUES (1412, 0, 3, 4, 1, 9);
INSERT INTO resposta VALUES (1413, 0, 2, 5, 1, 9);
INSERT INTO resposta VALUES (1414, 0, 1, 6, 1, 9);
INSERT INTO resposta VALUES (1415, 0, 2, 7, 1, 9);
INSERT INTO resposta VALUES (1416, 0, 4, 8, 1, 9);
INSERT INTO resposta VALUES (1417, 0, 4, 1, 1, 7);
INSERT INTO resposta VALUES (1418, 0, 2, 2, 1, 7);
INSERT INTO resposta VALUES (1419, 0, 4, 3, 1, 7);
INSERT INTO resposta VALUES (1420, 0, 2, 4, 1, 7);
INSERT INTO resposta VALUES (1421, 0, 2, 5, 1, 7);
INSERT INTO resposta VALUES (1422, 0, 3, 6, 1, 7);
INSERT INTO resposta VALUES (1423, 0, 2, 7, 1, 7);
INSERT INTO resposta VALUES (1424, 0, 2, 8, 1, 7);
INSERT INTO resposta VALUES (1425, 0, 1, 1, 1, 13);
INSERT INTO resposta VALUES (1426, 0, 4, 2, 1, 13);
INSERT INTO resposta VALUES (1427, 0, 3, 3, 1, 13);
INSERT INTO resposta VALUES (1428, 0, 2, 4, 1, 13);
INSERT INTO resposta VALUES (1429, 0, 3, 5, 1, 13);
INSERT INTO resposta VALUES (1430, 0, 3, 6, 1, 13);
INSERT INTO resposta VALUES (1431, 0, 2, 7, 1, 13);
INSERT INTO resposta VALUES (1432, 0, 4, 8, 1, 13);
INSERT INTO resposta VALUES (1433, 0, 2, 1, 1, 37);
INSERT INTO resposta VALUES (1434, 0, 2, 2, 1, 37);
INSERT INTO resposta VALUES (1435, 0, 1, 3, 1, 37);
INSERT INTO resposta VALUES (1436, 0, 4, 4, 1, 37);
INSERT INTO resposta VALUES (1437, 0, 2, 5, 1, 37);
INSERT INTO resposta VALUES (1438, 0, 4, 6, 1, 37);
INSERT INTO resposta VALUES (1439, 0, 3, 7, 1, 37);
INSERT INTO resposta VALUES (1440, 0, 3, 8, 1, 37);
INSERT INTO resposta VALUES (1441, 0, 4, 1, 1, 21);
INSERT INTO resposta VALUES (1442, 0, 3, 2, 1, 21);
INSERT INTO resposta VALUES (1443, 0, 3, 3, 1, 21);
INSERT INTO resposta VALUES (1444, 0, 1, 4, 1, 21);
INSERT INTO resposta VALUES (1445, 0, 2, 5, 1, 21);
INSERT INTO resposta VALUES (1446, 0, 2, 6, 1, 21);
INSERT INTO resposta VALUES (1447, 0, 1, 7, 1, 21);
INSERT INTO resposta VALUES (1448, 0, 3, 8, 1, 21);
INSERT INTO resposta VALUES (1449, 0, 4, 1, 1, 19);
INSERT INTO resposta VALUES (1450, 0, 3, 2, 1, 19);
INSERT INTO resposta VALUES (1451, 0, 1, 3, 1, 19);
INSERT INTO resposta VALUES (1452, 0, 2, 4, 1, 19);
INSERT INTO resposta VALUES (1453, 0, 1, 5, 1, 19);
INSERT INTO resposta VALUES (1454, 0, 1, 6, 1, 19);
INSERT INTO resposta VALUES (1455, 0, 3, 7, 1, 19);
INSERT INTO resposta VALUES (1456, 0, 3, 8, 1, 19);
INSERT INTO resposta VALUES (1457, 0, 4, 1, 1, 5);
INSERT INTO resposta VALUES (1458, 0, 2, 2, 1, 5);
INSERT INTO resposta VALUES (1459, 0, 3, 3, 1, 5);
INSERT INTO resposta VALUES (1460, 0, 2, 4, 1, 5);
INSERT INTO resposta VALUES (1461, 0, 3, 5, 1, 5);
INSERT INTO resposta VALUES (1462, 0, 4, 6, 1, 5);
INSERT INTO resposta VALUES (1463, 0, 4, 7, 1, 5);
INSERT INTO resposta VALUES (1464, 0, 2, 8, 1, 5);
INSERT INTO resposta VALUES (1465, 0, 3, 1, 1, 25);
INSERT INTO resposta VALUES (1466, 0, 1, 2, 1, 25);
INSERT INTO resposta VALUES (1467, 0, 1, 3, 1, 25);
INSERT INTO resposta VALUES (1468, 0, 1, 4, 1, 25);
INSERT INTO resposta VALUES (1469, 0, 3, 5, 1, 25);
INSERT INTO resposta VALUES (1470, 0, 1, 6, 1, 25);
INSERT INTO resposta VALUES (1471, 0, 4, 7, 1, 25);
INSERT INTO resposta VALUES (1472, 0, 2, 8, 1, 25);
INSERT INTO resposta VALUES (1473, 0, 1, 1, 1, 4);
INSERT INTO resposta VALUES (1474, 0, 2, 2, 1, 4);
INSERT INTO resposta VALUES (1475, 0, 1, 3, 1, 4);
INSERT INTO resposta VALUES (1476, 0, 3, 4, 1, 4);
INSERT INTO resposta VALUES (1477, 0, 1, 5, 1, 4);
INSERT INTO resposta VALUES (1478, 0, 4, 6, 1, 4);
INSERT INTO resposta VALUES (1479, 0, 2, 7, 1, 4);
INSERT INTO resposta VALUES (1480, 0, 3, 8, 1, 4);
INSERT INTO resposta VALUES (1481, 0, 4, 1, 1, 14);
INSERT INTO resposta VALUES (1482, 0, 1, 2, 1, 14);
INSERT INTO resposta VALUES (1483, 0, 2, 3, 1, 14);
INSERT INTO resposta VALUES (1484, 0, 1, 4, 1, 14);
INSERT INTO resposta VALUES (1485, 0, 1, 5, 1, 14);
INSERT INTO resposta VALUES (1486, 0, 4, 6, 1, 14);
INSERT INTO resposta VALUES (1487, 0, 3, 7, 1, 14);
INSERT INTO resposta VALUES (1488, 0, 3, 8, 1, 14);
INSERT INTO resposta VALUES (1489, 0, 3, 1, 1, 31);
INSERT INTO resposta VALUES (1490, 0, 4, 2, 1, 31);
INSERT INTO resposta VALUES (1491, 0, 2, 3, 1, 31);
INSERT INTO resposta VALUES (1492, 0, 4, 4, 1, 31);
INSERT INTO resposta VALUES (1493, 0, 1, 5, 1, 31);
INSERT INTO resposta VALUES (1494, 0, 2, 6, 1, 31);
INSERT INTO resposta VALUES (1495, 0, 3, 7, 1, 31);
INSERT INTO resposta VALUES (1496, 0, 3, 8, 1, 31);
INSERT INTO resposta VALUES (1497, 0, 2, 1, 1, 17);
INSERT INTO resposta VALUES (1498, 0, 2, 2, 1, 17);
INSERT INTO resposta VALUES (1499, 0, 1, 3, 1, 17);
INSERT INTO resposta VALUES (1500, 0, 3, 4, 1, 17);
INSERT INTO resposta VALUES (1501, 0, 1, 5, 1, 17);
INSERT INTO resposta VALUES (1502, 0, 3, 6, 1, 17);
INSERT INTO resposta VALUES (1503, 0, 2, 7, 1, 17);
INSERT INTO resposta VALUES (1504, 0, 2, 8, 1, 17);
INSERT INTO resposta VALUES (1505, 0, 4, 1, 1, 18);
INSERT INTO resposta VALUES (1506, 0, 1, 2, 1, 18);
INSERT INTO resposta VALUES (1507, 0, 4, 3, 1, 18);
INSERT INTO resposta VALUES (1508, 0, 4, 4, 1, 18);
INSERT INTO resposta VALUES (1509, 0, 2, 5, 1, 18);
INSERT INTO resposta VALUES (1510, 0, 1, 6, 1, 18);
INSERT INTO resposta VALUES (1511, 0, 3, 7, 1, 18);
INSERT INTO resposta VALUES (1512, 0, 4, 8, 1, 18);
INSERT INTO resposta VALUES (1513, 0, 3, 1, 1, 17);
INSERT INTO resposta VALUES (1514, 0, 1, 2, 1, 17);
INSERT INTO resposta VALUES (1515, 0, 1, 3, 1, 17);
INSERT INTO resposta VALUES (1516, 0, 1, 4, 1, 17);
INSERT INTO resposta VALUES (1517, 0, 1, 5, 1, 17);
INSERT INTO resposta VALUES (1518, 0, 3, 6, 1, 17);
INSERT INTO resposta VALUES (1519, 0, 1, 7, 1, 17);
INSERT INTO resposta VALUES (1520, 0, 1, 8, 1, 17);
INSERT INTO resposta VALUES (1521, 0, 3, 1, 1, 6);
INSERT INTO resposta VALUES (1522, 0, 1, 2, 1, 6);
INSERT INTO resposta VALUES (1523, 0, 1, 3, 1, 6);
INSERT INTO resposta VALUES (1524, 0, 2, 4, 1, 6);
INSERT INTO resposta VALUES (1525, 0, 1, 5, 1, 6);
INSERT INTO resposta VALUES (1526, 0, 1, 6, 1, 6);
INSERT INTO resposta VALUES (1527, 0, 1, 7, 1, 6);
INSERT INTO resposta VALUES (1528, 0, 3, 8, 1, 6);
INSERT INTO resposta VALUES (1529, 0, 2, 1, 1, 24);
INSERT INTO resposta VALUES (1530, 0, 4, 2, 1, 24);
INSERT INTO resposta VALUES (1531, 0, 2, 3, 1, 24);
INSERT INTO resposta VALUES (1532, 0, 4, 4, 1, 24);
INSERT INTO resposta VALUES (1533, 0, 1, 5, 1, 24);
INSERT INTO resposta VALUES (1534, 0, 3, 6, 1, 24);
INSERT INTO resposta VALUES (1535, 0, 3, 7, 1, 24);
INSERT INTO resposta VALUES (1536, 0, 2, 8, 1, 24);
INSERT INTO resposta VALUES (1537, 0, 2, 1, 1, 23);
INSERT INTO resposta VALUES (1538, 0, 1, 2, 1, 23);
INSERT INTO resposta VALUES (1539, 0, 2, 3, 1, 23);
INSERT INTO resposta VALUES (1540, 0, 3, 4, 1, 23);
INSERT INTO resposta VALUES (1541, 0, 4, 5, 1, 23);
INSERT INTO resposta VALUES (1542, 0, 3, 6, 1, 23);
INSERT INTO resposta VALUES (1543, 0, 4, 7, 1, 23);
INSERT INTO resposta VALUES (1544, 0, 1, 8, 1, 23);
INSERT INTO resposta VALUES (1545, 0, 4, 1, 1, 38);
INSERT INTO resposta VALUES (1546, 0, 1, 2, 1, 38);
INSERT INTO resposta VALUES (1547, 0, 2, 3, 1, 38);
INSERT INTO resposta VALUES (1548, 0, 4, 4, 1, 38);
INSERT INTO resposta VALUES (1549, 0, 4, 5, 1, 38);
INSERT INTO resposta VALUES (1550, 0, 4, 6, 1, 38);
INSERT INTO resposta VALUES (1551, 0, 1, 7, 1, 38);
INSERT INTO resposta VALUES (1552, 0, 2, 8, 1, 38);
INSERT INTO resposta VALUES (1553, 0, 2, 1, 1, 19);
INSERT INTO resposta VALUES (1554, 0, 1, 2, 1, 19);
INSERT INTO resposta VALUES (1555, 0, 2, 3, 1, 19);
INSERT INTO resposta VALUES (1556, 0, 4, 4, 1, 19);
INSERT INTO resposta VALUES (1557, 0, 4, 5, 1, 19);
INSERT INTO resposta VALUES (1558, 0, 1, 6, 1, 19);
INSERT INTO resposta VALUES (1559, 0, 4, 7, 1, 19);
INSERT INTO resposta VALUES (1560, 0, 1, 8, 1, 19);
INSERT INTO resposta VALUES (1561, 0, 1, 1, 1, 35);
INSERT INTO resposta VALUES (1562, 0, 1, 2, 1, 35);
INSERT INTO resposta VALUES (1563, 0, 3, 3, 1, 35);
INSERT INTO resposta VALUES (1564, 0, 3, 4, 1, 35);
INSERT INTO resposta VALUES (1565, 0, 3, 5, 1, 35);
INSERT INTO resposta VALUES (1566, 0, 4, 6, 1, 35);
INSERT INTO resposta VALUES (1567, 0, 3, 7, 1, 35);
INSERT INTO resposta VALUES (1568, 0, 2, 8, 1, 35);
INSERT INTO resposta VALUES (1569, 0, 1, 1, 1, 12);
INSERT INTO resposta VALUES (1570, 0, 3, 2, 1, 12);
INSERT INTO resposta VALUES (1571, 0, 3, 3, 1, 12);
INSERT INTO resposta VALUES (1572, 0, 1, 4, 1, 12);
INSERT INTO resposta VALUES (1573, 0, 4, 5, 1, 12);
INSERT INTO resposta VALUES (1574, 0, 1, 6, 1, 12);
INSERT INTO resposta VALUES (1575, 0, 4, 7, 1, 12);
INSERT INTO resposta VALUES (1576, 0, 3, 8, 1, 12);
INSERT INTO resposta VALUES (1577, 0, 2, 1, 1, 18);
INSERT INTO resposta VALUES (1578, 0, 3, 2, 1, 18);
INSERT INTO resposta VALUES (1579, 0, 2, 3, 1, 18);
INSERT INTO resposta VALUES (1580, 0, 4, 4, 1, 18);
INSERT INTO resposta VALUES (1581, 0, 3, 5, 1, 18);
INSERT INTO resposta VALUES (1582, 0, 4, 6, 1, 18);
INSERT INTO resposta VALUES (1583, 0, 1, 7, 1, 18);
INSERT INTO resposta VALUES (1584, 0, 4, 8, 1, 18);
INSERT INTO resposta VALUES (1585, 0, 2, 1, 1, 19);
INSERT INTO resposta VALUES (1586, 0, 1, 2, 1, 19);
INSERT INTO resposta VALUES (1587, 0, 4, 3, 1, 19);
INSERT INTO resposta VALUES (1588, 0, 2, 4, 1, 19);
INSERT INTO resposta VALUES (1589, 0, 2, 5, 1, 19);
INSERT INTO resposta VALUES (1590, 0, 2, 6, 1, 19);
INSERT INTO resposta VALUES (1591, 0, 1, 7, 1, 19);
INSERT INTO resposta VALUES (1592, 0, 1, 8, 1, 19);
INSERT INTO resposta VALUES (1593, 0, 1, 1, 1, 31);
INSERT INTO resposta VALUES (1594, 0, 4, 2, 1, 31);
INSERT INTO resposta VALUES (1595, 0, 1, 3, 1, 31);
INSERT INTO resposta VALUES (1596, 0, 4, 4, 1, 31);
INSERT INTO resposta VALUES (1597, 0, 2, 5, 1, 31);
INSERT INTO resposta VALUES (1598, 0, 1, 6, 1, 31);
INSERT INTO resposta VALUES (1599, 0, 4, 7, 1, 31);
INSERT INTO resposta VALUES (1600, 0, 2, 8, 1, 31);
INSERT INTO resposta VALUES (1601, 0, 3, 1, 1, 3);
INSERT INTO resposta VALUES (1602, 0, 2, 2, 1, 3);
INSERT INTO resposta VALUES (1603, 0, 4, 3, 1, 3);
INSERT INTO resposta VALUES (1604, 0, 1, 4, 1, 3);
INSERT INTO resposta VALUES (1605, 0, 1, 5, 1, 3);
INSERT INTO resposta VALUES (1606, 0, 4, 6, 1, 3);
INSERT INTO resposta VALUES (1607, 0, 4, 7, 1, 3);
INSERT INTO resposta VALUES (1608, 0, 3, 8, 1, 3);
INSERT INTO resposta VALUES (1609, 0, 1, 1, 1, 34);
INSERT INTO resposta VALUES (1610, 0, 2, 2, 1, 34);
INSERT INTO resposta VALUES (1611, 0, 1, 3, 1, 34);
INSERT INTO resposta VALUES (1612, 0, 3, 4, 1, 34);
INSERT INTO resposta VALUES (1613, 0, 1, 5, 1, 34);
INSERT INTO resposta VALUES (1614, 0, 4, 6, 1, 34);
INSERT INTO resposta VALUES (1615, 0, 1, 7, 1, 34);
INSERT INTO resposta VALUES (1616, 0, 4, 8, 1, 34);
INSERT INTO resposta VALUES (1617, 0, 2, 1, 1, 1);
INSERT INTO resposta VALUES (1618, 0, 2, 2, 1, 1);
INSERT INTO resposta VALUES (1619, 0, 3, 3, 1, 1);
INSERT INTO resposta VALUES (1620, 0, 1, 4, 1, 1);
INSERT INTO resposta VALUES (1621, 0, 1, 5, 1, 1);
INSERT INTO resposta VALUES (1622, 0, 4, 6, 1, 1);
INSERT INTO resposta VALUES (1623, 0, 1, 7, 1, 1);
INSERT INTO resposta VALUES (1624, 0, 3, 8, 1, 1);
INSERT INTO resposta VALUES (1625, 0, 4, 1, 1, 5);
INSERT INTO resposta VALUES (1626, 0, 1, 2, 1, 5);
INSERT INTO resposta VALUES (1627, 0, 1, 3, 1, 5);
INSERT INTO resposta VALUES (1628, 0, 2, 4, 1, 5);
INSERT INTO resposta VALUES (1629, 0, 1, 5, 1, 5);
INSERT INTO resposta VALUES (1630, 0, 2, 6, 1, 5);
INSERT INTO resposta VALUES (1631, 0, 2, 7, 1, 5);
INSERT INTO resposta VALUES (1632, 0, 3, 8, 1, 5);
INSERT INTO resposta VALUES (1633, 0, 3, 1, 1, 34);
INSERT INTO resposta VALUES (1634, 0, 1, 2, 1, 34);
INSERT INTO resposta VALUES (1635, 0, 1, 3, 1, 34);
INSERT INTO resposta VALUES (1636, 0, 4, 4, 1, 34);
INSERT INTO resposta VALUES (1637, 0, 1, 5, 1, 34);
INSERT INTO resposta VALUES (1638, 0, 2, 6, 1, 34);
INSERT INTO resposta VALUES (1639, 0, 2, 7, 1, 34);
INSERT INTO resposta VALUES (1640, 0, 2, 8, 1, 34);
INSERT INTO resposta VALUES (1641, 0, 1, 1, 1, 20);
INSERT INTO resposta VALUES (1642, 0, 3, 2, 1, 20);
INSERT INTO resposta VALUES (1643, 0, 3, 3, 1, 20);
INSERT INTO resposta VALUES (1644, 0, 2, 4, 1, 20);
INSERT INTO resposta VALUES (1645, 0, 2, 5, 1, 20);
INSERT INTO resposta VALUES (1646, 0, 2, 6, 1, 20);
INSERT INTO resposta VALUES (1647, 0, 1, 7, 1, 20);
INSERT INTO resposta VALUES (1648, 0, 3, 8, 1, 20);
INSERT INTO resposta VALUES (1649, 0, 3, 1, 1, 4);
INSERT INTO resposta VALUES (1650, 0, 2, 2, 1, 4);
INSERT INTO resposta VALUES (1651, 0, 3, 3, 1, 4);
INSERT INTO resposta VALUES (1652, 0, 2, 4, 1, 4);
INSERT INTO resposta VALUES (1653, 0, 1, 5, 1, 4);
INSERT INTO resposta VALUES (1654, 0, 1, 6, 1, 4);
INSERT INTO resposta VALUES (1655, 0, 2, 7, 1, 4);
INSERT INTO resposta VALUES (1656, 0, 4, 8, 1, 4);
INSERT INTO resposta VALUES (1657, 0, 1, 1, 1, 8);
INSERT INTO resposta VALUES (1658, 0, 3, 2, 1, 8);
INSERT INTO resposta VALUES (1659, 0, 3, 3, 1, 8);
INSERT INTO resposta VALUES (1660, 0, 4, 4, 1, 8);
INSERT INTO resposta VALUES (1661, 0, 1, 5, 1, 8);
INSERT INTO resposta VALUES (1662, 0, 1, 6, 1, 8);
INSERT INTO resposta VALUES (1663, 0, 3, 7, 1, 8);
INSERT INTO resposta VALUES (1664, 0, 1, 8, 1, 8);
INSERT INTO resposta VALUES (1665, 0, 2, 1, 1, 37);
INSERT INTO resposta VALUES (1666, 0, 2, 2, 1, 37);
INSERT INTO resposta VALUES (1667, 0, 3, 3, 1, 37);
INSERT INTO resposta VALUES (1668, 0, 4, 4, 1, 37);
INSERT INTO resposta VALUES (1669, 0, 2, 5, 1, 37);
INSERT INTO resposta VALUES (1670, 0, 2, 6, 1, 37);
INSERT INTO resposta VALUES (1671, 0, 4, 7, 1, 37);
INSERT INTO resposta VALUES (1672, 0, 3, 8, 1, 37);
INSERT INTO resposta VALUES (1673, 0, 1, 1, 1, 30);
INSERT INTO resposta VALUES (1674, 0, 3, 2, 1, 30);
INSERT INTO resposta VALUES (1675, 0, 1, 3, 1, 30);
INSERT INTO resposta VALUES (1676, 0, 3, 4, 1, 30);
INSERT INTO resposta VALUES (1677, 0, 2, 5, 1, 30);
INSERT INTO resposta VALUES (1678, 0, 4, 6, 1, 30);
INSERT INTO resposta VALUES (1679, 0, 2, 7, 1, 30);
INSERT INTO resposta VALUES (1680, 0, 2, 8, 1, 30);
INSERT INTO resposta VALUES (1681, 0, 4, 1, 1, 16);
INSERT INTO resposta VALUES (1682, 0, 4, 2, 1, 16);
INSERT INTO resposta VALUES (1683, 0, 4, 3, 1, 16);
INSERT INTO resposta VALUES (1684, 0, 1, 4, 1, 16);
INSERT INTO resposta VALUES (1685, 0, 4, 5, 1, 16);
INSERT INTO resposta VALUES (1686, 0, 1, 6, 1, 16);
INSERT INTO resposta VALUES (1687, 0, 3, 7, 1, 16);
INSERT INTO resposta VALUES (1688, 0, 3, 8, 1, 16);
INSERT INTO resposta VALUES (1689, 0, 3, 1, 1, 27);
INSERT INTO resposta VALUES (1690, 0, 3, 2, 1, 27);
INSERT INTO resposta VALUES (1691, 0, 2, 3, 1, 27);
INSERT INTO resposta VALUES (1692, 0, 3, 4, 1, 27);
INSERT INTO resposta VALUES (1693, 0, 1, 5, 1, 27);
INSERT INTO resposta VALUES (1694, 0, 1, 6, 1, 27);
INSERT INTO resposta VALUES (1695, 0, 2, 7, 1, 27);
INSERT INTO resposta VALUES (1696, 0, 1, 8, 1, 27);
INSERT INTO resposta VALUES (1697, 0, 4, 1, 1, 16);
INSERT INTO resposta VALUES (1698, 0, 2, 2, 1, 16);
INSERT INTO resposta VALUES (1699, 0, 1, 3, 1, 16);
INSERT INTO resposta VALUES (1700, 0, 4, 4, 1, 16);
INSERT INTO resposta VALUES (1701, 0, 2, 5, 1, 16);
INSERT INTO resposta VALUES (1702, 0, 1, 6, 1, 16);
INSERT INTO resposta VALUES (1703, 0, 3, 7, 1, 16);
INSERT INTO resposta VALUES (1704, 0, 4, 8, 1, 16);
INSERT INTO resposta VALUES (1705, 0, 4, 1, 1, 27);
INSERT INTO resposta VALUES (1706, 0, 1, 2, 1, 27);
INSERT INTO resposta VALUES (1707, 0, 3, 3, 1, 27);
INSERT INTO resposta VALUES (1708, 0, 1, 4, 1, 27);
INSERT INTO resposta VALUES (1709, 0, 4, 5, 1, 27);
INSERT INTO resposta VALUES (1710, 0, 3, 6, 1, 27);
INSERT INTO resposta VALUES (1711, 0, 3, 7, 1, 27);
INSERT INTO resposta VALUES (1712, 0, 1, 8, 1, 27);
INSERT INTO resposta VALUES (1713, 0, 3, 1, 1, 15);
INSERT INTO resposta VALUES (1714, 0, 1, 2, 1, 15);
INSERT INTO resposta VALUES (1715, 0, 4, 3, 1, 15);
INSERT INTO resposta VALUES (1716, 0, 4, 4, 1, 15);
INSERT INTO resposta VALUES (1717, 0, 4, 5, 1, 15);
INSERT INTO resposta VALUES (1718, 0, 4, 6, 1, 15);
INSERT INTO resposta VALUES (1719, 0, 2, 7, 1, 15);
INSERT INTO resposta VALUES (1720, 0, 1, 8, 1, 15);
INSERT INTO resposta VALUES (1721, 0, 3, 1, 1, 10);
INSERT INTO resposta VALUES (1722, 0, 1, 2, 1, 10);
INSERT INTO resposta VALUES (1723, 0, 3, 3, 1, 10);
INSERT INTO resposta VALUES (1724, 0, 2, 4, 1, 10);
INSERT INTO resposta VALUES (1725, 0, 1, 5, 1, 10);
INSERT INTO resposta VALUES (1726, 0, 3, 6, 1, 10);
INSERT INTO resposta VALUES (1727, 0, 1, 7, 1, 10);
INSERT INTO resposta VALUES (1728, 0, 3, 8, 1, 10);
INSERT INTO resposta VALUES (1729, 0, 2, 1, 1, 33);
INSERT INTO resposta VALUES (1730, 0, 4, 2, 1, 33);
INSERT INTO resposta VALUES (1731, 0, 1, 3, 1, 33);
INSERT INTO resposta VALUES (1732, 0, 3, 4, 1, 33);
INSERT INTO resposta VALUES (1733, 0, 2, 5, 1, 33);
INSERT INTO resposta VALUES (1734, 0, 3, 6, 1, 33);
INSERT INTO resposta VALUES (1735, 0, 3, 7, 1, 33);
INSERT INTO resposta VALUES (1736, 0, 1, 8, 1, 33);
INSERT INTO resposta VALUES (1737, 0, 2, 1, 1, 8);
INSERT INTO resposta VALUES (1738, 0, 3, 2, 1, 8);
INSERT INTO resposta VALUES (1739, 0, 3, 3, 1, 8);
INSERT INTO resposta VALUES (1740, 0, 3, 4, 1, 8);
INSERT INTO resposta VALUES (1741, 0, 2, 5, 1, 8);
INSERT INTO resposta VALUES (1742, 0, 4, 6, 1, 8);
INSERT INTO resposta VALUES (1743, 0, 1, 7, 1, 8);
INSERT INTO resposta VALUES (1744, 0, 4, 8, 1, 8);
INSERT INTO resposta VALUES (1745, 0, 2, 1, 1, 11);
INSERT INTO resposta VALUES (1746, 0, 3, 2, 1, 11);
INSERT INTO resposta VALUES (1747, 0, 3, 3, 1, 11);
INSERT INTO resposta VALUES (1748, 0, 3, 4, 1, 11);
INSERT INTO resposta VALUES (1749, 0, 4, 5, 1, 11);
INSERT INTO resposta VALUES (1750, 0, 1, 6, 1, 11);
INSERT INTO resposta VALUES (1751, 0, 1, 7, 1, 11);
INSERT INTO resposta VALUES (1752, 0, 3, 8, 1, 11);
INSERT INTO resposta VALUES (1753, 0, 2, 1, 1, 36);
INSERT INTO resposta VALUES (1754, 0, 2, 2, 1, 36);
INSERT INTO resposta VALUES (1755, 0, 1, 3, 1, 36);
INSERT INTO resposta VALUES (1756, 0, 2, 4, 1, 36);
INSERT INTO resposta VALUES (1757, 0, 1, 5, 1, 36);
INSERT INTO resposta VALUES (1758, 0, 1, 6, 1, 36);
INSERT INTO resposta VALUES (1759, 0, 4, 7, 1, 36);
INSERT INTO resposta VALUES (1760, 0, 3, 8, 1, 36);
INSERT INTO resposta VALUES (1761, 0, 4, 1, 1, 1);
INSERT INTO resposta VALUES (1762, 0, 1, 2, 1, 1);
INSERT INTO resposta VALUES (1763, 0, 2, 3, 1, 1);
INSERT INTO resposta VALUES (1764, 0, 1, 4, 1, 1);
INSERT INTO resposta VALUES (1765, 0, 1, 5, 1, 1);
INSERT INTO resposta VALUES (1766, 0, 1, 6, 1, 1);
INSERT INTO resposta VALUES (1767, 0, 2, 7, 1, 1);
INSERT INTO resposta VALUES (1768, 0, 2, 8, 1, 1);
INSERT INTO resposta VALUES (1769, 0, 1, 1, 1, 34);
INSERT INTO resposta VALUES (1770, 0, 1, 2, 1, 34);
INSERT INTO resposta VALUES (1771, 0, 2, 3, 1, 34);
INSERT INTO resposta VALUES (1772, 0, 2, 4, 1, 34);
INSERT INTO resposta VALUES (1773, 0, 4, 5, 1, 34);
INSERT INTO resposta VALUES (1774, 0, 4, 6, 1, 34);
INSERT INTO resposta VALUES (1775, 0, 3, 7, 1, 34);
INSERT INTO resposta VALUES (1776, 0, 4, 8, 1, 34);
INSERT INTO resposta VALUES (1777, 0, 4, 1, 1, 38);
INSERT INTO resposta VALUES (1778, 0, 3, 2, 1, 38);
INSERT INTO resposta VALUES (1779, 0, 2, 3, 1, 38);
INSERT INTO resposta VALUES (1780, 0, 3, 4, 1, 38);
INSERT INTO resposta VALUES (1781, 0, 1, 5, 1, 38);
INSERT INTO resposta VALUES (1782, 0, 4, 6, 1, 38);
INSERT INTO resposta VALUES (1783, 0, 4, 7, 1, 38);
INSERT INTO resposta VALUES (1784, 0, 4, 8, 1, 38);
INSERT INTO resposta VALUES (1785, 0, 2, 1, 1, 17);
INSERT INTO resposta VALUES (1786, 0, 3, 2, 1, 17);
INSERT INTO resposta VALUES (1787, 0, 2, 3, 1, 17);
INSERT INTO resposta VALUES (1788, 0, 4, 4, 1, 17);
INSERT INTO resposta VALUES (1789, 0, 3, 5, 1, 17);
INSERT INTO resposta VALUES (1790, 0, 1, 6, 1, 17);
INSERT INTO resposta VALUES (1791, 0, 3, 7, 1, 17);
INSERT INTO resposta VALUES (1792, 0, 2, 8, 1, 17);
INSERT INTO resposta VALUES (1793, 0, 3, 1, 1, 10);
INSERT INTO resposta VALUES (1794, 0, 1, 2, 1, 10);
INSERT INTO resposta VALUES (1795, 0, 3, 3, 1, 10);
INSERT INTO resposta VALUES (1796, 0, 3, 4, 1, 10);
INSERT INTO resposta VALUES (1797, 0, 4, 5, 1, 10);
INSERT INTO resposta VALUES (1798, 0, 1, 6, 1, 10);
INSERT INTO resposta VALUES (1799, 0, 2, 7, 1, 10);
INSERT INTO resposta VALUES (1800, 0, 2, 8, 1, 10);
INSERT INTO resposta VALUES (1801, 0, 1, 1, 1, 2);
INSERT INTO resposta VALUES (1802, 0, 2, 2, 1, 2);
INSERT INTO resposta VALUES (1803, 0, 4, 3, 1, 2);
INSERT INTO resposta VALUES (1804, 0, 3, 4, 1, 2);
INSERT INTO resposta VALUES (1805, 0, 3, 5, 1, 2);
INSERT INTO resposta VALUES (1806, 0, 2, 6, 1, 2);
INSERT INTO resposta VALUES (1807, 0, 2, 7, 1, 2);
INSERT INTO resposta VALUES (1808, 0, 3, 8, 1, 2);
INSERT INTO resposta VALUES (1809, 0, 3, 1, 1, 19);
INSERT INTO resposta VALUES (1810, 0, 4, 2, 1, 19);
INSERT INTO resposta VALUES (1811, 0, 3, 3, 1, 19);
INSERT INTO resposta VALUES (1812, 0, 4, 4, 1, 19);
INSERT INTO resposta VALUES (1813, 0, 4, 5, 1, 19);
INSERT INTO resposta VALUES (1814, 0, 2, 6, 1, 19);
INSERT INTO resposta VALUES (1815, 0, 3, 7, 1, 19);
INSERT INTO resposta VALUES (1816, 0, 4, 8, 1, 19);
INSERT INTO resposta VALUES (1817, 0, 3, 1, 1, 37);
INSERT INTO resposta VALUES (1818, 0, 2, 2, 1, 37);
INSERT INTO resposta VALUES (1819, 0, 4, 3, 1, 37);
INSERT INTO resposta VALUES (1820, 0, 4, 4, 1, 37);
INSERT INTO resposta VALUES (1821, 0, 3, 5, 1, 37);
INSERT INTO resposta VALUES (1822, 0, 1, 6, 1, 37);
INSERT INTO resposta VALUES (1823, 0, 1, 7, 1, 37);
INSERT INTO resposta VALUES (1824, 0, 4, 8, 1, 37);
INSERT INTO resposta VALUES (1825, 0, 4, 1, 1, 35);
INSERT INTO resposta VALUES (1826, 0, 3, 2, 1, 35);
INSERT INTO resposta VALUES (1827, 0, 2, 3, 1, 35);
INSERT INTO resposta VALUES (1828, 0, 2, 4, 1, 35);
INSERT INTO resposta VALUES (1829, 0, 4, 5, 1, 35);
INSERT INTO resposta VALUES (1830, 0, 2, 6, 1, 35);
INSERT INTO resposta VALUES (1831, 0, 3, 7, 1, 35);
INSERT INTO resposta VALUES (1832, 0, 1, 8, 1, 35);
INSERT INTO resposta VALUES (1833, 0, 4, 1, 1, 22);
INSERT INTO resposta VALUES (1834, 0, 2, 2, 1, 22);
INSERT INTO resposta VALUES (1835, 0, 3, 3, 1, 22);
INSERT INTO resposta VALUES (1836, 0, 3, 4, 1, 22);
INSERT INTO resposta VALUES (1837, 0, 1, 5, 1, 22);
INSERT INTO resposta VALUES (1838, 0, 1, 6, 1, 22);
INSERT INTO resposta VALUES (1839, 0, 1, 7, 1, 22);
INSERT INTO resposta VALUES (1840, 0, 3, 8, 1, 22);
INSERT INTO resposta VALUES (1841, 0, 3, 1, 1, 20);
INSERT INTO resposta VALUES (1842, 0, 4, 2, 1, 20);
INSERT INTO resposta VALUES (1843, 0, 2, 3, 1, 20);
INSERT INTO resposta VALUES (1844, 0, 4, 4, 1, 20);
INSERT INTO resposta VALUES (1845, 0, 4, 5, 1, 20);
INSERT INTO resposta VALUES (1846, 0, 1, 6, 1, 20);
INSERT INTO resposta VALUES (1847, 0, 1, 7, 1, 20);
INSERT INTO resposta VALUES (1848, 0, 2, 8, 1, 20);
INSERT INTO resposta VALUES (1849, 0, 1, 1, 1, 20);
INSERT INTO resposta VALUES (1850, 0, 1, 2, 1, 20);
INSERT INTO resposta VALUES (1851, 0, 4, 3, 1, 20);
INSERT INTO resposta VALUES (1852, 0, 4, 4, 1, 20);
INSERT INTO resposta VALUES (1853, 0, 2, 5, 1, 20);
INSERT INTO resposta VALUES (1854, 0, 1, 6, 1, 20);
INSERT INTO resposta VALUES (1855, 0, 4, 7, 1, 20);
INSERT INTO resposta VALUES (1856, 0, 2, 8, 1, 20);
INSERT INTO resposta VALUES (1857, 0, 2, 1, 1, 35);
INSERT INTO resposta VALUES (1858, 0, 3, 2, 1, 35);
INSERT INTO resposta VALUES (1859, 0, 4, 3, 1, 35);
INSERT INTO resposta VALUES (1860, 0, 4, 4, 1, 35);
INSERT INTO resposta VALUES (1861, 0, 4, 5, 1, 35);
INSERT INTO resposta VALUES (1862, 0, 1, 6, 1, 35);
INSERT INTO resposta VALUES (1863, 0, 4, 7, 1, 35);
INSERT INTO resposta VALUES (1864, 0, 2, 8, 1, 35);
INSERT INTO resposta VALUES (1865, 0, 2, 1, 1, 16);
INSERT INTO resposta VALUES (1866, 0, 2, 2, 1, 16);
INSERT INTO resposta VALUES (1867, 0, 2, 3, 1, 16);
INSERT INTO resposta VALUES (1868, 0, 1, 4, 1, 16);
INSERT INTO resposta VALUES (1869, 0, 4, 5, 1, 16);
INSERT INTO resposta VALUES (1870, 0, 1, 6, 1, 16);
INSERT INTO resposta VALUES (1871, 0, 1, 7, 1, 16);
INSERT INTO resposta VALUES (1872, 0, 3, 8, 1, 16);
INSERT INTO resposta VALUES (1873, 0, 4, 1, 1, 22);
INSERT INTO resposta VALUES (1874, 0, 1, 2, 1, 22);
INSERT INTO resposta VALUES (1875, 0, 4, 3, 1, 22);
INSERT INTO resposta VALUES (1876, 0, 1, 4, 1, 22);
INSERT INTO resposta VALUES (1877, 0, 4, 5, 1, 22);
INSERT INTO resposta VALUES (1878, 0, 1, 6, 1, 22);
INSERT INTO resposta VALUES (1879, 0, 4, 7, 1, 22);
INSERT INTO resposta VALUES (1880, 0, 2, 8, 1, 22);
INSERT INTO resposta VALUES (1881, 0, 3, 1, 1, 28);
INSERT INTO resposta VALUES (1882, 0, 4, 2, 1, 28);
INSERT INTO resposta VALUES (1883, 0, 4, 3, 1, 28);
INSERT INTO resposta VALUES (1884, 0, 2, 4, 1, 28);
INSERT INTO resposta VALUES (1885, 0, 3, 5, 1, 28);
INSERT INTO resposta VALUES (1886, 0, 2, 6, 1, 28);
INSERT INTO resposta VALUES (1887, 0, 4, 7, 1, 28);
INSERT INTO resposta VALUES (1888, 0, 1, 8, 1, 28);
INSERT INTO resposta VALUES (1889, 0, 3, 1, 1, 34);
INSERT INTO resposta VALUES (1890, 0, 1, 2, 1, 34);
INSERT INTO resposta VALUES (1891, 0, 3, 3, 1, 34);
INSERT INTO resposta VALUES (1892, 0, 2, 4, 1, 34);
INSERT INTO resposta VALUES (1893, 0, 3, 5, 1, 34);
INSERT INTO resposta VALUES (1894, 0, 4, 6, 1, 34);
INSERT INTO resposta VALUES (1895, 0, 3, 7, 1, 34);
INSERT INTO resposta VALUES (1896, 0, 2, 8, 1, 34);
INSERT INTO resposta VALUES (1897, 0, 3, 1, 1, 30);
INSERT INTO resposta VALUES (1898, 0, 2, 2, 1, 30);
INSERT INTO resposta VALUES (1899, 0, 4, 3, 1, 30);
INSERT INTO resposta VALUES (1900, 0, 3, 4, 1, 30);
INSERT INTO resposta VALUES (1901, 0, 1, 5, 1, 30);
INSERT INTO resposta VALUES (1902, 0, 1, 6, 1, 30);
INSERT INTO resposta VALUES (1903, 0, 1, 7, 1, 30);
INSERT INTO resposta VALUES (1904, 0, 4, 8, 1, 30);
INSERT INTO resposta VALUES (1905, 0, 3, 1, 1, 6);
INSERT INTO resposta VALUES (1906, 0, 4, 2, 1, 6);
INSERT INTO resposta VALUES (1907, 0, 1, 3, 1, 6);
INSERT INTO resposta VALUES (1908, 0, 4, 4, 1, 6);
INSERT INTO resposta VALUES (1909, 0, 4, 5, 1, 6);
INSERT INTO resposta VALUES (1910, 0, 3, 6, 1, 6);
INSERT INTO resposta VALUES (1911, 0, 3, 7, 1, 6);
INSERT INTO resposta VALUES (1912, 0, 3, 8, 1, 6);
INSERT INTO resposta VALUES (1913, 0, 4, 1, 1, 30);
INSERT INTO resposta VALUES (1914, 0, 4, 2, 1, 30);
INSERT INTO resposta VALUES (1915, 0, 1, 3, 1, 30);
INSERT INTO resposta VALUES (1916, 0, 1, 4, 1, 30);
INSERT INTO resposta VALUES (1917, 0, 3, 5, 1, 30);
INSERT INTO resposta VALUES (1918, 0, 1, 6, 1, 30);
INSERT INTO resposta VALUES (1919, 0, 4, 7, 1, 30);
INSERT INTO resposta VALUES (1920, 0, 4, 8, 1, 30);
INSERT INTO resposta VALUES (1921, 0, 3, 1, 1, 12);
INSERT INTO resposta VALUES (1922, 0, 3, 2, 1, 12);
INSERT INTO resposta VALUES (1923, 0, 1, 3, 1, 12);
INSERT INTO resposta VALUES (1924, 0, 4, 4, 1, 12);
INSERT INTO resposta VALUES (1925, 0, 2, 5, 1, 12);
INSERT INTO resposta VALUES (1926, 0, 1, 6, 1, 12);
INSERT INTO resposta VALUES (1927, 0, 4, 7, 1, 12);
INSERT INTO resposta VALUES (1928, 0, 3, 8, 1, 12);
INSERT INTO resposta VALUES (1929, 0, 1, 1, 1, 25);
INSERT INTO resposta VALUES (1930, 0, 3, 2, 1, 25);
INSERT INTO resposta VALUES (1931, 0, 2, 3, 1, 25);
INSERT INTO resposta VALUES (1932, 0, 1, 4, 1, 25);
INSERT INTO resposta VALUES (1933, 0, 3, 5, 1, 25);
INSERT INTO resposta VALUES (1934, 0, 4, 6, 1, 25);
INSERT INTO resposta VALUES (1935, 0, 1, 7, 1, 25);
INSERT INTO resposta VALUES (1936, 0, 4, 8, 1, 25);
INSERT INTO resposta VALUES (1937, 0, 4, 1, 1, 6);
INSERT INTO resposta VALUES (1938, 0, 1, 2, 1, 6);
INSERT INTO resposta VALUES (1939, 0, 4, 3, 1, 6);
INSERT INTO resposta VALUES (1940, 0, 2, 4, 1, 6);
INSERT INTO resposta VALUES (1941, 0, 1, 5, 1, 6);
INSERT INTO resposta VALUES (1942, 0, 3, 6, 1, 6);
INSERT INTO resposta VALUES (1943, 0, 4, 7, 1, 6);
INSERT INTO resposta VALUES (1944, 0, 2, 8, 1, 6);
INSERT INTO resposta VALUES (1945, 0, 1, 1, 1, 33);
INSERT INTO resposta VALUES (1946, 0, 2, 2, 1, 33);
INSERT INTO resposta VALUES (1947, 0, 3, 3, 1, 33);
INSERT INTO resposta VALUES (1948, 0, 3, 4, 1, 33);
INSERT INTO resposta VALUES (1949, 0, 3, 5, 1, 33);
INSERT INTO resposta VALUES (1950, 0, 1, 6, 1, 33);
INSERT INTO resposta VALUES (1951, 0, 1, 7, 1, 33);
INSERT INTO resposta VALUES (1952, 0, 3, 8, 1, 33);
INSERT INTO resposta VALUES (1953, 0, 4, 1, 1, 35);
INSERT INTO resposta VALUES (1954, 0, 1, 2, 1, 35);
INSERT INTO resposta VALUES (1955, 0, 3, 3, 1, 35);
INSERT INTO resposta VALUES (1956, 0, 1, 4, 1, 35);
INSERT INTO resposta VALUES (1957, 0, 2, 5, 1, 35);
INSERT INTO resposta VALUES (1958, 0, 3, 6, 1, 35);
INSERT INTO resposta VALUES (1959, 0, 2, 7, 1, 35);
INSERT INTO resposta VALUES (1960, 0, 2, 8, 1, 35);
INSERT INTO resposta VALUES (1961, 0, 3, 1, 1, 30);
INSERT INTO resposta VALUES (1962, 0, 3, 2, 1, 30);
INSERT INTO resposta VALUES (1963, 0, 2, 3, 1, 30);
INSERT INTO resposta VALUES (1964, 0, 1, 4, 1, 30);
INSERT INTO resposta VALUES (1965, 0, 1, 5, 1, 30);
INSERT INTO resposta VALUES (1966, 0, 2, 6, 1, 30);
INSERT INTO resposta VALUES (1967, 0, 4, 7, 1, 30);
INSERT INTO resposta VALUES (1968, 0, 3, 8, 1, 30);
INSERT INTO resposta VALUES (1969, 0, 3, 1, 1, 4);
INSERT INTO resposta VALUES (1970, 0, 1, 2, 1, 4);
INSERT INTO resposta VALUES (1971, 0, 3, 3, 1, 4);
INSERT INTO resposta VALUES (1972, 0, 3, 4, 1, 4);
INSERT INTO resposta VALUES (1973, 0, 3, 5, 1, 4);
INSERT INTO resposta VALUES (1974, 0, 2, 6, 1, 4);
INSERT INTO resposta VALUES (1975, 0, 2, 7, 1, 4);
INSERT INTO resposta VALUES (1976, 0, 4, 8, 1, 4);
INSERT INTO resposta VALUES (1977, 0, 2, 1, 1, 16);
INSERT INTO resposta VALUES (1978, 0, 3, 2, 1, 16);
INSERT INTO resposta VALUES (1979, 0, 3, 3, 1, 16);
INSERT INTO resposta VALUES (1980, 0, 4, 4, 1, 16);
INSERT INTO resposta VALUES (1981, 0, 3, 5, 1, 16);
INSERT INTO resposta VALUES (1982, 0, 4, 6, 1, 16);
INSERT INTO resposta VALUES (1983, 0, 4, 7, 1, 16);
INSERT INTO resposta VALUES (1984, 0, 2, 8, 1, 16);
INSERT INTO resposta VALUES (1985, 0, 4, 1, 1, 39);
INSERT INTO resposta VALUES (1986, 0, 1, 2, 1, 39);
INSERT INTO resposta VALUES (1987, 0, 2, 3, 1, 39);
INSERT INTO resposta VALUES (1988, 0, 4, 4, 1, 39);
INSERT INTO resposta VALUES (1989, 0, 4, 5, 1, 39);
INSERT INTO resposta VALUES (1990, 0, 2, 6, 1, 39);
INSERT INTO resposta VALUES (1991, 0, 2, 7, 1, 39);
INSERT INTO resposta VALUES (1992, 0, 4, 8, 1, 39);
INSERT INTO resposta VALUES (1993, 0, 3, 1, 1, 7);
INSERT INTO resposta VALUES (1994, 0, 2, 2, 1, 7);
INSERT INTO resposta VALUES (1995, 0, 4, 3, 1, 7);
INSERT INTO resposta VALUES (1996, 0, 4, 4, 1, 7);
INSERT INTO resposta VALUES (1997, 0, 3, 5, 1, 7);
INSERT INTO resposta VALUES (1998, 0, 2, 6, 1, 7);
INSERT INTO resposta VALUES (1999, 0, 3, 7, 1, 7);
INSERT INTO resposta VALUES (2000, 0, 3, 8, 1, 7);
INSERT INTO resposta VALUES (2001, 0, 1, 1, 1, 19);
INSERT INTO resposta VALUES (2002, 0, 3, 2, 1, 19);
INSERT INTO resposta VALUES (2003, 0, 2, 3, 1, 19);
INSERT INTO resposta VALUES (2004, 0, 2, 4, 1, 19);
INSERT INTO resposta VALUES (2005, 0, 1, 5, 1, 19);
INSERT INTO resposta VALUES (2006, 0, 2, 6, 1, 19);
INSERT INTO resposta VALUES (2007, 0, 4, 7, 1, 19);
INSERT INTO resposta VALUES (2008, 0, 1, 8, 1, 19);
INSERT INTO resposta VALUES (2009, 0, 4, 1, 1, 9);
INSERT INTO resposta VALUES (2010, 0, 1, 2, 1, 9);
INSERT INTO resposta VALUES (2011, 0, 1, 3, 1, 9);
INSERT INTO resposta VALUES (2012, 0, 4, 4, 1, 9);
INSERT INTO resposta VALUES (2013, 0, 4, 5, 1, 9);
INSERT INTO resposta VALUES (2014, 0, 4, 6, 1, 9);
INSERT INTO resposta VALUES (2015, 0, 4, 7, 1, 9);
INSERT INTO resposta VALUES (2016, 0, 4, 8, 1, 9);
INSERT INTO resposta VALUES (2017, 0, 2, 1, 1, 14);
INSERT INTO resposta VALUES (2018, 0, 4, 2, 1, 14);
INSERT INTO resposta VALUES (2019, 0, 2, 3, 1, 14);
INSERT INTO resposta VALUES (2020, 0, 2, 4, 1, 14);
INSERT INTO resposta VALUES (2021, 0, 4, 5, 1, 14);
INSERT INTO resposta VALUES (2022, 0, 2, 6, 1, 14);
INSERT INTO resposta VALUES (2023, 0, 3, 7, 1, 14);
INSERT INTO resposta VALUES (2024, 0, 2, 8, 1, 14);
INSERT INTO resposta VALUES (2025, 0, 4, 1, 1, 34);
INSERT INTO resposta VALUES (2026, 0, 4, 2, 1, 34);
INSERT INTO resposta VALUES (2027, 0, 1, 3, 1, 34);
INSERT INTO resposta VALUES (2028, 0, 1, 4, 1, 34);
INSERT INTO resposta VALUES (2029, 0, 2, 5, 1, 34);
INSERT INTO resposta VALUES (2030, 0, 3, 6, 1, 34);
INSERT INTO resposta VALUES (2031, 0, 1, 7, 1, 34);
INSERT INTO resposta VALUES (2032, 0, 4, 8, 1, 34);
INSERT INTO resposta VALUES (2033, 0, 4, 1, 1, 10);
INSERT INTO resposta VALUES (2034, 0, 4, 2, 1, 10);
INSERT INTO resposta VALUES (2035, 0, 3, 3, 1, 10);
INSERT INTO resposta VALUES (2036, 0, 4, 4, 1, 10);
INSERT INTO resposta VALUES (2037, 0, 1, 5, 1, 10);
INSERT INTO resposta VALUES (2038, 0, 3, 6, 1, 10);
INSERT INTO resposta VALUES (2039, 0, 4, 7, 1, 10);
INSERT INTO resposta VALUES (2040, 0, 2, 8, 1, 10);
INSERT INTO resposta VALUES (2041, 0, 4, 1, 1, 38);
INSERT INTO resposta VALUES (2042, 0, 4, 2, 1, 38);
INSERT INTO resposta VALUES (2043, 0, 2, 3, 1, 38);
INSERT INTO resposta VALUES (2044, 0, 1, 4, 1, 38);
INSERT INTO resposta VALUES (2045, 0, 1, 5, 1, 38);
INSERT INTO resposta VALUES (2046, 0, 2, 6, 1, 38);
INSERT INTO resposta VALUES (2047, 0, 1, 7, 1, 38);
INSERT INTO resposta VALUES (2048, 0, 4, 8, 1, 38);
INSERT INTO resposta VALUES (2049, 0, 1, 1, 1, 27);
INSERT INTO resposta VALUES (2050, 0, 2, 2, 1, 27);
INSERT INTO resposta VALUES (2051, 0, 4, 3, 1, 27);
INSERT INTO resposta VALUES (2052, 0, 1, 4, 1, 27);
INSERT INTO resposta VALUES (2053, 0, 1, 5, 1, 27);
INSERT INTO resposta VALUES (2054, 0, 3, 6, 1, 27);
INSERT INTO resposta VALUES (2055, 0, 3, 7, 1, 27);
INSERT INTO resposta VALUES (2056, 0, 4, 8, 1, 27);
INSERT INTO resposta VALUES (2057, 0, 1, 1, 1, 31);
INSERT INTO resposta VALUES (2058, 0, 3, 2, 1, 31);
INSERT INTO resposta VALUES (2059, 0, 3, 3, 1, 31);
INSERT INTO resposta VALUES (2060, 0, 4, 4, 1, 31);
INSERT INTO resposta VALUES (2061, 0, 2, 5, 1, 31);
INSERT INTO resposta VALUES (2062, 0, 3, 6, 1, 31);
INSERT INTO resposta VALUES (2063, 0, 4, 7, 1, 31);
INSERT INTO resposta VALUES (2064, 0, 3, 8, 1, 31);
INSERT INTO resposta VALUES (2065, 0, 2, 1, 1, 39);
INSERT INTO resposta VALUES (2066, 0, 4, 2, 1, 39);
INSERT INTO resposta VALUES (2067, 0, 3, 3, 1, 39);
INSERT INTO resposta VALUES (2068, 0, 3, 4, 1, 39);
INSERT INTO resposta VALUES (2069, 0, 4, 5, 1, 39);
INSERT INTO resposta VALUES (2070, 0, 4, 6, 1, 39);
INSERT INTO resposta VALUES (2071, 0, 3, 7, 1, 39);
INSERT INTO resposta VALUES (2072, 0, 3, 8, 1, 39);
INSERT INTO resposta VALUES (2073, 0, 4, 1, 1, 31);
INSERT INTO resposta VALUES (2074, 0, 1, 2, 1, 31);
INSERT INTO resposta VALUES (2075, 0, 1, 3, 1, 31);
INSERT INTO resposta VALUES (2076, 0, 4, 4, 1, 31);
INSERT INTO resposta VALUES (2077, 0, 3, 5, 1, 31);
INSERT INTO resposta VALUES (2078, 0, 2, 6, 1, 31);
INSERT INTO resposta VALUES (2079, 0, 4, 7, 1, 31);
INSERT INTO resposta VALUES (2080, 0, 1, 8, 1, 31);
INSERT INTO resposta VALUES (2081, 0, 2, 1, 1, 22);
INSERT INTO resposta VALUES (2082, 0, 3, 2, 1, 22);
INSERT INTO resposta VALUES (2083, 0, 3, 3, 1, 22);
INSERT INTO resposta VALUES (2084, 0, 1, 4, 1, 22);
INSERT INTO resposta VALUES (2085, 0, 2, 5, 1, 22);
INSERT INTO resposta VALUES (2086, 0, 1, 6, 1, 22);
INSERT INTO resposta VALUES (2087, 0, 2, 7, 1, 22);
INSERT INTO resposta VALUES (2088, 0, 4, 8, 1, 22);
INSERT INTO resposta VALUES (2089, 0, 3, 1, 1, 1);
INSERT INTO resposta VALUES (2090, 0, 2, 2, 1, 1);
INSERT INTO resposta VALUES (2091, 0, 2, 3, 1, 1);
INSERT INTO resposta VALUES (2092, 0, 1, 4, 1, 1);
INSERT INTO resposta VALUES (2093, 0, 1, 5, 1, 1);
INSERT INTO resposta VALUES (2094, 0, 3, 6, 1, 1);
INSERT INTO resposta VALUES (2095, 0, 3, 7, 1, 1);
INSERT INTO resposta VALUES (2096, 0, 4, 8, 1, 1);
INSERT INTO resposta VALUES (2097, 0, 2, 1, 1, 31);
INSERT INTO resposta VALUES (2098, 0, 3, 2, 1, 31);
INSERT INTO resposta VALUES (2099, 0, 4, 3, 1, 31);
INSERT INTO resposta VALUES (2100, 0, 1, 4, 1, 31);
INSERT INTO resposta VALUES (2101, 0, 1, 5, 1, 31);
INSERT INTO resposta VALUES (2102, 0, 4, 6, 1, 31);
INSERT INTO resposta VALUES (2103, 0, 4, 7, 1, 31);
INSERT INTO resposta VALUES (2104, 0, 4, 8, 1, 31);
INSERT INTO resposta VALUES (2105, 0, 4, 1, 1, 16);
INSERT INTO resposta VALUES (2106, 0, 2, 2, 1, 16);
INSERT INTO resposta VALUES (2107, 0, 2, 3, 1, 16);
INSERT INTO resposta VALUES (2108, 0, 4, 4, 1, 16);
INSERT INTO resposta VALUES (2109, 0, 3, 5, 1, 16);
INSERT INTO resposta VALUES (2110, 0, 1, 6, 1, 16);
INSERT INTO resposta VALUES (2111, 0, 2, 7, 1, 16);
INSERT INTO resposta VALUES (2112, 0, 4, 8, 1, 16);
INSERT INTO resposta VALUES (2113, 0, 4, 1, 1, 2);
INSERT INTO resposta VALUES (2114, 0, 4, 2, 1, 2);
INSERT INTO resposta VALUES (2115, 0, 1, 3, 1, 2);
INSERT INTO resposta VALUES (2116, 0, 1, 4, 1, 2);
INSERT INTO resposta VALUES (2117, 0, 3, 5, 1, 2);
INSERT INTO resposta VALUES (2118, 0, 3, 6, 1, 2);
INSERT INTO resposta VALUES (2119, 0, 4, 7, 1, 2);
INSERT INTO resposta VALUES (2120, 0, 2, 8, 1, 2);
INSERT INTO resposta VALUES (2121, 0, 4, 1, 1, 6);
INSERT INTO resposta VALUES (2122, 0, 4, 2, 1, 6);
INSERT INTO resposta VALUES (2123, 0, 3, 3, 1, 6);
INSERT INTO resposta VALUES (2124, 0, 1, 4, 1, 6);
INSERT INTO resposta VALUES (2125, 0, 3, 5, 1, 6);
INSERT INTO resposta VALUES (2126, 0, 1, 6, 1, 6);
INSERT INTO resposta VALUES (2127, 0, 1, 7, 1, 6);
INSERT INTO resposta VALUES (2128, 0, 3, 8, 1, 6);
INSERT INTO resposta VALUES (2129, 0, 2, 1, 1, 11);
INSERT INTO resposta VALUES (2130, 0, 3, 2, 1, 11);
INSERT INTO resposta VALUES (2131, 0, 2, 3, 1, 11);
INSERT INTO resposta VALUES (2132, 0, 4, 4, 1, 11);
INSERT INTO resposta VALUES (2133, 0, 3, 5, 1, 11);
INSERT INTO resposta VALUES (2134, 0, 4, 6, 1, 11);
INSERT INTO resposta VALUES (2135, 0, 2, 7, 1, 11);
INSERT INTO resposta VALUES (2136, 0, 1, 8, 1, 11);
INSERT INTO resposta VALUES (2137, 0, 2, 1, 1, 14);
INSERT INTO resposta VALUES (2138, 0, 4, 2, 1, 14);
INSERT INTO resposta VALUES (2139, 0, 3, 3, 1, 14);
INSERT INTO resposta VALUES (2140, 0, 3, 4, 1, 14);
INSERT INTO resposta VALUES (2141, 0, 1, 5, 1, 14);
INSERT INTO resposta VALUES (2142, 0, 2, 6, 1, 14);
INSERT INTO resposta VALUES (2143, 0, 3, 7, 1, 14);
INSERT INTO resposta VALUES (2144, 0, 3, 8, 1, 14);
INSERT INTO resposta VALUES (2145, 0, 2, 1, 1, 37);
INSERT INTO resposta VALUES (2146, 0, 3, 2, 1, 37);
INSERT INTO resposta VALUES (2147, 0, 2, 3, 1, 37);
INSERT INTO resposta VALUES (2148, 0, 1, 4, 1, 37);
INSERT INTO resposta VALUES (2149, 0, 1, 5, 1, 37);
INSERT INTO resposta VALUES (2150, 0, 4, 6, 1, 37);
INSERT INTO resposta VALUES (2151, 0, 2, 7, 1, 37);
INSERT INTO resposta VALUES (2152, 0, 2, 8, 1, 37);
INSERT INTO resposta VALUES (2153, 0, 3, 1, 1, 1);
INSERT INTO resposta VALUES (2154, 0, 3, 2, 1, 1);
INSERT INTO resposta VALUES (2155, 0, 4, 3, 1, 1);
INSERT INTO resposta VALUES (2156, 0, 3, 4, 1, 1);
INSERT INTO resposta VALUES (2157, 0, 2, 5, 1, 1);
INSERT INTO resposta VALUES (2158, 0, 4, 6, 1, 1);
INSERT INTO resposta VALUES (2159, 0, 2, 7, 1, 1);
INSERT INTO resposta VALUES (2160, 0, 1, 8, 1, 1);
INSERT INTO resposta VALUES (2161, 0, 2, 1, 1, 12);
INSERT INTO resposta VALUES (2162, 0, 1, 2, 1, 12);
INSERT INTO resposta VALUES (2163, 0, 3, 3, 1, 12);
INSERT INTO resposta VALUES (2164, 0, 3, 4, 1, 12);
INSERT INTO resposta VALUES (2165, 0, 1, 5, 1, 12);
INSERT INTO resposta VALUES (2166, 0, 1, 6, 1, 12);
INSERT INTO resposta VALUES (2167, 0, 4, 7, 1, 12);
INSERT INTO resposta VALUES (2168, 0, 3, 8, 1, 12);
INSERT INTO resposta VALUES (2169, 0, 4, 1, 1, 28);
INSERT INTO resposta VALUES (2170, 0, 3, 2, 1, 28);
INSERT INTO resposta VALUES (2171, 0, 2, 3, 1, 28);
INSERT INTO resposta VALUES (2172, 0, 1, 4, 1, 28);
INSERT INTO resposta VALUES (2173, 0, 2, 5, 1, 28);
INSERT INTO resposta VALUES (2174, 0, 3, 6, 1, 28);
INSERT INTO resposta VALUES (2175, 0, 1, 7, 1, 28);
INSERT INTO resposta VALUES (2176, 0, 1, 8, 1, 28);
INSERT INTO resposta VALUES (2177, 0, 4, 1, 1, 16);
INSERT INTO resposta VALUES (2178, 0, 4, 2, 1, 16);
INSERT INTO resposta VALUES (2179, 0, 4, 3, 1, 16);
INSERT INTO resposta VALUES (2180, 0, 3, 4, 1, 16);
INSERT INTO resposta VALUES (2181, 0, 4, 5, 1, 16);
INSERT INTO resposta VALUES (2182, 0, 1, 6, 1, 16);
INSERT INTO resposta VALUES (2183, 0, 2, 7, 1, 16);
INSERT INTO resposta VALUES (2184, 0, 1, 8, 1, 16);
INSERT INTO resposta VALUES (2185, 0, 1, 1, 1, 28);
INSERT INTO resposta VALUES (2186, 0, 1, 2, 1, 28);
INSERT INTO resposta VALUES (2187, 0, 1, 3, 1, 28);
INSERT INTO resposta VALUES (2188, 0, 3, 4, 1, 28);
INSERT INTO resposta VALUES (2189, 0, 3, 5, 1, 28);
INSERT INTO resposta VALUES (2190, 0, 3, 6, 1, 28);
INSERT INTO resposta VALUES (2191, 0, 1, 7, 1, 28);
INSERT INTO resposta VALUES (2192, 0, 2, 8, 1, 28);
INSERT INTO resposta VALUES (2193, 0, 1, 1, 1, 22);
INSERT INTO resposta VALUES (2194, 0, 1, 2, 1, 22);
INSERT INTO resposta VALUES (2195, 0, 2, 3, 1, 22);
INSERT INTO resposta VALUES (2196, 0, 3, 4, 1, 22);
INSERT INTO resposta VALUES (2197, 0, 1, 5, 1, 22);
INSERT INTO resposta VALUES (2198, 0, 4, 6, 1, 22);
INSERT INTO resposta VALUES (2199, 0, 1, 7, 1, 22);
INSERT INTO resposta VALUES (2200, 0, 4, 8, 1, 22);
INSERT INTO resposta VALUES (2201, 0, 4, 1, 1, 30);
INSERT INTO resposta VALUES (2202, 0, 1, 2, 1, 30);
INSERT INTO resposta VALUES (2203, 0, 3, 3, 1, 30);
INSERT INTO resposta VALUES (2204, 0, 1, 4, 1, 30);
INSERT INTO resposta VALUES (2205, 0, 3, 5, 1, 30);
INSERT INTO resposta VALUES (2206, 0, 3, 6, 1, 30);
INSERT INTO resposta VALUES (2207, 0, 3, 7, 1, 30);
INSERT INTO resposta VALUES (2208, 0, 4, 8, 1, 30);
INSERT INTO resposta VALUES (2209, 0, 3, 1, 1, 2);
INSERT INTO resposta VALUES (2210, 0, 4, 2, 1, 2);
INSERT INTO resposta VALUES (2211, 0, 4, 3, 1, 2);
INSERT INTO resposta VALUES (2212, 0, 3, 4, 1, 2);
INSERT INTO resposta VALUES (2213, 0, 3, 5, 1, 2);
INSERT INTO resposta VALUES (2214, 0, 1, 6, 1, 2);
INSERT INTO resposta VALUES (2215, 0, 2, 7, 1, 2);
INSERT INTO resposta VALUES (2216, 0, 1, 8, 1, 2);
INSERT INTO resposta VALUES (2217, 0, 2, 1, 1, 28);
INSERT INTO resposta VALUES (2218, 0, 2, 2, 1, 28);
INSERT INTO resposta VALUES (2219, 0, 2, 3, 1, 28);
INSERT INTO resposta VALUES (2220, 0, 4, 4, 1, 28);
INSERT INTO resposta VALUES (2221, 0, 3, 5, 1, 28);
INSERT INTO resposta VALUES (2222, 0, 1, 6, 1, 28);
INSERT INTO resposta VALUES (2223, 0, 3, 7, 1, 28);
INSERT INTO resposta VALUES (2224, 0, 2, 8, 1, 28);
INSERT INTO resposta VALUES (2225, 0, 1, 1, 1, 34);
INSERT INTO resposta VALUES (2226, 0, 2, 2, 1, 34);
INSERT INTO resposta VALUES (2227, 0, 3, 3, 1, 34);
INSERT INTO resposta VALUES (2228, 0, 3, 4, 1, 34);
INSERT INTO resposta VALUES (2229, 0, 3, 5, 1, 34);
INSERT INTO resposta VALUES (2230, 0, 1, 6, 1, 34);
INSERT INTO resposta VALUES (2231, 0, 4, 7, 1, 34);
INSERT INTO resposta VALUES (2232, 0, 1, 8, 1, 34);
INSERT INTO resposta VALUES (2233, 0, 1, 1, 1, 33);
INSERT INTO resposta VALUES (2234, 0, 2, 2, 1, 33);
INSERT INTO resposta VALUES (2235, 0, 1, 3, 1, 33);
INSERT INTO resposta VALUES (2236, 0, 1, 4, 1, 33);
INSERT INTO resposta VALUES (2237, 0, 2, 5, 1, 33);
INSERT INTO resposta VALUES (2238, 0, 1, 6, 1, 33);
INSERT INTO resposta VALUES (2239, 0, 2, 7, 1, 33);
INSERT INTO resposta VALUES (2240, 0, 1, 8, 1, 33);
INSERT INTO resposta VALUES (2241, 0, 4, 1, 1, 29);
INSERT INTO resposta VALUES (2242, 0, 2, 2, 1, 29);
INSERT INTO resposta VALUES (2243, 0, 2, 3, 1, 29);
INSERT INTO resposta VALUES (2244, 0, 2, 4, 1, 29);
INSERT INTO resposta VALUES (2245, 0, 1, 5, 1, 29);
INSERT INTO resposta VALUES (2246, 0, 1, 6, 1, 29);
INSERT INTO resposta VALUES (2247, 0, 4, 7, 1, 29);
INSERT INTO resposta VALUES (2248, 0, 1, 8, 1, 29);
INSERT INTO resposta VALUES (2249, 0, 2, 1, 1, 37);
INSERT INTO resposta VALUES (2250, 0, 1, 2, 1, 37);
INSERT INTO resposta VALUES (2251, 0, 4, 3, 1, 37);
INSERT INTO resposta VALUES (2252, 0, 4, 4, 1, 37);
INSERT INTO resposta VALUES (2253, 0, 1, 5, 1, 37);
INSERT INTO resposta VALUES (2254, 0, 3, 6, 1, 37);
INSERT INTO resposta VALUES (2255, 0, 3, 7, 1, 37);
INSERT INTO resposta VALUES (2256, 0, 4, 8, 1, 37);
INSERT INTO resposta VALUES (2257, 0, 1, 1, 1, 8);
INSERT INTO resposta VALUES (2258, 0, 2, 2, 1, 8);
INSERT INTO resposta VALUES (2259, 0, 1, 3, 1, 8);
INSERT INTO resposta VALUES (2260, 0, 1, 4, 1, 8);
INSERT INTO resposta VALUES (2261, 0, 4, 5, 1, 8);
INSERT INTO resposta VALUES (2262, 0, 3, 6, 1, 8);
INSERT INTO resposta VALUES (2263, 0, 1, 7, 1, 8);
INSERT INTO resposta VALUES (2264, 0, 2, 8, 1, 8);
INSERT INTO resposta VALUES (2265, 0, 4, 1, 1, 33);
INSERT INTO resposta VALUES (2266, 0, 3, 2, 1, 33);
INSERT INTO resposta VALUES (2267, 0, 4, 3, 1, 33);
INSERT INTO resposta VALUES (2268, 0, 2, 4, 1, 33);
INSERT INTO resposta VALUES (2269, 0, 4, 5, 1, 33);
INSERT INTO resposta VALUES (2270, 0, 4, 6, 1, 33);
INSERT INTO resposta VALUES (2271, 0, 1, 7, 1, 33);
INSERT INTO resposta VALUES (2272, 0, 1, 8, 1, 33);
INSERT INTO resposta VALUES (2273, 0, 2, 1, 1, 31);
INSERT INTO resposta VALUES (2274, 0, 1, 2, 1, 31);
INSERT INTO resposta VALUES (2275, 0, 1, 3, 1, 31);
INSERT INTO resposta VALUES (2276, 0, 3, 4, 1, 31);
INSERT INTO resposta VALUES (2277, 0, 4, 5, 1, 31);
INSERT INTO resposta VALUES (2278, 0, 4, 6, 1, 31);
INSERT INTO resposta VALUES (2279, 0, 1, 7, 1, 31);
INSERT INTO resposta VALUES (2280, 0, 3, 8, 1, 31);
INSERT INTO resposta VALUES (2281, 0, 3, 1, 1, 13);
INSERT INTO resposta VALUES (2282, 0, 3, 2, 1, 13);
INSERT INTO resposta VALUES (2283, 0, 4, 3, 1, 13);
INSERT INTO resposta VALUES (2284, 0, 3, 4, 1, 13);
INSERT INTO resposta VALUES (2285, 0, 1, 5, 1, 13);
INSERT INTO resposta VALUES (2286, 0, 1, 6, 1, 13);
INSERT INTO resposta VALUES (2287, 0, 2, 7, 1, 13);
INSERT INTO resposta VALUES (2288, 0, 2, 8, 1, 13);
INSERT INTO resposta VALUES (2289, 0, 1, 1, 1, 21);
INSERT INTO resposta VALUES (2290, 0, 4, 2, 1, 21);
INSERT INTO resposta VALUES (2291, 0, 4, 3, 1, 21);
INSERT INTO resposta VALUES (2292, 0, 4, 4, 1, 21);
INSERT INTO resposta VALUES (2293, 0, 2, 5, 1, 21);
INSERT INTO resposta VALUES (2294, 0, 2, 6, 1, 21);
INSERT INTO resposta VALUES (2295, 0, 1, 7, 1, 21);
INSERT INTO resposta VALUES (2296, 0, 4, 8, 1, 21);
INSERT INTO resposta VALUES (2297, 0, 2, 1, 1, 27);
INSERT INTO resposta VALUES (2298, 0, 3, 2, 1, 27);
INSERT INTO resposta VALUES (2299, 0, 4, 3, 1, 27);
INSERT INTO resposta VALUES (2300, 0, 2, 4, 1, 27);
INSERT INTO resposta VALUES (2301, 0, 1, 5, 1, 27);
INSERT INTO resposta VALUES (2302, 0, 1, 6, 1, 27);
INSERT INTO resposta VALUES (2303, 0, 1, 7, 1, 27);
INSERT INTO resposta VALUES (2304, 0, 2, 8, 1, 27);
INSERT INTO resposta VALUES (2305, 0, 4, 1, 1, 3);
INSERT INTO resposta VALUES (2306, 0, 1, 2, 1, 3);
INSERT INTO resposta VALUES (2307, 0, 1, 3, 1, 3);
INSERT INTO resposta VALUES (2308, 0, 4, 4, 1, 3);
INSERT INTO resposta VALUES (2309, 0, 2, 5, 1, 3);
INSERT INTO resposta VALUES (2310, 0, 1, 6, 1, 3);
INSERT INTO resposta VALUES (2311, 0, 1, 7, 1, 3);
INSERT INTO resposta VALUES (2312, 0, 2, 8, 1, 3);
INSERT INTO resposta VALUES (2313, 0, 1, 1, 1, 31);
INSERT INTO resposta VALUES (2314, 0, 2, 2, 1, 31);
INSERT INTO resposta VALUES (2315, 0, 4, 3, 1, 31);
INSERT INTO resposta VALUES (2316, 0, 1, 4, 1, 31);
INSERT INTO resposta VALUES (2317, 0, 1, 5, 1, 31);
INSERT INTO resposta VALUES (2318, 0, 2, 6, 1, 31);
INSERT INTO resposta VALUES (2319, 0, 3, 7, 1, 31);
INSERT INTO resposta VALUES (2320, 0, 3, 8, 1, 31);
INSERT INTO resposta VALUES (2321, 0, 1, 1, 1, 28);
INSERT INTO resposta VALUES (2322, 0, 3, 2, 1, 28);
INSERT INTO resposta VALUES (2323, 0, 1, 3, 1, 28);
INSERT INTO resposta VALUES (2324, 0, 1, 4, 1, 28);
INSERT INTO resposta VALUES (2325, 0, 3, 5, 1, 28);
INSERT INTO resposta VALUES (2326, 0, 1, 6, 1, 28);
INSERT INTO resposta VALUES (2327, 0, 2, 7, 1, 28);
INSERT INTO resposta VALUES (2328, 0, 3, 8, 1, 28);
INSERT INTO resposta VALUES (2329, 0, 4, 1, 1, 37);
INSERT INTO resposta VALUES (2330, 0, 2, 2, 1, 37);
INSERT INTO resposta VALUES (2331, 0, 2, 3, 1, 37);
INSERT INTO resposta VALUES (2332, 0, 3, 4, 1, 37);
INSERT INTO resposta VALUES (2333, 0, 1, 5, 1, 37);
INSERT INTO resposta VALUES (2334, 0, 1, 6, 1, 37);
INSERT INTO resposta VALUES (2335, 0, 1, 7, 1, 37);
INSERT INTO resposta VALUES (2336, 0, 2, 8, 1, 37);
INSERT INTO resposta VALUES (2337, 0, 2, 1, 1, 33);
INSERT INTO resposta VALUES (2338, 0, 4, 2, 1, 33);
INSERT INTO resposta VALUES (2339, 0, 3, 3, 1, 33);
INSERT INTO resposta VALUES (2340, 0, 2, 4, 1, 33);
INSERT INTO resposta VALUES (2341, 0, 1, 5, 1, 33);
INSERT INTO resposta VALUES (2342, 0, 4, 6, 1, 33);
INSERT INTO resposta VALUES (2343, 0, 2, 7, 1, 33);
INSERT INTO resposta VALUES (2344, 0, 1, 8, 1, 33);
INSERT INTO resposta VALUES (2345, 0, 2, 1, 1, 23);
INSERT INTO resposta VALUES (2346, 0, 1, 2, 1, 23);
INSERT INTO resposta VALUES (2347, 0, 2, 3, 1, 23);
INSERT INTO resposta VALUES (2348, 0, 1, 4, 1, 23);
INSERT INTO resposta VALUES (2349, 0, 2, 5, 1, 23);
INSERT INTO resposta VALUES (2350, 0, 1, 6, 1, 23);
INSERT INTO resposta VALUES (2351, 0, 4, 7, 1, 23);
INSERT INTO resposta VALUES (2352, 0, 3, 8, 1, 23);
INSERT INTO resposta VALUES (2353, 0, 4, 1, 1, 24);
INSERT INTO resposta VALUES (2354, 0, 2, 2, 1, 24);
INSERT INTO resposta VALUES (2355, 0, 2, 3, 1, 24);
INSERT INTO resposta VALUES (2356, 0, 3, 4, 1, 24);
INSERT INTO resposta VALUES (2357, 0, 1, 5, 1, 24);
INSERT INTO resposta VALUES (2358, 0, 2, 6, 1, 24);
INSERT INTO resposta VALUES (2359, 0, 2, 7, 1, 24);
INSERT INTO resposta VALUES (2360, 0, 2, 8, 1, 24);
INSERT INTO resposta VALUES (2361, 0, 4, 1, 1, 26);
INSERT INTO resposta VALUES (2362, 0, 4, 2, 1, 26);
INSERT INTO resposta VALUES (2363, 0, 4, 3, 1, 26);
INSERT INTO resposta VALUES (2364, 0, 3, 4, 1, 26);
INSERT INTO resposta VALUES (2365, 0, 3, 5, 1, 26);
INSERT INTO resposta VALUES (2366, 0, 4, 6, 1, 26);
INSERT INTO resposta VALUES (2367, 0, 2, 7, 1, 26);
INSERT INTO resposta VALUES (2368, 0, 4, 8, 1, 26);
INSERT INTO resposta VALUES (2369, 0, 1, 1, 1, 32);
INSERT INTO resposta VALUES (2370, 0, 1, 2, 1, 32);
INSERT INTO resposta VALUES (2371, 0, 3, 3, 1, 32);
INSERT INTO resposta VALUES (2372, 0, 2, 4, 1, 32);
INSERT INTO resposta VALUES (2373, 0, 3, 5, 1, 32);
INSERT INTO resposta VALUES (2374, 0, 2, 6, 1, 32);
INSERT INTO resposta VALUES (2375, 0, 3, 7, 1, 32);
INSERT INTO resposta VALUES (2376, 0, 4, 8, 1, 32);
INSERT INTO resposta VALUES (2377, 0, 1, 1, 1, 6);
INSERT INTO resposta VALUES (2378, 0, 2, 2, 1, 6);
INSERT INTO resposta VALUES (2379, 0, 3, 3, 1, 6);
INSERT INTO resposta VALUES (2380, 0, 1, 4, 1, 6);
INSERT INTO resposta VALUES (2381, 0, 2, 5, 1, 6);
INSERT INTO resposta VALUES (2382, 0, 3, 6, 1, 6);
INSERT INTO resposta VALUES (2383, 0, 2, 7, 1, 6);
INSERT INTO resposta VALUES (2384, 0, 3, 8, 1, 6);
INSERT INTO resposta VALUES (2385, 0, 3, 1, 1, 6);
INSERT INTO resposta VALUES (2386, 0, 3, 2, 1, 6);
INSERT INTO resposta VALUES (2387, 0, 1, 3, 1, 6);
INSERT INTO resposta VALUES (2388, 0, 2, 4, 1, 6);
INSERT INTO resposta VALUES (2389, 0, 2, 5, 1, 6);
INSERT INTO resposta VALUES (2390, 0, 2, 6, 1, 6);
INSERT INTO resposta VALUES (2391, 0, 4, 7, 1, 6);
INSERT INTO resposta VALUES (2392, 0, 4, 8, 1, 6);
INSERT INTO resposta VALUES (2393, 0, 3, 1, 1, 24);
INSERT INTO resposta VALUES (2394, 0, 3, 2, 1, 24);
INSERT INTO resposta VALUES (2395, 0, 1, 3, 1, 24);
INSERT INTO resposta VALUES (2396, 0, 1, 4, 1, 24);
INSERT INTO resposta VALUES (2397, 0, 2, 5, 1, 24);
INSERT INTO resposta VALUES (2398, 0, 4, 6, 1, 24);
INSERT INTO resposta VALUES (2399, 0, 1, 7, 1, 24);
INSERT INTO resposta VALUES (2400, 0, 1, 8, 1, 24);
INSERT INTO resposta VALUES (2401, 0, 1, 1, 1, 29);
INSERT INTO resposta VALUES (2402, 0, 4, 2, 1, 29);
INSERT INTO resposta VALUES (2403, 0, 1, 3, 1, 29);
INSERT INTO resposta VALUES (2404, 0, 3, 4, 1, 29);
INSERT INTO resposta VALUES (2405, 0, 2, 5, 1, 29);
INSERT INTO resposta VALUES (2406, 0, 2, 6, 1, 29);
INSERT INTO resposta VALUES (2407, 0, 3, 7, 1, 29);
INSERT INTO resposta VALUES (2408, 0, 4, 8, 1, 29);
INSERT INTO resposta VALUES (2409, 0, 3, 1, 1, 12);
INSERT INTO resposta VALUES (2410, 0, 3, 2, 1, 12);
INSERT INTO resposta VALUES (2411, 0, 2, 3, 1, 12);
INSERT INTO resposta VALUES (2412, 0, 2, 4, 1, 12);
INSERT INTO resposta VALUES (2413, 0, 2, 5, 1, 12);
INSERT INTO resposta VALUES (2414, 0, 4, 6, 1, 12);
INSERT INTO resposta VALUES (2415, 0, 1, 7, 1, 12);
INSERT INTO resposta VALUES (2416, 0, 1, 8, 1, 12);
INSERT INTO resposta VALUES (2417, 0, 1, 1, 1, 14);
INSERT INTO resposta VALUES (2418, 0, 1, 2, 1, 14);
INSERT INTO resposta VALUES (2419, 0, 4, 3, 1, 14);
INSERT INTO resposta VALUES (2420, 0, 2, 4, 1, 14);
INSERT INTO resposta VALUES (2421, 0, 2, 5, 1, 14);
INSERT INTO resposta VALUES (2422, 0, 3, 6, 1, 14);
INSERT INTO resposta VALUES (2423, 0, 4, 7, 1, 14);
INSERT INTO resposta VALUES (2424, 0, 3, 8, 1, 14);
INSERT INTO resposta VALUES (2425, 0, 1, 1, 1, 29);
INSERT INTO resposta VALUES (2426, 0, 2, 2, 1, 29);
INSERT INTO resposta VALUES (2427, 0, 4, 3, 1, 29);
INSERT INTO resposta VALUES (2428, 0, 2, 4, 1, 29);
INSERT INTO resposta VALUES (2429, 0, 2, 5, 1, 29);
INSERT INTO resposta VALUES (2430, 0, 4, 6, 1, 29);
INSERT INTO resposta VALUES (2431, 0, 2, 7, 1, 29);
INSERT INTO resposta VALUES (2432, 0, 2, 8, 1, 29);
INSERT INTO resposta VALUES (2433, 0, 1, 1, 1, 37);
INSERT INTO resposta VALUES (2434, 0, 2, 2, 1, 37);
INSERT INTO resposta VALUES (2435, 0, 2, 3, 1, 37);
INSERT INTO resposta VALUES (2436, 0, 2, 4, 1, 37);
INSERT INTO resposta VALUES (2437, 0, 2, 5, 1, 37);
INSERT INTO resposta VALUES (2438, 0, 3, 6, 1, 37);
INSERT INTO resposta VALUES (2439, 0, 4, 7, 1, 37);
INSERT INTO resposta VALUES (2440, 0, 3, 8, 1, 37);


--
-- Data for Name: semestre_letivo; Type: TABLE DATA; Schema: public; Owner: -
--

INSERT INTO semestre_letivo VALUES (1, 2013, 2);
INSERT INTO semestre_letivo VALUES (2, 2013, 1);
INSERT INTO semestre_letivo VALUES (3, 2012, 2);
INSERT INTO semestre_letivo VALUES (4, 2012, 1);
INSERT INTO semestre_letivo VALUES (5, 2011, 2);


--
-- Data for Name: turma; Type: TABLE DATA; Schema: public; Owner: -
--

INSERT INTO turma VALUES (1, '600006', 'GADM7708', 1);
INSERT INTO turma VALUES (2, '600007', 'GADM7731', 1);
INSERT INTO turma VALUES (3, '600009', 'GADM7741', 1);
INSERT INTO turma VALUES (4, '600014', 'GADM7756', 1);
INSERT INTO turma VALUES (5, '600001', 'GTSI1211', 1);
INSERT INTO turma VALUES (6, '600004', 'GTSI1212', 1);
INSERT INTO turma VALUES (7, '600012', 'GTSI1213', 1);
INSERT INTO turma VALUES (8, '600003', 'GTSI1214', 1);
INSERT INTO turma VALUES (9, '600013', 'GTSI1215', 1);
INSERT INTO turma VALUES (10, '610002', 'GTSI1221', 1);
INSERT INTO turma VALUES (11, '690020', 'GTSI1222', 1);
INSERT INTO turma VALUES (12, '640018', 'GTSI1223', 1);
INSERT INTO turma VALUES (13, '640018', 'GTSI1224', 1);
INSERT INTO turma VALUES (14, '630010', 'GTSI1231', 1);
INSERT INTO turma VALUES (15, '620008', 'GTSI1232', 1);
INSERT INTO turma VALUES (16, '620009', 'GTSI1233', 1);
INSERT INTO turma VALUES (17, '630011', 'GTSI1234', 1);
INSERT INTO turma VALUES (18, '630013', 'GTSI1235', 1);
INSERT INTO turma VALUES (19, '600011', 'GTSI1254', 1);
INSERT INTO turma VALUES (20, '600010', 'GTSI1273', 1);
INSERT INTO turma VALUES (21, '600024', 'GTSI1277', 1);
INSERT INTO turma VALUES (22, '600002', 'GTSI1301', 1);
INSERT INTO turma VALUES (23, '600005', 'GTSI1302', 1);
INSERT INTO turma VALUES (24, '620005', 'GTSI7311', 1);
INSERT INTO turma VALUES (25, '620006', 'GTSI7312', 1);
INSERT INTO turma VALUES (26, '640020', 'GTSI7415', 1);
INSERT INTO turma VALUES (27, '630011', 'GTSI7418', 1);
INSERT INTO turma VALUES (28, '640014', 'GTSI7518', 1);
INSERT INTO turma VALUES (29, '650001', 'GTSI7519', 1);
INSERT INTO turma VALUES (30, '680002', 'GTSI7520', 1);
INSERT INTO turma VALUES (31, '630020', 'GTSI7521', 1);
INSERT INTO turma VALUES (32, '640017', 'GTSI7523', 1);
INSERT INTO turma VALUES (33, '600008', 'GTSI7624', 1);
INSERT INTO turma VALUES (34, '680003', 'GTSI7625', 1);
INSERT INTO turma VALUES (35, '640019', 'GTSI7626', 1);
INSERT INTO turma VALUES (36, '660000', 'GTSI7627', 1);
INSERT INTO turma VALUES (37, '690010', 'GTSI7628', 1);
INSERT INTO turma VALUES (38, '690011', 'GTSI7629', 1);
INSERT INTO turma VALUES (39, '600030', 'GTSI7702', 1);


--
-- Data for Name: usuario; Type: TABLE DATA; Schema: public; Owner: -
--

INSERT INTO usuario VALUES (1, '1111015WEB', 'Hugo Pinheiro de Aguiar', '1111015WEB');
INSERT INTO usuario VALUES (2, '1111011WEB', 'Jose da Silva', '1111011WEB');
INSERT INTO usuario VALUES (3, '1110318WEB', 'Antonia de Souza da Silva', '1110318WEB');
INSERT INTO usuario VALUES (4, '1116162WEB', 'Joao Cesar Miranda', '1116162WEB');
INSERT INTO usuario VALUES (5, '1113566WEB', 'Lucia de Souza Albuquerque', '1113566WEB');
INSERT INTO usuario VALUES (6, '1111352WEB', 'Laura Cesar de Souza', '1111352WEB');
INSERT INTO usuario VALUES (7, '1113481WEB', 'Sandro de Oliveira Miranda', '1113481WEB');
INSERT INTO usuario VALUES (8, '1115254WEB', 'Ana de Paula da Silva', '1115254WEB');
INSERT INTO usuario VALUES (9, '1116402WEB', 'Cesar da Silva da Silva', '1116402WEB');
INSERT INTO usuario VALUES (10, '1115462WEB', 'Lucia de Paula Cesar', '1115462WEB');
INSERT INTO usuario VALUES (11, '1117463WEB', 'Cesar de Oliveira da Silva', '1117463WEB');
INSERT INTO usuario VALUES (12, '1115574WEB', 'Paulo Cesar Miranda', '1115574WEB');
INSERT INTO usuario VALUES (13, '1114490WEB', 'Jose Cesar Cesar', '1114490WEB');
INSERT INTO usuario VALUES (14, '1112971WEB', 'Paulo de Almeida de Oliveira', '1112971WEB');
INSERT INTO usuario VALUES (15, '1112916WEB', 'Ana da Silva de Souza', '1112916WEB');
INSERT INTO usuario VALUES (16, '1119489WEB', 'Lucia Albuquerque Cesar', '1119489WEB');
INSERT INTO usuario VALUES (17, '1111440WEB', 'Antonio de Paula da Silva', '1111440WEB');
INSERT INTO usuario VALUES (18, '1118426WEB', 'Lucia de Almeida da Silva', '1118426WEB');
INSERT INTO usuario VALUES (19, '1116455WEB', 'Laura Miranda Cesar', '1116455WEB');
INSERT INTO usuario VALUES (20, '1110183WEB', 'Maria Miranda de Oliveira', '1110183WEB');
INSERT INTO usuario VALUES (21, '1114369WEB', 'Lucia de Oliveira Miranda', '1114369WEB');
INSERT INTO usuario VALUES (22, '1118140WEB', 'Jose de Paula Cesar', '1118140WEB');
INSERT INTO usuario VALUES (23, '1115139WEB', 'Jose de Almeida Cesar', '1115139WEB');
INSERT INTO usuario VALUES (24, '1112454WEB', 'Maria da Silva de Oliveira', '1112454WEB');
INSERT INTO usuario VALUES (25, '1111001WEB', 'Paulo Cesar de Paula', '1111001WEB');
INSERT INTO usuario VALUES (26, '1112054WEB', 'Sandro de Souza Miranda', '1112054WEB');
INSERT INTO usuario VALUES (27, '1115756WEB', 'Antonia de Almeida de Paula', '1115756WEB');
INSERT INTO usuario VALUES (28, '1110374WEB', 'Joao de Oliveira Albuquerque', '1110374WEB');
INSERT INTO usuario VALUES (29, '1119911WEB', 'Jose da Silva Miranda', '1119911WEB');
INSERT INTO usuario VALUES (30, '1110918WEB', 'Lucia Cesar da Silva', '1110918WEB');
INSERT INTO usuario VALUES (31, '1119758WEB', 'Sandro de Paula Albuquerque', '1119758WEB');
INSERT INTO usuario VALUES (32, '1114267WEB', 'Joao de Paula de Souza', '1114267WEB');
INSERT INTO usuario VALUES (33, '1117480WEB', 'Joao Cesar de Almeida', '1117480WEB');
INSERT INTO usuario VALUES (34, '1110936WEB', 'Joao de Paula de Souza', '1110936WEB');
INSERT INTO usuario VALUES (35, '1117221WEB', 'Ana Albuquerque de Almeida', '1117221WEB');
INSERT INTO usuario VALUES (36, '1113974WEB', 'Paulo da Silva de Almeida', '1113974WEB');
INSERT INTO usuario VALUES (37, '1119159WEB', 'Lucia Cesar Cesar', '1119159WEB');
INSERT INTO usuario VALUES (38, '1111769WEB', 'Antonio de Oliveira Cesar', '1111769WEB');
INSERT INTO usuario VALUES (39, '1118916WEB', 'Antonio Miranda Miranda', '1118916WEB');
INSERT INTO usuario VALUES (40, '1110806WEB', 'Jose de Souza de Souza', '1110806WEB');
INSERT INTO usuario VALUES (41, '1116990WEB', 'Joao de Oliveira da Silva', '1116990WEB');
INSERT INTO usuario VALUES (42, '1114844WEB', 'Sandro Cesar Cesar', '1114844WEB');
INSERT INTO usuario VALUES (43, '1113782WEB', 'Joao Cesar Cesar', '1113782WEB');
INSERT INTO usuario VALUES (44, '1119122WEB', 'Ana da Silva Cesar', '1119122WEB');
INSERT INTO usuario VALUES (45, '1117196WEB', 'Ana de Paula Albuquerque', '1117196WEB');
INSERT INTO usuario VALUES (46, '1113687WEB', 'Paulo de Paula de Almeida', '1113687WEB');
INSERT INTO usuario VALUES (47, '1114678WEB', 'Antonia Miranda de Paula', '1114678WEB');
INSERT INTO usuario VALUES (48, '1118269WEB', 'Paulo de Oliveira de Oliveira', '1118269WEB');
INSERT INTO usuario VALUES (49, '1116285WEB', 'Jose Cesar de Paula', '1116285WEB');
INSERT INTO usuario VALUES (50, '1115983WEB', 'Jose Albuquerque da Silva', '1115983WEB');
INSERT INTO usuario VALUES (51, '1113450WEB', 'Sandro Cesar de Oliveira', '1113450WEB');
INSERT INTO usuario VALUES (52, '1113969WEB', 'Paulo de Paula Cesar', '1113969WEB');
INSERT INTO usuario VALUES (53, '12345', 'Eduardo Bezerra', '12345');


--
-- Name: alternativa_pkey; Type: CONSTRAINT; Schema: public; Owner: -; Tablespace: 
--

ALTER TABLE ONLY alternativa
    ADD CONSTRAINT alternativa_pkey PRIMARY KEY (id);


--
-- Name: aluno_pkey; Type: CONSTRAINT; Schema: public; Owner: -; Tablespace: 
--

ALTER TABLE ONLY aluno
    ADD CONSTRAINT aluno_pkey PRIMARY KEY (id);


--
-- Name: aluno_questionario_questionarios_id_key; Type: CONSTRAINT; Schema: public; Owner: -; Tablespace: 
--

ALTER TABLE ONLY aluno_questionario
    ADD CONSTRAINT aluno_questionario_questionarios_id_key UNIQUE (questionarios_id);


--
-- Name: aluno_turma_pkey; Type: CONSTRAINT; Schema: public; Owner: -; Tablespace: 
--

ALTER TABLE ONLY aluno_turma
    ADD CONSTRAINT aluno_turma_pkey PRIMARY KEY (aluno_id, turmas_id);


--
-- Name: disciplina_pkey; Type: CONSTRAINT; Schema: public; Owner: -; Tablespace: 
--

ALTER TABLE ONLY disciplina
    ADD CONSTRAINT disciplina_pkey PRIMARY KEY (codigo);


--
-- Name: professor_pkey; Type: CONSTRAINT; Schema: public; Owner: -; Tablespace: 
--

ALTER TABLE ONLY professor
    ADD CONSTRAINT professor_pkey PRIMARY KEY (id);


--
-- Name: questao_pkey; Type: CONSTRAINT; Schema: public; Owner: -; Tablespace: 
--

ALTER TABLE ONLY questao
    ADD CONSTRAINT questao_pkey PRIMARY KEY (id);


--
-- Name: questionario_pkey; Type: CONSTRAINT; Schema: public; Owner: -; Tablespace: 
--

ALTER TABLE ONLY questionario
    ADD CONSTRAINT questionario_pkey PRIMARY KEY (id);


--
-- Name: questionario_resposta_respostas_id_key; Type: CONSTRAINT; Schema: public; Owner: -; Tablespace: 
--

ALTER TABLE ONLY questionario_resposta
    ADD CONSTRAINT questionario_resposta_respostas_id_key UNIQUE (respostas_id);


--
-- Name: resposta_pkey; Type: CONSTRAINT; Schema: public; Owner: -; Tablespace: 
--

ALTER TABLE ONLY resposta
    ADD CONSTRAINT resposta_pkey PRIMARY KEY (id);


--
-- Name: semestre_letivo_pkey; Type: CONSTRAINT; Schema: public; Owner: -; Tablespace: 
--

ALTER TABLE ONLY semestre_letivo
    ADD CONSTRAINT semestre_letivo_pkey PRIMARY KEY (id);


--
-- Name: turma_pkey; Type: CONSTRAINT; Schema: public; Owner: -; Tablespace: 
--

ALTER TABLE ONLY turma
    ADD CONSTRAINT turma_pkey PRIMARY KEY (id);


--
-- Name: usuario_pkey; Type: CONSTRAINT; Schema: public; Owner: -; Tablespace: 
--

ALTER TABLE ONLY usuario
    ADD CONSTRAINT usuario_pkey PRIMARY KEY (id);


--
-- Name: fk1a5d1721374cddf5; Type: FK CONSTRAINT; Schema: public; Owner: -
--

ALTER TABLE ONLY resposta
    ADD CONSTRAINT fk1a5d1721374cddf5 FOREIGN KEY (semestreletivo_id) REFERENCES semestre_letivo(id);


--
-- Name: fk1a5d1721e175aeff; Type: FK CONSTRAINT; Schema: public; Owner: -
--

ALTER TABLE ONLY resposta
    ADD CONSTRAINT fk1a5d1721e175aeff FOREIGN KEY (turma_id) REFERENCES turma(id);


--
-- Name: fk1a5d1721e210b8bf; Type: FK CONSTRAINT; Schema: public; Owner: -
--

ALTER TABLE ONLY resposta
    ADD CONSTRAINT fk1a5d1721e210b8bf FOREIGN KEY (alternativa_id) REFERENCES alternativa(id);


--
-- Name: fk1a5d1721f603d5df; Type: FK CONSTRAINT; Schema: public; Owner: -
--

ALTER TABLE ONLY resposta
    ADD CONSTRAINT fk1a5d1721f603d5df FOREIGN KEY (questao_id) REFERENCES questao(id);


--
-- Name: fk2f23c2d153ca793f; Type: FK CONSTRAINT; Schema: public; Owner: -
--

ALTER TABLE ONLY aluno_turma
    ADD CONSTRAINT fk2f23c2d153ca793f FOREIGN KEY (aluno_id) REFERENCES aluno(id);


--
-- Name: fk2f23c2d1d07d5016; Type: FK CONSTRAINT; Schema: public; Owner: -
--

ALTER TABLE ONLY aluno_turma
    ADD CONSTRAINT fk2f23c2d1d07d5016 FOREIGN KEY (turmas_id) REFERENCES turma(id);


--
-- Name: fk3b7cccba49a6e6e; Type: FK CONSTRAINT; Schema: public; Owner: -
--

ALTER TABLE ONLY aluno
    ADD CONSTRAINT fk3b7cccba49a6e6e FOREIGN KEY (id) REFERENCES usuario(id);


--
-- Name: fk4c79745374cddf5; Type: FK CONSTRAINT; Schema: public; Owner: -
--

ALTER TABLE ONLY turma
    ADD CONSTRAINT fk4c79745374cddf5 FOREIGN KEY (semestreletivo_id) REFERENCES semestre_letivo(id);


--
-- Name: fk4c79745e4e231f3; Type: FK CONSTRAINT; Schema: public; Owner: -
--

ALTER TABLE ONLY turma
    ADD CONSTRAINT fk4c79745e4e231f3 FOREIGN KEY (disciplina_codigo) REFERENCES disciplina(codigo);


--
-- Name: fk63c7a323253a7595; Type: FK CONSTRAINT; Schema: public; Owner: -
--

ALTER TABLE ONLY questionario_resposta
    ADD CONSTRAINT fk63c7a323253a7595 FOREIGN KEY (questionario_id) REFERENCES questionario(id);


--
-- Name: fk63c7a3232fb1e4a4; Type: FK CONSTRAINT; Schema: public; Owner: -
--

ALTER TABLE ONLY questionario_resposta
    ADD CONSTRAINT fk63c7a3232fb1e4a4 FOREIGN KEY (respostas_id) REFERENCES resposta(id);


--
-- Name: fk69f5e64fa49a6e6e; Type: FK CONSTRAINT; Schema: public; Owner: -
--

ALTER TABLE ONLY professor
    ADD CONSTRAINT fk69f5e64fa49a6e6e FOREIGN KEY (id) REFERENCES usuario(id);


--
-- Name: fk7fe291fd374cddf5; Type: FK CONSTRAINT; Schema: public; Owner: -
--

ALTER TABLE ONLY questionario
    ADD CONSTRAINT fk7fe291fd374cddf5 FOREIGN KEY (semestreletivo_id) REFERENCES semestre_letivo(id);


--
-- Name: fk7fe291fd53ca793f; Type: FK CONSTRAINT; Schema: public; Owner: -
--

ALTER TABLE ONLY questionario
    ADD CONSTRAINT fk7fe291fd53ca793f FOREIGN KEY (aluno_id) REFERENCES aluno(id);


--
-- Name: fk7fe291fde175aeff; Type: FK CONSTRAINT; Schema: public; Owner: -
--

ALTER TABLE ONLY questionario
    ADD CONSTRAINT fk7fe291fde175aeff FOREIGN KEY (turma_id) REFERENCES turma(id);


--
-- Name: fkd7b490f153ca793f; Type: FK CONSTRAINT; Schema: public; Owner: -
--

ALTER TABLE ONLY aluno_questionario
    ADD CONSTRAINT fkd7b490f153ca793f FOREIGN KEY (aluno_id) REFERENCES aluno(id);


--
-- Name: fkd7b490f18066dc; Type: FK CONSTRAINT; Schema: public; Owner: -
--

ALTER TABLE ONLY aluno_questionario
    ADD CONSTRAINT fkd7b490f18066dc FOREIGN KEY (questionarios_id) REFERENCES questionario(id);


--
-- Name: fkf6aff23a5f49dede; Type: FK CONSTRAINT; Schema: public; Owner: -
--

ALTER TABLE ONLY questao_alternativa
    ADD CONSTRAINT fkf6aff23a5f49dede FOREIGN KEY (alternativas_id) REFERENCES alternativa(id);


--
-- Name: fkf6aff23af603d5df; Type: FK CONSTRAINT; Schema: public; Owner: -
--

ALTER TABLE ONLY questao_alternativa
    ADD CONSTRAINT fkf6aff23af603d5df FOREIGN KEY (questao_id) REFERENCES questao(id);


--
-- Name: public; Type: ACL; Schema: -; Owner: -
--

REVOKE ALL ON SCHEMA public FROM PUBLIC;
REVOKE ALL ON SCHEMA public FROM teammobile;
GRANT ALL ON SCHEMA public TO teammobile;


--
-- PostgreSQL database dump complete
--

